S.No,Sentence,Annotator 1,Annotator 2,IAA,Char_Length,Word_Count,Is_English,label
1,with such eloquent and compelling arguments as this i'm surprised it hasn't happened already.,Sarcastic,Sarcastic,Agree,93,14,True,Sarcastic
2,"fantasy,fairy tale, wild imagination, adsurd , silly , ridiculous,fabricated .unsupported by one single observation or experiment , unsubstantiated. i do agree we don't speak the same language. no one will explain to me how one steals public information, i am confused. how is work shady? how would you define shady as opposed to rather shady when it refers to work? i thought bookmaking etc. was shady but i am old fashioned i guess. please educate me. is this a meaningfull reprimand coming from someone who believes one can observe a mind? you still have refused to explain that and i was so anxious to hear it. please go on.",Non-Sarcastic,Non-Sarcastic,Agree,628,109,True,Non-Sarcastic
3,"'if carrying guns became legal, then police could no longer arrest people for carrying guns illegally!' emoticonxrolleyes really? i suppose you'd be happier if only the 'bad guys' were armed, because that would make them easier to identify.",Sarcastic,Sarcastic,Agree,240,38,True,Sarcastic
5,"Poor little poopie. 
If your gay sex agenda wasn't of the devil himself you might be better received in the world.",Sarcastic,Sarcastic,Agree,115,21,True,Sarcastic
6,":p I wish! If I did, I'd be as wealthy as the Church, who does. emoticonXHoho",Sarcastic,Sarcastic,Agree,77,16,True,Sarcastic
9,"Bang your head long enough, it might knock some sense into it. How about Palin's self imp...appointed defenders answer the valid questions?
Isly proved nothing.",Sarcastic,Sarcastic,Agree,161,25,True,Sarcastic
10,The first half of the above post you're being purposefully thick. The last part is just dumb and not at all based in reality!,Sarcastic,Sarcastic,Agree,125,24,True,Sarcastic
13,"Quote Mining. You got to love it. Always fascinating when stuff is dishonestly taken out of context. Normally, we see this from creationists, but you are by no means the first prolifer who has engaged in this practice. But lets look at it",Sarcastic,Sarcastic,Agree,238,43,True,Sarcastic
14,i'm surprised that some of the more frothing liberals here have not yet suggested that we now have a way of tracking and potentially treating the 'abnormal' brains of conservatives.,Sarcastic,Sarcastic,Agree,181,30,True,Sarcastic
15,"Well, actually society has said that 18 is the dividing line. It can then also say, that under certain circumstances, for a particularly bad person, in some cases it will be considered if the person is 16 or 17. That's why we have all the judges and lawyers, etc...",Non-Sarcastic,Non-Sarcastic,Agree,265,49,True,Non-Sarcastic
16,Why do you find it necessary to fit observations to Genesis?   or why it makes perfect sense to design creatures that resemble humans but have them evolve from things that look like apes? and so on?   Are you saying that mankind is the original goal of evolution?,Non-Sarcastic,Non-Sarcastic,Agree,263,47,True,Non-Sarcastic
17,"it's actually not a fundie site, it is a catholic site, tradition in action. in the 'about us': not exactly where i would first think of looking for information about human sexuality.  but that's me. hey, arch, have you ever considered getting scientific information from a scientific source??? just a thought.",Sarcastic,Sarcastic,Agree,310,51,True,Sarcastic
19,And they can be. Increases in complexity are readily achieved via incremental change.,Non-Sarcastic,Non-Sarcastic,Agree,85,13,True,Non-Sarcastic
20,"I argue against them with regards to whatever argument they muster. Do we have any of those on this message board? Because from what I can see, it's primarily the ""religious"" argument counter...",Non-Sarcastic,Non-Sarcastic,Agree,194,33,True,Non-Sarcastic
22,"[quote=gansao;461336] darling, you're the b****, i was addressing. a bigamist? doing drugs so early in the day? try to make sense, even if it's a first attempt.",Sarcastic,Sarcastic,Agree,160,27,True,Sarcastic
23,"Because self-defence, unlike most other 'reasons', automatically allows all citizens firearm access, and in most cases allows firearm acess without mandatory training/evaluation. When this occurs, you are much more likely to get misuse of firearms.If you read around you'll see that I consider all rights as needing justification. This comes both from my stance as a relativist and as a UK citizen, where there is no formalised Constitution. Ask yourself this - if a right cannot be justified, why should it be treated as a 'right'?",Non-Sarcastic,Non-Sarcastic,Agree,532,86,True,Non-Sarcastic
24,"Never thought of that. If that ""person"" has rights, do they have responsibilities? Could a fetus be charged for causing toxemia? How about suing the little tyke for giving mom varicose veins and stretch marks?",Sarcastic,Sarcastic,Agree,209,35,True,Sarcastic
25,So what are some examples of restrictive gun laws in South Africa? The people in South Africa think their gun laws are not strict enough. In one of your previous posts you seem determined to use South Africa as evidence that outlawing guns doesn't work. But gun ownership is still legal there.,Non-Sarcastic,Non-Sarcastic,Agree,293,52,True,Non-Sarcastic
26,"And of course the Bible or rather the HUMAN author would say that....
",Sarcastic,Sarcastic,Agree,71,13,True,Sarcastic
27,"..... yeah i guess so, if you're willing to prescribe them the property of an independent 'human being'.",Sarcastic,Sarcastic,Agree,104,18,True,Sarcastic
29,I didn't think you had either the intellectual or logical ability to respond. :),Sarcastic,Sarcastic,Agree,80,14,True,Sarcastic
30,"i love how you reply without putting any thought into your post, it is awesome. the answer to my question was no. your computer screen is not absorbing light from the sun and reflecting the color yellow back to you. thanks for playing, you lose. we know you don't actually believe in science, so you can stop trying to quote it.",Sarcastic,Sarcastic,Agree,328,61,True,Sarcastic
31,"Well, my daughter cut her chin (in the U.S.), which required some stitches. My wife arrived to the emergency room with my daughter around 6:30 PM. We did not come back home until after midnight.",Non-Sarcastic,Non-Sarcastic,Agree,194,35,True,Non-Sarcastic
32,"which one is this brady? the discredited kellerman study by the discredited kellerman? or the opinion piece of the rabidly anti-gun brady campaign? cite your sources. and answer the damn question already. is self-defense with a firearm an immoral act? it's not rocket science, there's only two answers; yes or no.",Sarcastic,Sarcastic,Agree,313,51,True,Sarcastic
34,query: why do they call the followers of gush limpbutt the addict 'dittoheads'? answer: they have no ideas of their own. think gush & cindy have the same supplier?  now there's a capitalist we all can admire!!,Sarcastic,Sarcastic,Agree,209,37,True,Sarcastic
35,Nobody should be forced to even have a sonagram. I think that you'll find reasonable pro-life and pro-abortion people believe that much.,Non-Sarcastic,Non-Sarcastic,Agree,136,22,True,Non-Sarcastic
36,i am surprised that some of the more conservative christians are not weighing in on source of some of the christian terminology and concepts.,Non-Sarcastic,Non-Sarcastic,Agree,141,24,True,Non-Sarcastic
37," but it is the best theory besides evolution. If evolution isn't true  somebody please come up with a new theory to compete with creation. Right here  please  I would like to know what is option #2 for Atheism."" Just out of interest, which version of creation are you talking about? ",Non-Sarcastic,Non-Sarcastic,Agree,283,50,True,Non-Sarcastic
38,I think that case was in Georgia (a different state) and so far as I know homosexuality was not involved. However if you want to worry about a legal case you need to look at Dover Pa. Not the sticker case in Cobb County.,Non-Sarcastic,Non-Sarcastic,Agree,220,44,True,Non-Sarcastic
40,"The Bible. God did not write the Bible, he inspired the people to write it. You are right, no logical contradiction exists.   What is option C? I thought there were only evo or creo to choose from.",Non-Sarcastic,Non-Sarcastic,Agree,197,37,True,Non-Sarcastic
41,"I believe Alan Keyes already have used that term on us.   (Alan Keyes, the ultra-concervative Republican Candidate for the Illinois Senate seat - in opposition to Barack Obama. The Maryland resident the Republican party had to recruit because they couldn't find anyone else in their right mind who would go against Barack. Also the very same Maryland resident/Television talkshow host who beratted Hilary Clinton for moving to NY and expecting to be able to ""represent"" NY'ers. Yeah, look who's the hypocrit now.)",Sarcastic,Sarcastic,Agree,513,82,True,Sarcastic
42,"do we want to have control over ourselves? some religios fanatics dont, and thats what im saying. i dont know much on this matter, im only 14. but, ive been to a conservative catholic school, and ive seen what it's like. its a narrow minded hellhole.",Non-Sarcastic,Non-Sarcastic,Agree,250,46,True,Non-Sarcastic
43,Welcome to CuckooLand. Old Sarge will serve as your welcoming committee.,Sarcastic,Sarcastic,Agree,72,11,True,Sarcastic
44,"Yet Bush's military record is downright questionable, as well as his Saudi Links, not to mention his business failures.",Non-Sarcastic,Non-Sarcastic,Agree,119,19,True,Non-Sarcastic
46,not according the SCJ of Mass. This was part of the grounds of their ruling FOR marriage in Mass.,Non-Sarcastic,Non-Sarcastic,Agree,97,19,True,Non-Sarcastic
47,None... unless she uses abortion as a form of birth control and has them regularly.,Non-Sarcastic,Non-Sarcastic,Agree,83,15,True,Non-Sarcastic
48,"In the split second something happens, we must protect ourselves.",Non-Sarcastic,Non-Sarcastic,Agree,65,10,True,Non-Sarcastic
49,"A lot of work has been done on that topic. I would recommend reading Debating Design from Darwin to DNA It is a monster of a book, but it is definitely worth the read.",Non-Sarcastic,Non-Sarcastic,Agree,167,34,True,Non-Sarcastic
50,"Actually ""I don't know"" is quite a valid answer in science.However, again you slip into this false construct of a belief that all that can be known is in the scope of science; which you've also denied saying you believe in the past.[quote=Montalban]Is this a rational statement? If so, prove it rationally, by science. ",Non-Sarcastic,Non-Sarcastic,Agree,319,54,True,Non-Sarcastic
51,"Not all christians are nuts. But this fellow. I suppose he will next say that the cause of the global warming is really hell encroaching on physical reality.
Huck",Sarcastic,Sarcastic,Agree,163,29,True,Sarcastic
52,"Again, we never said that a human fetus was a different species.",Non-Sarcastic,Non-Sarcastic,Agree,64,12,True,Non-Sarcastic
53,"Actually, the process of fossilisation is not slow and can be done relatively quickly. All what you need is for sediments to quickly cover a dead (or an alive body - as what would have happened to Noah's Flood) and hence, fossilsation can occur rapidly; evolutionarly speaking, fossils take millions of years to fossilise a bone, but unless the bone is covered by sediments quickly, the bone will never fossilise. ",Non-Sarcastic,Non-Sarcastic,Agree,414,70,True,Non-Sarcastic
54,"If one can't attempt to falsify a theory then it is not open to science and therfore useless to science.
 
 It becomes simply an untestable belief.",Non-Sarcastic,Non-Sarcastic,Agree,149,26,True,Non-Sarcastic
55,"Yes, you also have to admire his philosophy on this: go against my opinion and physical harm will befall you.   Who needs reason when you can threaten your opponents with death?",Sarcastic,Sarcastic,Agree,177,31,True,Sarcastic
56,"Their ""ultimate reality"" is that some higher authority may exist. It's still an ""ultimate reality"" to them. Definitely a religion.",Non-Sarcastic,Non-Sarcastic,Agree,130,20,True,Non-Sarcastic
57,"I think you need to answer the same question I asked the other guy, who is God?",Non-Sarcastic,Non-Sarcastic,Agree,79,17,True,Non-Sarcastic
58,"much more is happening in the world today than your little gay crusade matthew. but keep your single issue, and totally limited perspective in life, that's what you're good at. could you post where i said that revelation speaks to the rcc vs the protestant reformation ms ? as christ was a jew trebor, his followers wont ever cease to exist, just as god has preserved the jew according to his promises. i'm surprised you can't appreciate that my friend.",Sarcastic,Sarcastic,Agree,453,80,True,Sarcastic
59,"**
Apparently you refuse to accept the fact that in English the words ""test"" and ""measure"" are NOT synonymous. Duh!!
",Sarcastic,Sarcastic,Agree,119,20,True,Sarcastic
62,"Invalid argument to assert that mutations can map a road outside of their assigned task in illogical, where would the information to do so come from? Biology works because every individual cell doing what it was created to do along with what the one next to it was, though created to perform another set of instructions creates the molecular change that the combination of the cells together would produce. But there is no additional information there... not int he way you assert.",Non-Sarcastic,Non-Sarcastic,Agree,481,82,True,Non-Sarcastic
63,"If it was her head, I'd say implode. Air rushes in to fill a vacuum. ;)",Sarcastic,Sarcastic,Agree,71,16,True,Sarcastic
66,I'll give you that one...only because I think by then women will be able to place their fertilized ovums in banks.   But then again they said the same thing about robot servants and flying cars too!,Sarcastic,Sarcastic,Agree,198,36,True,Sarcastic
68,"btw, jazyjason, before you edited out your complimentary comment about howard dean. just wanted to say i'm surprised you said anything to associate yourself thus with a such an irrational far left commie. must stay with the mudflingers and lynch mobs and, especially if they're jesus lovers, ya know. so ... i understand why you took it down. merry christmas.",Sarcastic,Sarcastic,Agree,359,60,True,Sarcastic
69,"Well hey, if you want the analogy, ya gotta live with where it bites ya ... emoticonXGood",Sarcastic,Sarcastic,Agree,89,17,True,Sarcastic
70,"Nope, you're posting your own BS.. and just making yourself look more stupid than you are.. if that's possible...
emoticonXCryemoticonXCryemoticonXCryemoticonXCryemoticonXCryemoticonXCryemoticonXCryemoticonXCry
How's your Uncle EZridden.. haven't seen him today...emoticonXKill",Sarcastic,Sarcastic,Agree,279,28,True,Sarcastic
72,Hehe.   Putting political messages on such things seems retarded to me though.   -Wez,Sarcastic,Sarcastic,Agree,85,13,True,Sarcastic
74,"he's one of your allies, so i'm surprised you'd think so.",Sarcastic,Sarcastic,Agree,57,11,True,Sarcastic
77,"Yup. Give me an example of a true inaccuracy, instead of working to poke fun. Do you honestly think anyone will take you seriously (except the evolutionists) if you don't provide reasons for your apparent problem with scriptures. Are you scared because you see the ""ancients"" commenting on subjects you thought science had ""discovered"" since the ""enlightenment""? Man, how arrogant can you get? You remind me of the Pharasees. Arrogant presuppositions are no substitue for confronting your ignorance my friend. Either explain how the Bible speaks accurately on sophisticated subjects as given above, or don't bother posting.",Sarcastic,Sarcastic,Agree,623,97,True,Sarcastic
78,"AGREED!!!!That has to be BY FAR the best series I've ever read!Also, Asimov's Foundation triligoy is good. And again, the classics:Fahrenheit 4511984Catcher in the Rye...and all those other depressing books...",Non-Sarcastic,Non-Sarcastic,Agree,209,30,True,Non-Sarcastic
81,So have you found figures pertaining to the rate of mountain growth? It is not enough to see with the naked eye the way erosion is. This explanation would also cause some mountains to fall as tectonic plates move away from eachother. Again after billions of years all rivers in existence would be deeper than those in the grand canyon without the material coming down from mountains.,Sarcastic,Sarcastic,Agree,383,67,True,Sarcastic
83,"Well if it's so easy then how about you provide the names of the dealers who're selling howitzers and anti-aircraft missiles and fragmentation grenades? And while you're at it, supply the names of the companies who're making them in violation of the various federal restrictions.",Sarcastic,Sarcastic,Agree,279,45,True,Sarcastic
84,"Actually, selection occurs by differential reproductive rates. What this means is that organisms which reproduce more will have more offspring than the others (obviously). Therefore, traits that help organisms reproduce will become more prevailant.",Sarcastic,Sarcastic,Agree,248,34,True,Sarcastic
85,"There is a point, however, that the fetal lung is not mature enough to survive outside the womb even with mechanical assistance. So, unless our technology will be pretty radically different in the future, it isn't about getting it out, it's about it not surviving when it is out.",Non-Sarcastic,Non-Sarcastic,Agree,279,49,True,Non-Sarcastic
87,"And there we go again. Re-read the bit about dancing around the land mines, if you in fact did read it the first time.",Sarcastic,Sarcastic,Agree,118,24,True,Sarcastic
88,But the military is pretty much all a volunteer thing. It's not a hiring process--employer/employee thing. That arrangement lends itself more to the soldier not volunteering for service in the first place.,Sarcastic,Sarcastic,Agree,205,32,True,Sarcastic
89,"Well let's put it this way. I really like playing baseball. So I put in a law that says everyone has to play baseball unless they're in a position where it will threaten their life. Since it's such a wonderful thing no one should have any problem with a law passed, right?",Sarcastic,Sarcastic,Agree,272,52,True,Sarcastic
91,You could put the stranger out even if they had nowhere to go and it was freezing cold out.,Sarcastic,Sarcastic,Agree,91,19,True,Sarcastic
92,As long as it resides within said woman - you bet. Kind of like you get to decide the rules for your house and who you are gonna let in the door OR throw out when they become detrimental to your household in some way.,Sarcastic,Sarcastic,Agree,217,45,True,Sarcastic
93,"i'm surprised. i was sure you'd have read her essays on capitalism, but i guess only so many books are required before you can defend proper economics.",Sarcastic,Sarcastic,Agree,151,27,True,Sarcastic
94,And the ability to digest nylon is not a new function?? You seem to have a different conception of 'new function' that what matches with reality.,Sarcastic,Sarcastic,Agree,145,26,True,Sarcastic
95,"How refreshing. Sadly for you and like-minded ""patriots"", you cannot tell citizens where they ""should go"", except figuratively.",Sarcastic,Sarcastic,Agree,127,18,True,Sarcastic
98,"Because there's absolutely no due process in this proposal. Your name is on the list, your rights are revoked. That's not due process. There's no court of law, no trial, no verdict, no attorneys, no chance for the accused to defend themselves, etc. We still haven't forgotten the Homeland Security memo that said veterans and those opposed to abortion could be potential terrorists.",Sarcastic,Sarcastic,Agree,382,63,True,Sarcastic
99,Finally someone answered the question. Thanks. I thought it might be the government.Does your government attempt to do this?What do you think about other democratic nations that have citizens that are less armed? Do you think that they're in danger - or is it only the American government that's out to do this?,Sarcastic,Sarcastic,Agree,311,53,True,Sarcastic
100,"I think bringing ""emotions"" into the question of whether God exists or not tends to cloud the issue a bit.Isn't the essence of atheism a rational enquiry which concludes that in the absence of any credible evidence, there is no reason to believe in God ? An emotional attachment to ""non-belief"" would be irrelevant (and irrational).",Sarcastic,Sarcastic,Agree,332,56,True,Sarcastic
102,"i love it when 'heathens' try to tell me what my religion does or doesn't do. emoticonxrolleyes  ah yes, here come the personal attacks. duo must be getting desperate again.",Sarcastic,Sarcastic,Agree,173,30,True,Sarcastic
103,From the Catholic Educators Resource Center...Yeah...I am sure there would be no myths in there...sure you're right. emoticonXRolleyes,Sarcastic,Sarcastic,Agree,134,18,True,Sarcastic
105,"Well, we have our head in the sand in more ways than one.",Sarcastic,Sarcastic,Agree,57,13,True,Sarcastic
106,"As I mentioned above, science curriculums follow paths. One's worldview plays heavily on one's interpretation of scientific data. An agnostic, or atheist teaching establishment can become satisfied with one path of scientific theories without searching for others. There may be more to be discovered about thermodynamics, cell structure, irreducible complexity, the decay rate of the earth's magnetic field, radiometric dating, the fossil record, and countless other things that a teaching establishment may not be interested in exploring, if it's comfortable with it's interpretation of current data's indications that the happenstance origins worldview is correct. It goes back to what we touched on before - teaching students HOW to think, not WHAT to think.",Non-Sarcastic,Non-Sarcastic,Agree,761,113,True,Non-Sarcastic
107,"Pure conjecture on your part. As a father of three, I have as much vested interest in my kids as my wife has. To suggest otherwise is BS. But, maybe you don't understand that because you haven't walked a mile in a father's shoes. emoticonXRolleyes",Sarcastic,Sarcastic,Agree,247,45,True,Sarcastic
109,O they don't make space anymore. They'll just put him in a cell with pot growers and crack addicts. He'll be lucky if he gets a spot on the floor to sleep on.,Sarcastic,Sarcastic,Agree,158,33,True,Sarcastic
111,"i love how your sources never support your point. well, i wasn't able to find out about the rebellions of christianity from your source, but it did show some positive points, so i guess that was good.",Sarcastic,Sarcastic,Agree,200,37,True,Sarcastic
112,maybe he'll unban himself on the third day (or was that three days and three nights...),Sarcastic,Sarcastic,Agree,87,16,True,Sarcastic
113,"wow, what a cool suggestion! yes, this has happened to me before. thank you for the idea! would the individual clarify in the debate itself or in a separate argument/posting?",Sarcastic,Sarcastic,Agree,174,30,True,Sarcastic
115,"Well, this guy is so bad ad arguing and so good at alienating people that if we sent him into the abortion forum, it is likely, he'd be so ineffective at defending his pro-life position thathe'd actually be contributing to the pro-choice position...",Sarcastic,Sarcastic,Agree,249,43,True,Sarcastic
116,"How is that a strawman? Your challenge directly relies upon something you assume to be proven, but has not been. Therefore even in a hypothetical stance, your underlying arguments are invalid, thus leading to everything else being invalid. You're not doing so well on this forum.",Sarcastic,Sarcastic,Agree,279,46,True,Sarcastic
118,"Well, this comes from the same people who invented the death pannels. The truth is that all the developed countries (all of Europe, Canada, Japan, Australia, New Zealand, Taiwan, Israel) have universal healthcare. Their COST per capita is about half of ours. They have better outcomes.Universal healthcare has been tried in many places and it does work. What does not work is our current system. Wellpoint has just increased premiums by 30% even wiyhout a reform bill. They spend 30% on administrative costs.BTW, do you oppose the bill that would force them to limit the administrative costs to 20%?",Non-Sarcastic,Non-Sarcastic,Agree,599,99,True,Non-Sarcastic
120,But how can we make rules without legal lines in sand? At least its better than an illegal line.,Sarcastic,Sarcastic,Agree,96,19,True,Sarcastic
123,"That's the best you could do? There's the other three and here's a bonus one:   'To disarm the people is the best, most effectual way, to enslave them.'   - George Mason",Non-Sarcastic,Non-Sarcastic,Agree,169,31,True,Non-Sarcastic
126,"Well, yes, the idea of an omnipotent being with a definable physical (or even mental) form has always struck me as a little... odd.",Sarcastic,Sarcastic,Agree,131,24,True,Sarcastic
128,"so you argue that for some women, abortion is the 'easy way out', and that those women choose to abort, take the easy way out as you say, for arbitrary reasons? could you please reiterate these reasons here (preferably in an enumerated list) and explain why they should be considered arbitrary? indeed. but we've established that supposing a higher profile in the media in no way entails an actual increase in incidents.  so i'll repeat the question, hearsay aside, upon what evidence do you base the assertion that more women are abandoning infants?",Sarcastic,Sarcastic,Agree,550,93,True,Sarcastic
129,"If that's truly what the organization says, then it's a hypocrite of an organization.",Sarcastic,Sarcastic,Agree,85,14,True,Sarcastic
130,So what this guy is saying is that he believes in natural selection but not evolution?,Sarcastic,Sarcastic,Agree,86,16,True,Sarcastic
131,"now isn't that a terribly socialistic position to take? but, i'm confused by it at the same time, for socialists like you don't really want to kill the goose that lays the golden eggs now do you? emoticonxrolleyes when logic fails, there's alway ad hominem, right? and the ad hominen continues..... we're larger, more diverse, more litigious, need i go on? leaving the continued ad hominem aside, one of the causes for our high healthcare costs is litigation. since the dnc survives on the money derived from the blood-sucking trial lawyers lobby, i don't see real reform occurring until we cut those purse strings along with the big pharma's.",Non-Sarcastic,Non-Sarcastic,Agree,643,109,True,Non-Sarcastic
132,"Oh I hated being pregnant. However I am not really arguing whether pregnancy in and of itself is punishment, I suspect that is an opinion matter - there are some crazy women who actually liked pregnancy. ;) Julie - however clearly feels that it is acceptable to use a pregnancy and parenting in a punitive matter against women she feels are irresponsible.",Sarcastic,Sarcastic,Agree,355,62,True,Sarcastic
136,"no, you just live on delusions.   you can't argue the merits of creationism on their own because they don't exist.   Creationism is a fraud regardless of the existance of evolution.",Sarcastic,Sarcastic,Agree,181,30,True,Sarcastic
138,Instant Tea Blog Archive Divorce rates higher in states with amendments banning gay marriage   Check out the stats at the above link.,Sarcastic,Sarcastic,Agree,133,22,True,Sarcastic
141,"Ah so you forfeit! YEAH, yea have little faith. Make me understand. Answer my valid questions! Or run and pray, but you'd be better off reading a Physics textbookemoticonXKill",Sarcastic,Sarcastic,Agree,175,29,True,Sarcastic
142,"In my lifetime, we've made huge strides, but there's a lot more to learn.",Sarcastic,Sarcastic,Agree,73,14,True,Sarcastic
143,"well, i am a north european. i thought all europeans opened presents on christmas eve, i thought opening them the morning on 25th was an american thing. but i guess i was wrong.",Sarcastic,Sarcastic,Agree,177,33,True,Sarcastic
146,"So let me get this right. To counter Accipiter's statement that you have the intellectual maturity of a 10 y/o, you string together a bunch of words that you don't understand in context that makes absolutely no sense? 
Point - set - match Accipiter.",Non-Sarcastic,Non-Sarcastic,Agree,250,44,True,Non-Sarcastic
147,"it depends on what kind of faith you are talking about. do you mean 'having faith' in actual things? if so, then most definately. although the world can sometimes be a cruel and horrible place, it can also be a fantastic one, and seeing that (as i'm an athiest) gives me some kind of 'faith' in the human capacity, society, etc (where as a religious person may well have the same reaction for their faith in god).",Sarcastic,Sarcastic,Agree,413,77,True,Sarcastic
148,I think you mean to say is hunters not liberal democrat hunters. Actualy I know of very few hunters that only have rifles or shot guns they usualy also have pistols to since you can hunt with them also.,Sarcastic,Sarcastic,Agree,202,39,True,Sarcastic
149,"You know what the funny thing is about all of the ""links"" that they have found between ape and man? I could easily find people today that look exactly like the ""links"" that scientists have found. Maybe you should try picking one ""link"" from the site that you gave me. I could give you creationist sites, but that wouldn't prove anything more than your site proved. Here's an alternative theory: creation by God.",Sarcastic,Sarcastic,Agree,411,73,True,Sarcastic
150,"You bet. Got a Scriptural problem with that, 'O ""jesus""? Or are you not familiar with your own inspired Word?",Non-Sarcastic,Non-Sarcastic,Agree,109,20,True,Non-Sarcastic
154,"He was referring to the mimivirus which does NOT act like any other virus. Some of you people need to study a little harder :) 
",Sarcastic,Sarcastic,Agree,129,25,True,Sarcastic
155,"Because when something passes every experiment thrown at it and when something fits observation better than anything else, then it's as near as damnit fact. We can get pedantic over this if you want, but the conclusion that reaches is that there are no facts.",Sarcastic,Sarcastic,Agree,259,45,True,Sarcastic
156,He is a hell of a lot wiser than thee.,Sarcastic,Sarcastic,Agree,38,10,True,Sarcastic
157,"i love how what you 'personally' feel is in direct conflict with acedemic studies. science says force = mass times acceleration, but i personally feel that force = velocity times volume, so that must be the right answer.",Sarcastic,Sarcastic,Agree,220,38,True,Sarcastic
158,"There ya go S&p, make sure you crumble under their combined criticisms of your honest opinion. Make sure you always say nothing that offends their gay sensibilities. You may think that's how to be excepted by them but it isn't. It's just the way people of the world like you float through without ever defending any absolute truths at all.",Non-Sarcastic,Non-Sarcastic,Agree,339,60,True,Non-Sarcastic
161,">_> one would think pulling the power, breaking into someone's house, and having raped her once and been reported would have been proof enough. 
What do you want a video of him raping her or something?",Sarcastic,Sarcastic,Agree,202,36,True,Sarcastic
162,"The bible account is incomplete - Noah had two boats, the ark, and the arkuarium.",Sarcastic,Sarcastic,Agree,81,15,True,Sarcastic
167,"But recognition of the big bang as a very good explanation of cosmology isn't limited to evolutionsits. In fact, most other scientists also believe so, most especially cosmologists and astrophysicists, who are directly concerned with the early universe. Evolutionists, even though the origin of matter and time are irrelevant to the study of evolution, are also educated in science and probably accept the work done by these other scientists.",Non-Sarcastic,Non-Sarcastic,Agree,442,69,True,Non-Sarcastic
169,"There is some truth here. Did you ever see ""Independence Day""? They were taking pot-shots at the alien ships when they first arrived. It didn't stop the aliens... sure only a film... let's look at real life...modern - Iraq - Sadaam gave guns out to the people just before Gulf War IInot so modern - Boer War - Dutch farmers in South Africa were all excellent marksmen - Britain still invaded.US Civil War - I believe that the Confederate States were pretty well armed as far as the white citizens were concerned. US still invaded.",Sarcastic,Sarcastic,Agree,530,95,True,Sarcastic
170,"Hey, I'm from Joisey. Youz guys better watch what you say about us or you'll be sleeping with the fishes. emoticonXKill",Sarcastic,Sarcastic,Agree,119,21,True,Sarcastic
173,"Er...
Well, I guess she's hot for being in her 40s. Sounds like Antonia needs a tampon right now.",Non-Sarcastic,Non-Sarcastic,Agree,98,19,True,Non-Sarcastic
175,"pro-choice - i agree but first trimester only pro-euthanasia - i agree pro-environmentalism - mmmm? depends pro-gay rights - again... depends pro-immigration ( to an extent) - legal? yes! illegal? no. pro-free healthcare - disagree anti-military action/intervention - mmmm... less, yes but depends anti-globalisation - agree anti-death penalty - disagree pro-stem-cell research - agree pro-gun control - disagree pro-welfare. - disagree pro-marijuana legalisation - agree pro-tobacco illigalisation - disgree i'm surprised you're anti-globalization",Sarcastic,Sarcastic,Agree,548,73,True,Sarcastic
177,"so you are into pommy bashing now? mae honey, is there anybody you don't like? emoticonXRolleyes",Sarcastic,Sarcastic,Agree,96,16,True,Sarcastic
179,"Dunno about that. It looks pretty danged cozy for the corporate socialist.
The American people, however, look to be shat upon by the Republicorps screaming and bawling in the streets.",Non-Sarcastic,Non-Sarcastic,Agree,184,30,True,Non-Sarcastic
181,"Most people are not pro-abortion, they are pro-choice. No one here is going around demanding that women must have abortions.",Non-Sarcastic,Non-Sarcastic,Agree,124,20,True,Non-Sarcastic
184,"oh really? is that apparently so? i don't believe that. allow me to show you error in your beliefs. god knows everything,correct?",Sarcastic,Sarcastic,Agree,129,22,True,Sarcastic
185,"Oh, really? Does that mean that pesticides will be OK on marijuana plants? NO.",Sarcastic,Sarcastic,Agree,78,14,True,Sarcastic
188,"WOW are we seeing the softer, gentiler Jyoshu? 
Your snoopy avatar must be afecting you :) :p",Non-Sarcastic,Non-Sarcastic,Agree,94,17,True,Non-Sarcastic
191,This seems to conflict with some of your earlier posts wherein you support terrorists.,Sarcastic,Sarcastic,Agree,86,14,True,Sarcastic
192,"Bad Religion or misapplied Religion has been in every century, country and culture.",Sarcastic,Sarcastic,Agree,83,13,True,Sarcastic
193,I know we know a great deal but even if it is from a taxonomy point of view I still don't think there is conclusive evidence.,Sarcastic,Sarcastic,Agree,125,26,True,Sarcastic
194,"But you know it is more then just that. The poster gave a specific date that is relevant to when abortion was legalized. It shows the poster is being selective and may hold prejudice to fetuses who arent aborted by legal abortions. You see, it is the pro-life movement's selective outrages that makes me think they aren't serious about abortion as a whole. ",Sarcastic,Sarcastic,Agree,357,63,True,Sarcastic
197,"Oh, I hear you. I am covered by my partner's insurance here as well. I would not have been able to get the insurance if we were not legally a union. It's amazing. And I am REALLY greatful for that!",Sarcastic,Sarcastic,Agree,197,40,True,Sarcastic
199,"were it so simple. for the agents to 'freely assemble' among us they, or their superiors, must conclude that we are some sort of threat. would that make you feel loved? on a side note, i'm always surprised at how 'conservatives', normally so worried about government waste, take such a waste of taxpayer dollars so glibly. fbi investigating kiss-ins? joining subversive 'terrorist' xxxx biker groups?",Sarcastic,Sarcastic,Agree,400,65,True,Sarcastic
200,"Fetal Homocide? Toddler Homicide? A human in different stages of development.....Why/or What is the difference?And if someone wanted this legal( Toddler Homicide) ...I don't see much anybody could do legally to stop it..   When women kill their tots they are locked up/ and branded with a criminal record vs the female who callously kills durning the fetal stage.(Double standard?)   I have a couple friends, who have aborted more than once, because they didn't want to lose their girly figure(trivial). I find it eerie and disturbion.....",Sarcastic,Sarcastic,Agree,539,85,True,Sarcastic
201,"don't you see the foolishness of that based on your own personal life experiences as a sentient human being? no. you were the one who posted that something does not need to be sentient in order to be alive. why, then, do you distinguish between two things that are obviously both alive, both of which are parasites on their hosts?",Sarcastic,Sarcastic,Agree,330,60,True,Sarcastic
202,you shouldn't bring your family into these things. lol! reckon you toads got your heads handed to you at yorktown. gotta love it. now go change your diaper.,Sarcastic,Sarcastic,Agree,156,28,True,Sarcastic
204,"Well, I have heard people on the pro-gun side say that most defensive gun uses don't involve firing even one round. So limiting the capacity would probably have less of an effect on the ability to defend yourself than on crime. So why are people from the gun lobby always whining about restrictions like this? When semi-automatic rifles were banned in Australia, hunters welcomed the law. They saw it as a challenge because it takes greater skill to shoot an animal with a bolt action rifle. Not so in America where some gun owners like to use guns that could take down planes to shoot small animals.",Sarcastic,Sarcastic,Agree,600,107,True,Sarcastic
207,"true, though they can't have been going against the bible as it didn't exist then. how did people decide what was right or wrong before the bible came along? all those millennia without a moral guideline, i'm surprised the human race ever made it (or any other race for that matter). emoticonxangel smiley emoticonxangel",Sarcastic,Sarcastic,Agree,320,54,True,Sarcastic
209,Great way of twisting what I said. Would you like a Snickers bar?,Sarcastic,Sarcastic,Agree,65,13,True,Sarcastic
210,"is hillary clinton a truthful politician? perhaps 'truthful politician' is an oxymoron. if her robust commentary on the iranian regime isn't just an attempt to appease (some) republican sentiment in her bid for the presidency, then she should state what 'clear and unequivocal' policy she recommends that the united states should adopt in order to deal with the threat from iran. i don't think she will make clear what aggressive option she favours, if any - at least during her presidential campaign - on the grounds that it might offend (some) democratic sentiment. james.",Non-Sarcastic,Non-Sarcastic,Agree,574,94,True,Non-Sarcastic
212,"Funny, I don't see waves of Christians pounding their beliefs down anyone's throats. They are using the ballot, which is their right. Unless you're against fair elections, too. emoticonXRolleyes 
",Non-Sarcastic,Non-Sarcastic,Agree,197,29,True,Non-Sarcastic
214,And what is an inheritance? Proverbs 13:13 he who feareth the commandment shall be rewarded. 14 The law of the wise is a fountain of life. 15 Good understanding giveth favor 16 Every prudent man dealeth with knowledge 17 a faithful ambassador is health 18,Sarcastic,Sarcastic,Agree,255,45,True,Sarcastic
215,"And you know what? No amount of epigenetic change is going to turn a fruitfly embryo into a human. One of the reasons they are different, and subject to different epigenetic regimes, is because despite genetic homologies (which evolutionary theory predict",Sarcastic,Sarcastic,Agree,255,41,True,Sarcastic
217,So on what day did he create time on. Its not mentioned anywhere in the biblical text which seems to simply assume time.,Sarcastic,Sarcastic,Agree,120,23,True,Sarcastic
218,"Well, there's also carbon dating... Didn't you post something about a decay curve? Are you now going to deny the accuracy of that?",Sarcastic,Sarcastic,Agree,130,23,True,Sarcastic
220,"Not in matters of atheism. Tell me, when science discovers something that seems to agree with the 150 year old writings of Darwin, are the writings of Darwin disregarded? Or is that type of history trumpeted to the masses?",Sarcastic,Sarcastic,Agree,222,39,True,Sarcastic
222,i am none too surprised to see that the point was totally and utterly lost on you.,Sarcastic,Sarcastic,Agree,82,17,True,Sarcastic
223,"Actually, qualified biologists know no such thing. In fact, I've never known one who would agree with that assertion. Can you give us some peer reviewed references to support your assertion?",Sarcastic,Sarcastic,Agree,190,31,True,Sarcastic
226,bwhahaaa....this is unreal. precrime? seriously? minority report? and guns magically turn people into 'bad guys'? hum...good to know. and its funny: we will remove the temptation of a lethal weapon by enforcing new laws via our own lethal weapons.  you people are freaking retarded.,Sarcastic,Sarcastic,Agree,282,44,True,Sarcastic
227,Sounds like I got the better deal. Maybe you should have held your pre-printed sign higher so the cameras could read ALL of it. ;),Sarcastic,Sarcastic,Agree,130,25,True,Sarcastic
229,"Too hard of a question... Pass.   There'd be no need for an 'Abortion' forum on this board.   His (my) name would be Mickey Jones?   Easy... One of them would be sterile.   Yes, No, and maybe so.",Sarcastic,Sarcastic,Agree,195,36,True,Sarcastic
230,"That clearly went whooshing over your head.   It was intended to mock the OP. (Interesting ""new"" bibilical revelation, indeed.)   I don't put any credence in silly comparisons like the trite Kennedy/Lincoln litany that arose in the 60's or the similarly absurd list that INRI posted. They both demonstrate how one can concoct meaningless comparisons in an attempt to invent a non-existent connection between two unrelated events.   It is the same for all ""prophesies"".",Non-Sarcastic,Non-Sarcastic,Agree,468,73,True,Non-Sarcastic
232,"Not really the ball park is too wide. The place you live would be older than the earth. Take egypt. If Moses wrote Genesis the country he lived in was documented as older than his creation. It can't be 6-days.
Angry Black Man Xqs me I mean Angry African American (AAA).",Sarcastic,Sarcastic,Agree,270,51,True,Sarcastic
233,"That's is ridiculously poor logic. Simply becuase the church makes mistakes doesn't mean it's incorrect in all other charges. The US government is WAY more corrupt than the Catholic Church, and yet we obey every god-damned thing big brother makes us do.",Sarcastic,Sarcastic,Agree,253,42,True,Sarcastic
234,Well i know it wouldn't be sensible for anyone to call my child an it that is just disrespectfull to both your partener and child.,Sarcastic,Sarcastic,Agree,130,25,True,Sarcastic
235,"No, Christianity holds that Jesus IS God. 
 
 That Jesus also is NOT God just shows how contradictory the Bible is for Christians (but they overlook logic and hold blindly to their silly trinity position anyway).",Non-Sarcastic,Non-Sarcastic,Agree,214,35,True,Non-Sarcastic
238,"??????? emoticonXBanghead emoticonXBanghead In that case they weren't called by God then, to be celibate, were they??? Anyone who is called by God and doesn't do it is in disobedience. This isn't rocket science, Foundit.
",Non-Sarcastic,Non-Sarcastic,Agree,222,35,True,Non-Sarcastic
239,Because their reasoning is obviously on the same level as their reading comprehension level.,Sarcastic,Sarcastic,Agree,92,14,True,Sarcastic
240,"For being such a ""happy Aussie"", you sure do love to take shots and criticize people. Run out of those happy pills, perhaps? :)",Sarcastic,Sarcastic,Agree,127,24,True,Sarcastic
241,"Agreed. That is why a sensible interpretation, of new data, is so important! :)",Sarcastic,Sarcastic,Agree,79,14,True,Sarcastic
242,"yes they both rock,but the main things is what you're looking for. if your looking for romance,emotion,etc, that type then ya the twilight saga books are great. on the other hand,if you want to enter a world of fantisy,magic,action,etc,then the harry potter series kills anything. the movies of these two are good but not nearly as fantastic as their books. :)",Sarcastic,Sarcastic,Agree,360,61,True,Sarcastic
243,"The article continues to comment that this mechanism serves as a mechanism tailored for evolution? Irrespective of its origins, somehow, life utilizes evolution FOR evolution.  B. Convergence As seen in the docking simulation, the solutions all converg",Sarcastic,Sarcastic,Agree,252,37,True,Sarcastic
244,"Christians offended by 'Happy Holidays' and non-Christians offended by 'Merry Christmas' are as moronic as each other imo.
Two stupids don't make clever.:)
-Wez",Non-Sarcastic,Non-Sarcastic,Agree,162,24,True,Non-Sarcastic
245,"I don't think people have a right to kills themselves (obviously not natural and obviously not legal right now). As for the other question, I wouldn't think a blatent disregard for the others health is morally ok.",Sarcastic,Sarcastic,Agree,213,37,True,Sarcastic
246,Make sure you clap when our defense is gutted and we can't adequately defend our own liberty. Turkey. You don't have an ounce of common sense.,Sarcastic,Sarcastic,Agree,142,26,True,Sarcastic
247,Yes. The first one isolated was a frame-shift mutation on a plasmid. A fairly common source of useful mutations in bacteria.,Sarcastic,Sarcastic,Agree,124,21,True,Sarcastic
248,"Yes, some people are jumping ship, which is a crying shame. STICK TO YOUR GUNS MEN! WE'RE WINNING!",Non-Sarcastic,Non-Sarcastic,Agree,98,18,True,Non-Sarcastic
249,"Well then, I guess I must be a turkey-sandwich worshipper! emoticonXAngel",Sarcastic,Sarcastic,Agree,73,11,True,Sarcastic
250,"That may seem like a brainstorm to you kronus, but to the enlightened, it was an obvious brainfart. emoticonXGood But I would never expect you to know the difference.",Sarcastic,Sarcastic,Agree,166,29,True,Sarcastic
251,"Yes. The assumption happens to be that maybe the bible isn't literal. ""Lets look into ourselves, shall we?"" Behold we did, and Lo! The Earth is old!",Sarcastic,Sarcastic,Agree,148,27,True,Sarcastic
252,what is the point of arguing that life arose via evolution? at the rate you generate it i am not surprised.,Sarcastic,Sarcastic,Agree,107,21,True,Sarcastic
253,"He wasn't trying to. Shooterandproud may be an unreasonable gun nut, but he accepts evolution.",Sarcastic,Sarcastic,Agree,94,15,True,Sarcastic
254,"wonder where all our resident hypocrisy-police people are who jump up and cry 'hypocrisy!!!' whenever a 'family-values guy' messes up? funny, they don't seem to be so eager to call out hypocrisy in this case ....",Sarcastic,Sarcastic,Agree,212,36,True,Sarcastic
255,whatever happened to the unborn baby? No consulting him or her I guess. Even though the unborns body is being is the one being torn apart.,Sarcastic,Sarcastic,Agree,138,26,True,Sarcastic
256,My pursuit of happiness is denied by trees existing. Let's burn them down and destroy the environment. It's much better than me being unhappy.,Non-Sarcastic,Non-Sarcastic,Agree,142,24,True,Non-Sarcastic
257,"I think, perhaps, they are sending the message to the priests that molestation of little boys is totally unacceptable. Stick with little girls.
Yeah....that's the ticket. emoticonXClown",Non-Sarcastic,Non-Sarcastic,Agree,186,27,True,Non-Sarcastic
258,"i love how you speak for all christians when you say that. 'as a racist, i believe that black people...' society has a compelling interest in, if not exposing people to differing cultures, lifestyles etc., then at least in not going out of its way to hide them. if homosexuals are so wrong, then the children will figure that out on their own without government prodding.",Sarcastic,Sarcastic,Agree,371,66,True,Sarcastic
261,You know what I find amusing here...your entire argument revolves around how it will affect your wallet. Forget about the lives of the people who are denied rights in this country that you take forgranted. That is the true christian-American spirit isn't it? Oh how proud our forefathers would be if they could see us now...oh wait...most of them owned people...nevermind.,Sarcastic,Sarcastic,Agree,372,61,True,Sarcastic
262,"i'm not surprised that you side with them. you're three peas in a pod. my point was that constantly beating dissenter over the head with the bible is counter-productive and the antithesis of jesus' message.  i suggest that if your goal is to fight all religious challengers, you're in the wrong religion. you should be muslims. muslins want to beat non-believers into submission, not christians.",Sarcastic,Sarcastic,Agree,395,65,True,Sarcastic
263,"NO, these were all ammedments. all passed. All written recently. There are laws on the book from the 1800's but that isn't what just passed.",Non-Sarcastic,Non-Sarcastic,Agree,140,25,True,Non-Sarcastic
265,"Well then. All of the ex-christians have it both ways don't they. Since they are saved they can lie, cheat, steal and have wild, illicit sex (following the example of several christian preachers).",Sarcastic,Sarcastic,Agree,196,33,True,Sarcastic
267,"you are attempting to trivialize the bias we who are gay, face, against our sexuality. you try to trivialize everything we have accomplished in terms of social acceptance, that heterosexuals have always taken for granted. your assinine comments show sensitivity to no one. maybe you'd like to start a pride movement for ignorant, insensitive, jackasses? society is moving so against that group right now.",Sarcastic,Sarcastic,Agree,404,64,True,Sarcastic
270,"Should it be legalized? Only if every other country did itIs it harmful? Yes more so then moderate alcohol use and worse then smokingShould it be taxed once legalized? Yes.Should laws still apply to it, such as DUIs and the like? Yes.",Sarcastic,Sarcastic,Agree,234,42,True,Sarcastic
273,"I get what you are trying to do but it doesn't work. You might as well say ""let's print a bunch of money...pay off the debts...and then force people to burn it!"".",Sarcastic,Sarcastic,Agree,162,32,True,Sarcastic
274,"I love to go to the playground and watch the children jumping up and down. They don't know I'm firing blanks.""",Sarcastic,Sarcastic,Agree,110,21,True,Sarcastic
276,Manslaughter involves a direct action that causes an unintentional death. Miscarriage is involuntary; besides the person suffering a miscarriage might well want to keep the baby. To equate miscarriage with manslaughter is preposterous.,Sarcastic,Sarcastic,Agree,235,33,True,Sarcastic
277,"The state right before the Big Bang didn't have H, He, or any space.",Sarcastic,Sarcastic,Agree,68,14,True,Sarcastic
278,The debate has been settled a long time ago. and also about dragons!,Sarcastic,Sarcastic,Agree,68,13,True,Sarcastic
279,"exactly the logic behind the condom. oh- i'm sorry, those are sinful. looks like you're gonna be virgin for a long time! and good thing too. we don't need any more fundies breeding. :)",Sarcastic,Sarcastic,Agree,184,34,True,Sarcastic
281,"Oh you do love to do the psychological technique known as 'transference' don't you...or is it 'projection'??? You are so obsessed with gay sex, I would not be surprised if you and Ted Haggard have a lot to talk about.",Sarcastic,Sarcastic,Agree,217,40,True,Sarcastic
282,are you done spamming and threatening me with admin? that's just lame and pathetic.,Sarcastic,Sarcastic,Agree,83,14,True,Sarcastic
283,"I guess I'd have to reluctantly admit that it didn't take long for some....but I'm an eternal optimist and think civility will prevail. Besides, I try not to judge everybody by the acts of a few.",Sarcastic,Sarcastic,Agree,195,36,True,Sarcastic
284,"daniel dennett asks, how did just one species, homo sapiens, acquire the numinous perspective that can have such a profound influence on people's lives? he seems to think that religions evolved and originally served a 'primitive' philosophical intention - such as explaining the hidden 'causes' of natural events in pre-scientific societies. to give just one example: the rise and fall of the tides were observed, but not understood. so the phenomena were attributed to the power of a god (or gods) etc. i think this is a pretty commonplace answer, but not necessarily wrong.  why has religion survived the scepticism of the intellectual enlightenment and the rational attacks of science? the idea that some fundamental 'psychic need' in humanity is satisfied by having religious beliefs seems (to me) the most promising speculation.",Sarcastic,Sarcastic,Agree,833,132,True,Sarcastic
285,"And, what percentage is that? How was the poll conducted? Who conducted it? How was the determination made about who was a 'scientist'?",Sarcastic,Sarcastic,Agree,135,23,True,Sarcastic
287,"Some of us have to work for a living, Snicklefritz.
So, what have you got?",Non-Sarcastic,Non-Sarcastic,Agree,75,15,True,Non-Sarcastic
288,"Same place. Australia.   That, after 5 or 6 thousand illegal guns were just handed in during the last in a series of never-ending amnesties.",Sarcastic,Sarcastic,Agree,140,24,True,Sarcastic
289,i'm totally surprised i've posted so many posts in this thread: not like me at all.,Sarcastic,Sarcastic,Agree,83,16,True,Sarcastic
290,i am surprised scientists havn't made so much of a fuss about you. wow......,Sarcastic,Sarcastic,Agree,76,14,True,Sarcastic
291,"Oh that greatly changes the equation doesn't it? Very unrealistic, but for the sakes of the debate, why not? Well, alledgedly, 23 innocent people have been put to death, and for sure two unrefutable cases. I don't support killing people as a deterrent or as any means in a justice system.",Sarcastic,Sarcastic,Agree,288,51,True,Sarcastic
292,Does any part of the theory of evolution give an accounting of how we transitioned from quadruped movements of the ape to biped? ,Sarcastic,Sarcastic,Agree,129,23,True,Sarcastic
294,"Perfect. A creationists caught repeating the same refuted arguments on different forums. Resistance is met, run like a coward to another forum.",Sarcastic,Sarcastic,Agree,143,22,True,Sarcastic
297,Being in the minority or in the majority is irrelevant. Belief has no bearing on reality.,Sarcastic,Sarcastic,Agree,89,16,True,Sarcastic
299,Why? You'll just call them 'stupid'. And by doing so you will have effectively trumped all of the facts in one fell swoop. Right?,Sarcastic,Sarcastic,Agree,129,24,True,Sarcastic
301,they may respect life but what about respecting the quality of life?   if they cared about their children's future they would not breed like rabbits. It is callous to use their children to win the 'numbers game'   quality before quantity.   I don't deny that abortion is murder in the womb though.,Sarcastic,Sarcastic,Agree,297,51,True,Sarcastic
303,"But on the other hand, Genesis isn't a scientific document. No wonder. Why would a bronze age nomad from the Levant be aware of at least 3 tailless species of primates, or even the tailed primates from Africa, South America, and even Madigascar. If they aren't mentioned in the Bible, do they exist?",Sarcastic,Sarcastic,Agree,299,53,True,Sarcastic
306,"Again, true. But that doesn't take into account that there are two populations under consideration.",Sarcastic,Sarcastic,Agree,99,15,True,Sarcastic
308,"The problem is that there is no test the staff can administer to determine love. They can't tell if someone is really a loved one, or just some freak off the street that gets off on looking at unconscious people. Restricting access to family members is not an inherently bad idea, but it must include in its definition of family same sex couples. And since the only way to guarantee that definition is legally, what we have here is one more reason why gays should be allowed to get married.",Non-Sarcastic,Non-Sarcastic,Agree,490,90,True,Non-Sarcastic
310,The goal of anti-abortionist is clear. The job of self restraint is that of each participant in their close encounters.,Sarcastic,Sarcastic,Agree,119,20,True,Sarcastic
314,"i'm intrigued as well, most of the bands are in the same size font, this could turn into a whole new debate!!",Sarcastic,Sarcastic,Agree,109,22,True,Sarcastic
316,"Wow that worked well. Please explain where his logic is flawed in the point he made. You cant, because its not. This just proves how much this ""point"" along with all your other arguments have ""flaws in logic"" if you will.",Sarcastic,Sarcastic,Agree,221,41,True,Sarcastic
318,Thank You. You know how much I love to impress people.,Sarcastic,Sarcastic,Agree,54,11,True,Sarcastic
321,good thing this argument has never been done!...oh wait. With that logic we should make everything legal. You are much better off making theft legal and safe (no more guns needed!) than to have it illegal and dangerous. ,Sarcastic,Sarcastic,Agree,220,38,True,Sarcastic
322,"Actually, I read that the god of the bible was really a macaroni monster. He likes cheese, too.",Sarcastic,Sarcastic,Agree,95,18,True,Sarcastic
326,"to be honest, i'm surprised it was that hard to give a corporate handout. any big insurance company and big drug company is delighted since their competition will now be squashed and the average joe will delight in their weaker care at a higher price. but hey, a for effort, right? emoticonxrolleyes you don't get points for failing to deliver or delivering a failure in my opinion.",Sarcastic,Sarcastic,Agree,382,67,True,Sarcastic
328,So does this mean they have to get tougher on gun control or softer before the results go their way? That is the real question. My guess is that we are caught in the unhappy medium where going in either direction will be more successful than where we are now.,Sarcastic,Sarcastic,Agree,259,50,True,Sarcastic
331,"That would most likely (imo) reduce the number of abortions performed. It would depend, I think, on how viable it is to transfer the embryo into the artificial womb. Forced surgery would not be an option if I had anything to do about it.",Sarcastic,Sarcastic,Agree,237,44,True,Sarcastic
332,That's right. It merely has the capacity to make errors which sometimes slightly improves function in a particular environment. And those tend to accumulate over time.,Sarcastic,Sarcastic,Agree,167,26,True,Sarcastic
333,"1st, i never said it was only geography. second .... stats please, regarding your new claim here? so you do think they are inversely proportional. (can't say i'm surprised, it's a view consistent with anti-religious prejudice.) there are plenty of christian scientists with phds that would, i suspect, disagree with you. and i have no idea what your point is on the homeschooling comment. homeschoolers often do better academically.",Sarcastic,Sarcastic,Agree,432,69,True,Sarcastic
335,"I think hip hop and the arts are reflections of society. It is good to bring these issues to light, if only so that those who wouldn't normally be aware of them are enlightened.",Sarcastic,Sarcastic,Agree,177,34,True,Sarcastic
336,"I think that the bad guys will be happy if any gun control law goes into effect, because then there will be less chance of the victum having a weapon for their defense, and the crime rate will rise!!!!!!!!!!!!!!!!!!!!!!",Sarcastic,Sarcastic,Agree,219,39,True,Sarcastic
337,And so have animals. Plants have been wiped out in the great extinctions too.   [quote]Carbon dioxide producing animals could even feed themselves with their own breathe![/quot]   Huh? You produce carbon dioxide. How do you propose to feed yourself with that?,Sarcastic,Sarcastic,Agree,259,40,True,Sarcastic
338,"Considering what the TOE says, if a dolphin ever gave birth to a chipmunk, it would disprove evolution.",Sarcastic,Sarcastic,Agree,103,18,True,Sarcastic
339,"Some theists are willing to ignore such discussions. It has nothing to do with whether God exists. As previously stated, this thread topic is meaningless because of our inequality to God and the illogicalness of the question. We do not and will never understand Him totally.",Sarcastic,Sarcastic,Agree,274,46,True,Sarcastic
341,"There is only one problem with your statement my friend, and it is a big one in my opinion. I'll fix it!   If the bill of rights isn't legally binding, then the declaring of a law to be unconstitutional would never happen.   There! It looks correct now!",Sarcastic,Sarcastic,Agree,253,47,True,Sarcastic
343,"Not nearly as tired as the ""YOU can't live like that because it is against MY religion"" argument. Hell, that one pre-dates Christianity!",Sarcastic,Sarcastic,Agree,136,23,True,Sarcastic
344,"
Anyone wanna make any bets on who the newbie is here???",Non-Sarcastic,Non-Sarcastic,Agree,57,11,True,Non-Sarcastic
346,That's incorrect. The Constitution begins with Article 1 which does not contain the Bill of Rights. The Constitution contains seven articles which are followed by the Bill of Rights and the rest of the amendments. If you really are from England as you claim then I guess your lack of knowledge about the American Constitution is understandable.,Sarcastic,Sarcastic,Agree,344,57,True,Sarcastic
347,Voice of Reason? HmmHe used to be in Military Intelligence hence the debacle in Vietnam. He probably still thinks that the US won the war.,Sarcastic,Sarcastic,Agree,138,25,True,Sarcastic
349,Because it was reported that every U.S. medical association was against the ban. My only source was MSNBC.,Sarcastic,Sarcastic,Agree,106,18,True,Sarcastic
351,"No one 'accidentally' encounters at least half a dozen men wanking.
Did you go one a Spanish bukkake tour?
Or maybe you were waiting outside while your gay friend was 'cottaging'emoticonXDonno",Non-Sarcastic,Non-Sarcastic,Agree,194,31,True,Non-Sarcastic
352,"
Now that is a diaper load. How's that free speech thing doing up there by the way.",Non-Sarcastic,Non-Sarcastic,Agree,84,17,True,Non-Sarcastic
353,"Oh, but it does mean something to him. He can't/won't say what, but it sure isn't based on homophobia, no siree! It's just really, really important that marriage stay a striaghts only club, for reasons that can't be explained, but there's no bigotry, don't worry on that score. emoticonXRolleyes",Sarcastic,Sarcastic,Agree,295,49,True,Sarcastic
354,"i'm surprised cindy sheehan and the radical left aren't wearing turbans and funding al queda already, as much as they despise america's war on terrorism. but maybe some of them are.",Non-Sarcastic,Non-Sarcastic,Agree,181,31,True,Non-Sarcastic
355,"Having had your rights trampled on for so long, I would expect to get a warmer reception from the gay-marriage crowd. I feel your pain! Other people's concept of love and marriage are being forced upon me!",Sarcastic,Sarcastic,Agree,205,37,True,Sarcastic
359,You mean your hypothetical I presume? Murder violates the rights of the murdered by relieving them of their life. That's why it's illegal.   You're a bit slow I see.,Sarcastic,Sarcastic,Agree,165,29,True,Sarcastic
361,"Ok. I'm not a YEC. So, God creation through science is a viable option for my faith.",Sarcastic,Sarcastic,Agree,84,17,True,Sarcastic
362,too late. have you stepped foot on a politically correct college campus recently? the former bastions of free speech are worse than almost anywhere else in the us now. emoticonxmad,Sarcastic,Sarcastic,Agree,180,30,True,Sarcastic
364,"He made a post suggesting you were a troll, it has been removed it seems. Anyway, glad to help.",Sarcastic,Sarcastic,Agree,95,19,True,Sarcastic
365,"Really? Then why haven't you condemned organizations such as the Brady Campaign? They continually put out the lie that the .50 BMG is capable of bringing down commercial planes as if the entire process was mere child's play, but there's absolutely not a shred of evidence to support this claim.",Non-Sarcastic,Non-Sarcastic,Agree,294,50,True,Non-Sarcastic
367,"I dunno. What is the scoop here? You complain about the responses we give, and yet you keep coming back for more. Even people with down syndrome learn enough to only stick their hands in the open flame once.",Sarcastic,Sarcastic,Agree,207,39,True,Sarcastic
369,"So what's the deal when GWB ""gives"" $3,000 but the insurance premiums cost $6,000, the family can't make up the difference and the $3,000 goes unspent. All we've accomplished is to transfer $ out of the U.S. Treasury. You think it's a good idea to just give money away and not get anything for it? You're thinking of the Clinton years when there was a surplus.",Non-Sarcastic,Non-Sarcastic,Agree,360,66,True,Non-Sarcastic
371,"No more of a poison than alcohol (actually far less), should we start lacing that with strychnine? ***I can see it now****Excuse me bartender...what are the drink specials?-We got Bud Light bottles for $4.00, Jagerbombs for $7.50, and this new drink called Convulsions on the Beach. First one is on the house!",Non-Sarcastic,Non-Sarcastic,Agree,309,52,True,Non-Sarcastic
372,Could you please cite where you are getting this biological definition of evolution?,Sarcastic,Sarcastic,Agree,84,13,True,Sarcastic
373,"In case you were wondering, no one here has missed the fact that you're trying to divert attention from the real issues by beating one minor issue into the ground.",Sarcastic,Sarcastic,Agree,163,30,True,Sarcastic
374,"Atheism is a religion? Pray tell, where would I find the atheist church?Ridiculous.",Sarcastic,Sarcastic,Agree,83,13,True,Sarcastic
377,Please provide the actual estimates of the time required along with the necessary references if you please! How much time WOULD it take with confidence limits please!,Sarcastic,Sarcastic,Agree,166,27,True,Sarcastic
380,"<Flush>Your own source said there's a cliff a mile and a half away, and I'm the liar? Go find it and jump off it, you flaming, incompetent, scatter-brained, dishonest cretin.",Sarcastic,Sarcastic,Agree,174,30,True,Sarcastic
382,You only say that it won't make a change because you support the effects it will have.,Sarcastic,Sarcastic,Agree,86,17,True,Sarcastic
383,Whatever you sound like a goverment offical now why so many questions? huh what are you trying to get at? Ooaman or should I said Order of apostrophe man?,Sarcastic,Sarcastic,Agree,154,29,True,Sarcastic
384,"Where is the government in this? Clinicians made a clinical decision, and hid behind a non-mandatory guideline, which was set by other more senior clinicians, expert in their field. Assuming the woman's very detailed recall of the stressful series of events is accurate, perhaps it was God's way of telling this unmarried mother that after five previous miscarriages, she still wasn't getting the message.",Sarcastic,Sarcastic,Agree,405,64,True,Sarcastic
385,"i'm a bit surprised at the publicity this case has attracted: even here in the uk, the first item on the 10 o' clock tv news last night was a report from outside the court house (waiting for the verdict). i've never heard jackson sing and know next to nothing about his career - why has this case made such a stir in the media ? is it just a fascination with 'celebrity' ?",Sarcastic,Sarcastic,Agree,372,74,True,Sarcastic
390,"They're going to say no? CA tried that. Tell me the last time utility costs were reduced by a state agency. It's a rubber stamp and nothing else. We travel in different investment circles. I don't know anyone putting their money in US long-term syndication on the equity side not associated with health care real property and a petrochemical plant can be a 40-year useful life situation. What's your take on the US economy in 5, 10 and 20+ years? Good enough to put up the money for what may well be surplus refining capacity before useful life term is reached? Enviros or not, if the return is there money always has its own way of doing things. Corporations are awash in cash. Liquidity has been the name of the game for some time, but there are always bridge buyers.",Non-Sarcastic,Non-Sarcastic,Agree,769,140,True,Non-Sarcastic
392,"Yeah, I'm sure no one else will. It's just me, 'cause I'm so ""hateful.'
ROTFLMAO!",Non-Sarcastic,Non-Sarcastic,Agree,82,15,True,Non-Sarcastic
393,"When the criminal has greater civil protections than his victim, and this is viewed as being civilized, a society is doomed.",Sarcastic,Sarcastic,Agree,124,21,True,Sarcastic
395,"kronus, like i said, you have to accept that (abiogenesis) by faith, don't you, since no one has ever seen it take place? and it can't be replicated either, can it?  oh ye of great faith! lol!",Sarcastic,Sarcastic,Agree,192,37,True,Sarcastic
396,Perhaps some people here aren't on the same level of intelligence. Seems you and chester understand it now so that is good.,Sarcastic,Sarcastic,Agree,123,22,True,Sarcastic
398,"If you think something is correct then you believe this.   That's all believe means.   I believe the above statement is very true.   Except that you wouldn't have to completely change your ideas or beliefs about the universe all the time. But you'd have to modify them.   Anyway, who said beliefs had to be static and fixed?",Sarcastic,Sarcastic,Agree,324,56,True,Sarcastic
399,What is it about the same piece of paper you do not understand?,Sarcastic,Sarcastic,Agree,63,13,True,Sarcastic
400,"what's wrong with gradualism? is it not statistically inevitable? by blending of traits, do you mean that you can't have active both genes from two parents? it seems like there would be exceptions to this. also, traits are rarely controlled by a single gene. would this not mean a trait could be derived from both maternal and paternal genes?",Sarcastic,Sarcastic,Agree,342,59,True,Sarcastic
402,Says the man who wants to criminalize being a victim of a crime. :),Sarcastic,Sarcastic,Agree,67,14,True,Sarcastic
403,"Actually, I think Kronos is right in this case--at least from the standpoint of most consitutional scholars. Of course the framers didn't envision the wording to be used in this way for this purpose--this is what's simply called a ""loophole"", in this case anyway. It's why there has been an effort in recent years to close the loophole with a constitutional amendment defining marriage.",Sarcastic,Sarcastic,Agree,386,64,True,Sarcastic
404,Uh. No they didn't. Have you ever actually taken a biology course?,Sarcastic,Sarcastic,Agree,66,12,True,Sarcastic
405,"avoiding what question, penfold? emoticonxbanghead how is asking iangb to take it to the 'challenger's corner' an avoidance? i see it as a chance to amplify the discussion. at any rate, it's a lot easier to answer a question if you know what is being asked. so,... feel free to repeat the question that you are accusing me of trying to avoid.",Sarcastic,Sarcastic,Agree,342,62,True,Sarcastic
408,And we all know that is what it will become. I'm willing to bet money that Marc is going to argue that abiogenesis is a part of evolution as well as the big bang. There's a clear reason why he won't accept the definitions before the debate starts.,Sarcastic,Sarcastic,Agree,247,48,True,Sarcastic
409,"many americans feel that deploying our military in our own cities as a police force sets a bad precedent. i'm surprised you don't. it's one thing to use them in the case of a natural disaster where local police might be overwhelmed, but to open a shooting war with street gangs? chicago ain't rio de janeiro.",Sarcastic,Sarcastic,Agree,308,56,True,Sarcastic
411,"the (us) government is not required to 'recognize' all forms of unions or so called marriages,... just because it has the authority and the responsiblity to define and recognize one.  either the government has discretion or it doesn't; and at least according to article 1, section 8.... it does. if a county clerk operates outside the law,... that can not negate the law she has ignored or circumvented. if a licence branch clerk started passing out drivers licenses to illegals and other 'non qualified' applicants,... would the government in that case be required to validate and 'protect' those illegally gotten certificates? you should know better than that.  emoticonxdonno",Sarcastic,Sarcastic,Agree,678,108,True,Sarcastic
412,actually some did talk about the complexity of life as well as irreducible complexity even though it may not be mentioned in the title,Sarcastic,Sarcastic,Agree,134,24,True,Sarcastic
413,You throw personal insults more than I do. So when will YOU grow up?,Sarcastic,Sarcastic,Agree,68,14,True,Sarcastic
414,"so what? the judges' actions created greater freedom for everybody in massachusets. they defended against majority tyranny, and frankly, i do not care about the sources of the laws - only the laws themselves.",Sarcastic,Sarcastic,Agree,208,34,True,Sarcastic
415,"Yes I do. Anytime there's a mass killing, you and your ilk are holding it up as an example of how we need more gun control, how we have to reduce the rights of the people so those that die won't have died in vain.",Sarcastic,Sarcastic,Agree,213,45,True,Sarcastic
417,"LOLfunny I never looked at you name in detail. I just assumed you were a male. Unlike women and Montalban, you present very rational arguments. OH NO! PLEASE DONT TELL MY WIFE I SAID THAT! LOL",Sarcastic,Sarcastic,Agree,192,36,True,Sarcastic
420,"third degree? dono posted something that confused me, so i was asking for clarification. of what concern is it to anyone whether gay people marry? adopt? what concern is it of mine whether female infants have their vaginas sewn up, for that matter? why should anyone care whether women have abortions, as well? again, where is the line drawn between concern over an issue and obsession? yay for you? there were black people who thought slavery was just fine, too, so i see this as evidence of nothing more than your own muddy thinking.",Sarcastic,Sarcastic,Agree,535,94,True,Sarcastic
423,"proving my beliefs from the bible is not being un-christian. is it? as i said i don't want to debate it with you, i just like to know who i'm typing to. simple.",Sarcastic,Sarcastic,Agree,160,33,True,Sarcastic
424,"lol...you read my whole post only to conclude with ""what's your point."" Evolutionist brilliance on display. I'm not mistaking nothing for nothing. I know my stuff. You obviously know nothing and don't care to learn it.",Sarcastic,Sarcastic,Agree,218,36,True,Sarcastic
425,"be sure and count the number of hits vs. the number of misses of some well trained leos. sap, remember your postition you took now on citizens might miss and hit some innocent person? read 3 or 4 versions of this shootout and learn something! lots of useful information in there.",Sarcastic,Sarcastic,Agree,279,51,True,Sarcastic
426,"find me a spell check plugin for firefox liminus. i had one for ie before i switched over.  frankly, i'm not surprised we're going to use that for police and military applications.",Sarcastic,Sarcastic,Agree,180,32,True,Sarcastic
427,"yeah! its a benefit to be able to do a thing like that. i'm amazed that we've come so far in technology and science, but i think there is a line of what we can offer people. its not like they're gonna chose whether they want to have an egg or a bagel for breakfast.",Sarcastic,Sarcastic,Agree,265,55,True,Sarcastic
430,"The last known passenger pigeon died in 1914. Your attempt to inflame the discussion fails on the grounds of utter stupidity. Might as well be asking if he bagged a tasmanian tiger, or a chupacabra, or the mothman.",Sarcastic,Sarcastic,Agree,214,38,True,Sarcastic
432,Oddly enough I found Thomas's opinion to be most compelling. The dissent was surprisingly weak...even for a dissent. It didn't even really make sense. The actual opinion was kinda weak but I got bored reading it so I skimmed the second half. Ha.,Sarcastic,Sarcastic,Agree,245,43,True,Sarcastic
433,"Some claim, that Darwin's Evolution theory is an imaginary fairytale as others claim that Cathlic Genisis is a make-belive pack of lies. No one is right. Human life on earth was created by aliens manipulating already existing genetic materials.   PS My post is by no means intended as a serious opinion on the subject and should be treated as such. We alreadly live in strange enough word and this debate is pointless per se.",Sarcastic,Sarcastic,Agree,425,74,True,Sarcastic
435,"Alright. Aproximately 0 illegal drug dealers paid income taxes on their drug money. (Unless, of course, they laundered it.)",Sarcastic,Sarcastic,Agree,123,19,True,Sarcastic
438,"not entirely sure whether you are agreeing with me or not:)  i also presume the reference to 'george' relates to the us president ?? if so then i'm afraid the one thing they have done is underestimate the terrorists and, then, in a way realising that, have gone over the top. apart from their fanaticism there is absolutely nothing to indicate that terrorists are anything other than just as capable of planning etc as any other man. indeed all their actions have indicated that they are extremely capable. we have to be more so",Sarcastic,Sarcastic,Agree,528,94,True,Sarcastic
440,"that was a similar argument used for every single scientific discovery since the beginning of time. were is the biblical proof that god doesn't want cloning? those that said the earth was round instead of flat were labled heretics. many people believed flying should be left to the birds that god created. in fact, some faith's still believe that science is wrong, medicine is a sin. it is a good thing that we don't let religion dictate our science, or we'd still be thumping eachother with clubs and eating raw meat. pride caused the fall of the son of morning, not scientific discovery.",Sarcastic,Sarcastic,Agree,589,103,True,Sarcastic
441,"thanks for clarifying the point i was making to simone. with all of your difficulties with comprehension, i'm surprised you got it. emoticonxsmilie",Sarcastic,Sarcastic,Agree,147,23,True,Sarcastic
444,...Because everyone knows there are no married men sexually abusing children. emoticonXConfused,Sarcastic,Sarcastic,Agree,95,12,True,Sarcastic
445,Yet another of your posts that wouldn't pass the Turing Test...,Sarcastic,Sarcastic,Agree,63,11,True,Sarcastic
447,"So you're claiming that you ""transformed"" from part of your mother to a human. So you're claiming that you were once almost your mom's arm or leg? lol! Biologically, this is simply a farce statement.",Sarcastic,Sarcastic,Agree,199,35,True,Sarcastic
449,"Oh, I get it Flashlights and I-Pods have souls and consciousness.",Sarcastic,Sarcastic,Agree,65,11,True,Sarcastic
450,"Of course I can't. Can you guarantee that the apparent mugging about to happen isn't some poor slob about to ask directions? Big guy, dark parking lot, bang bang. Better safe than sorry, eh?",Sarcastic,Sarcastic,Agree,190,34,True,Sarcastic
452,'positive' atheism? now there's a contradiction of terms if i ever saw one.,Sarcastic,Sarcastic,Agree,75,13,True,Sarcastic
455,"Hate to have to spoil things, but the rest of the world has really no interest at all in Kansas and its scholastic problems",Sarcastic,Sarcastic,Agree,123,24,True,Sarcastic
457,"Guns in our society increased. 
   Total NICS Firearm Background Checks -- November 30, 1998 - February 28, 2010",Non-Sarcastic,Non-Sarcastic,Agree,113,18,True,Non-Sarcastic
461,"how about a Swiss University? they have full automatic weapons in most homes, and target shooting is a national sport.",Sarcastic,Sarcastic,Agree,118,20,True,Sarcastic
462,When 90 percent of this forum is left wing out of work Liberals it is not a surprise that polls don't go the Conservative way.........,Sarcastic,Sarcastic,Agree,134,25,True,Sarcastic
463,"False. Beneficial mutations in bacteria have been observed in the lab. Far from wrecking the system, they allowed the system to continue to live while those without the mutations died: the mutations improved the system's ability to survive and perpetuate itself.",Sarcastic,Sarcastic,Agree,262,41,True,Sarcastic
464,"The Brady Campaign whines more than they act. Making handguns legal in Chicago wouldn't make them happy. Sending the national guard in wouldn't make them happy. They don't have a solution for the problem, but they're right there to whine about it.   They're just like the Federal Government; they find something simple and complicate it.",Sarcastic,Sarcastic,Agree,337,55,True,Sarcastic
466,"because gc hears things all woggly. the message from god is for shepherds to tend to ignorant, mindless sheep. but, with dope-smoker ears, and american ignorance it translates into a cowboy...who rustles cattle...and heads them to a quick slaughter. it's like, when the anti-chist makes his appearance, i'll be gods slaughterman. effectively and efficiently removing tru-believahs from the world...cause god forgot some in his rapture thingy (i forget how the logic of these events is supposed to play out...) ummm...aren't we overdue for that bloke to return already? i'm getting antsy for the 2nd coming and all the excitement that leads up to that glorious event. think holding my breath will make it happen any sooner?",Sarcastic,Sarcastic,Agree,722,116,True,Sarcastic
467,"The point that seemingly escapes you is that not even in the most wonderful country on the planet in all of human history has free speech been considered an absolute right that nothing can limit in any way.
Thank you for comprehending. Not.",Non-Sarcastic,Non-Sarcastic,Agree,241,43,True,Non-Sarcastic
468,"so since most abortions weren't rape, do you still support abortions for people who are raped? Just wondering.",Sarcastic,Sarcastic,Agree,110,18,True,Sarcastic
471,"are you a little bit retarded or something? don't get me wrong sleazyrider i love babies, they're delicious!",Sarcastic,Sarcastic,Agree,108,18,True,Sarcastic
472,"Not if they give him the death penalty, then it's apeals till your ears bleed.",Sarcastic,Sarcastic,Agree,78,15,True,Sarcastic
473,So being easy to know makes it good? methinks that's not quite right.,Sarcastic,Sarcastic,Agree,69,13,True,Sarcastic
474,"Cornell's writings consistently place him within the collective right camp. Even the arguments that are attributed to him which start this thread show his collective right desire.   His claim to neutrality in the individual/collective right debate is as disingenuous as his interpretations of the SCOTUS opinions in both Miller and Cruikshank:   Greatest Threat to Second Amendment?   Greatest Threat to Second Amendment?   Whether ?neutral? or not, Cornell has proven himself capable of distorting SCOTUS opinions when he does not find that they suit his collective right tastes.",Sarcastic,Sarcastic,Agree,580,86,True,Sarcastic
475,But I think that Gods originally came about to explain why a large yellow thing goes up and down everyday. To a caveman the most logical explanation is there is a God. Now we know better. Just because there are still things we can't explain does not mean they must be from God.,Sarcastic,Sarcastic,Agree,277,53,True,Sarcastic
477,oh dear lord...the onion is why i wake up in the mornings. they're talking about making it a pay site though. my world would just crumble.,Sarcastic,Sarcastic,Agree,138,26,True,Sarcastic
478,"my implication was that the christians felt they could not compete financialy so they vilified the jews in order to justify destroying them and taking there success. my question is how is that attitude any diffrent from todays ultra liberials that wish to uphold the inheritance tax, or property taxes? todays 'haves' are not nessacerialy all jewish, they are however being attacked by the 'havenots' for their success, much as the jews were back then.",Sarcastic,Sarcastic,Agree,452,75,True,Sarcastic
479,Not even Answers in Genesis thinks that these ideas have any credence. But Mr. Kent Hovind still does.,Sarcastic,Sarcastic,Agree,102,18,True,Sarcastic
480,"I'm not going anywhere with this thread. I just wanted to point out the obvious hypocrisy of everything your side represents, and nothing more. You all go right ahead and massage your shallow World views.",Sarcastic,Sarcastic,Agree,204,35,True,Sarcastic
481,Interesting that you would make such a judgement when you are guilty of the same. Or do you need to reread Matthew 7 ?,Sarcastic,Sarcastic,Agree,118,24,True,Sarcastic
483,"You crack me up.   That was a nice rant that had absolutely nothing to do with anything. The essential question is not what various religous leaders have said about the issue, but what the Bible says about the issue.",Sarcastic,Sarcastic,Agree,216,39,True,Sarcastic
489,"Argueing with penfold is like wrestling a pig in the mud, the pig enjoys it.",Sarcastic,Sarcastic,Agree,76,15,True,Sarcastic
493,I'd argue that the woman wants to control who lives or dies. That's scarier to me. emoticonXRolleyes,Sarcastic,Sarcastic,Agree,100,17,True,Sarcastic
495,"Sure, cause everyone ALWAYS agrees with everything their church minister says. emoticonXRolleyes",Sarcastic,Sarcastic,Agree,96,12,True,Sarcastic
496,"Good, associate yourself with him. After all, having a best pal who weaves a web of contridictions and lies can't hurt you right?",Sarcastic,Sarcastic,Agree,129,23,True,Sarcastic
497,Funny how you haven't had a literature or history class recently. Would you like me to contact the several history and literature/English teachers in my school and ask them if they credit Homer as the actual author of those epics?,Sarcastic,Sarcastic,Agree,230,40,True,Sarcastic
502,"I want to know how giving her abusers more reason to abuse her makes sense too.
",Non-Sarcastic,Non-Sarcastic,Agree,81,16,True,Non-Sarcastic
504,nato are you serious!? please don't tell me you are buying this too!?!?!?! you can repeal any amendment! by repealing the 2nd amendment you could enact whatever gun law you wanted. even the american spectator talks about that. i'm hoping i just misunderstand you. the american spectator : repeal the second amendment?,Sarcastic,Sarcastic,Agree,317,52,True,Sarcastic
506,"Really? Let me see. Two creation myths and a global flood myth where 5 million ""kinds"" of animal were crammed into a big box that magically floats for a year - yeah, that's secular history.",Sarcastic,Sarcastic,Agree,189,35,True,Sarcastic
509,"Why do ""they"" want it to be true? Some ""gay"" science agenda?",Sarcastic,Sarcastic,Agree,60,12,True,Sarcastic
510,What does a mutation have to do with a heart transplant? What are you smoking?,Sarcastic,Sarcastic,Agree,78,15,True,Sarcastic
513,"No it's not. Wouldn't it be nice if you knew enough to differentiate between theory, evidence and definition.[/quote]Ha! Now, however, genes are ""losing their glitter.""[/quote]I wasn't aware that they glittered. What are you talking about?",Sarcastic,Sarcastic,Agree,239,35,True,Sarcastic
516,"Too much spin there buddy. The potentiality arguement is used by those who believe women have a right to have control over their fertility. As an aside it is also a fundemental tenent in Judaism's view of the unborn- the foetus is a potential life, but has not yet attained that state of being, which occurs at birth.",Sarcastic,Sarcastic,Agree,317,58,True,Sarcastic
517,i love how marc is just detached from reality. i doubt he'll reply to how he's so wrong about the cases he listed. two can't even be found on findlaw.,Sarcastic,Sarcastic,Agree,150,30,True,Sarcastic
518,"Yes. Oddly, the picture makes as much sense as most creationists. :)",Sarcastic,Sarcastic,Agree,68,12,True,Sarcastic
519,"Why not quote the Second verbatum and parse it? Of course you'll need to clarify that the commonly used rules regarding the English language and valid logic must apply. Otherwise, you'll get the liberal twist of subjective ""logic"" and interpretation of the author's intent.",Sarcastic,Sarcastic,Agree,273,44,True,Sarcastic
520,"We can. Geological fossils of severial species, along with observations of specific species in isolated areas.",Sarcastic,Sarcastic,Agree,110,16,True,Sarcastic
521,"That's certainly your right, but supersport is interested in hawking a religious agenda, not a scientific one. He may want it disguised as a scientific one, but a perusal of his posts here bely that desire.",Sarcastic,Sarcastic,Agree,206,36,True,Sarcastic
523,"i love how the liberals are incapable of even getting mccain's age right. my idiot sister-in-law argued with me that mccain is 80! gimme a break. from your lips to god's ears, archangel. emoticonxangel",Sarcastic,Sarcastic,Agree,201,34,True,Sarcastic
524,"i guess that you didn't look at my last link. there are recalls every year that effect millions of cars, and those companies are not being bullied by the government. the point is every car company has recalls, and the government is targeting toyota. ford, gm, buick all have recalls. why are they not targeted? so, the government is the almighty paternalistic big brother punishing those bad and irresponsible companies who only care about themselves and wreck endless destruction to society and the environment. no, toyota is committed to fixing faulty accelerator only because of accusations for causing accidents.",Sarcastic,Sarcastic,Agree,616,99,True,Sarcastic
525,"Just to be pedantic, a better analogy would be: ""If you are here, why do you have brothers and sisters?""",Sarcastic,Sarcastic,Agree,104,20,True,Sarcastic
527,wow. the guy on the video is certainly special... and it's difficult to type while sleep deprived and high on ginger beer.,Sarcastic,Sarcastic,Agree,122,22,True,Sarcastic
528,All of these examples are scientifically recognized as human life with a unique genetic code.,Sarcastic,Sarcastic,Agree,93,15,True,Sarcastic
532,the fetus would be a real person...and it seems like....in order to make the iraq war/abortion connection....you would have to support the war!,Sarcastic,Sarcastic,Agree,143,23,True,Sarcastic
533,"What is your evidence they didn't do this? Remember, today's Coelacanth is different.",Sarcastic,Sarcastic,Agree,85,13,True,Sarcastic
534,"i'm not saying most species aren't gay, i'm saying most don't have free will... more the question is, how differently do they have to be affected to generate different sexual preferences? maybe even only slight differences can create gayness. i don't think it's a simple choice like that, 'gay or straight'",Sarcastic,Sarcastic,Agree,306,51,True,Sarcastic
535,"Actually it wouldn't. Since there is no rational, believable evidence for creationism, it wouldn't be any more believable if evolution were disproved. As an example, I dare you to start a thread in an appropriate forum and give us tested evidence for a global flood as depicted in Genesis. Good luck.",Sarcastic,Sarcastic,Agree,300,51,True,Sarcastic
536,"Actually, it's not conjecture. The genetic makeup of the several subspecies of arctic foxes bear it out. The dominant allele is rare because it is less adaptive. The dominant allele is most likely ancestral. But even foxes below the Arctic circle show differences in their fur between summer and winter. So yes, foxes that were able to change color in the north had a differential reproductive advantage over those who couldn't.",Sarcastic,Sarcastic,Agree,428,71,True,Sarcastic
537,"The original molecule had some lipolytic function, but removing some amino acids from it, in the right place, made it fit better into the substrate, and thereby greatly increased its functionality. Barbarian observes:We thought it would take roughly a million years for bacteria to evolve enzymes capable of digesting nylon (because the compound is so different than any they were able to digest) but it took less than a century. .",Sarcastic,Sarcastic,Agree,431,71,True,Sarcastic
539,"are you one of the hard of understanding people? flyboy got it, even if his rationalisations were insufficient. even so, they were far superior to much of the dross you regurgitate.",Sarcastic,Sarcastic,Agree,181,31,True,Sarcastic
540,"So let me get this right. To counter Accipiter's statement that you have the intellectual maturity of a 10 y/o, you string together a bunch of words that you don't understand in context that makes absolutely no sense? Point - set - match Accipiter.",Sarcastic,Sarcastic,Agree,248,44,True,Sarcastic
541,"Oh no. The main disagreement between theistic evolutionists and Fundmentalists is that Fundies aren't worshipping God, but a false idol of their own making.",Sarcastic,Sarcastic,Agree,156,24,True,Sarcastic
543,"interestingly, single-celled organisms and ""simple organisms"" (those with less functionality) look more alike than they do to mammals and other more ""complex"" organisms...",Sarcastic,Sarcastic,Agree,171,23,True,Sarcastic
544,"State money, but no state accountability...yea right.Private schools don't even have to hire certified/qualified teachers! Oh come on? That's a travesty.",Non-Sarcastic,Non-Sarcastic,Agree,153,21,True,Non-Sarcastic
549,"Interesting links. Thanks for posting them. I had also previously heard of a number of experiments showing altruism in animals. It helps show that altruism has a biological and evolutionary basis.I am curious, though, what made you think that scientists (materialists, etc.) think that altruism is limited to humans? Please explain how you came to this conclusion.",Sarcastic,Sarcastic,Agree,364,57,True,Sarcastic
550,Nothing anyone has said has proven anything I have said wrong in any way because all you have are unprovable and unproven assumptions. Now go over to the other debate Creation versus evolution like a good little boy and you will get my response to Tiktaalik. Nkaaaay?,Sarcastic,Sarcastic,Agree,267,47,True,Sarcastic
551,But the number of criminals that have firearms can be reduced. In developed nations that have very strict gun laws there are a lot less criminals obtaining and using guns to commit crimes. How does your theory explain that?,Sarcastic,Sarcastic,Agree,223,39,True,Sarcastic
553,"Yeah, he's absolutely correct. So what's your point? You think you deserve special rights? Are you better than straight people? Are you superior people because your preferred form of sex doesn't allow for pro-creation as God commanded humanity to do? Is this your argument?",Sarcastic,Sarcastic,Agree,273,44,True,Sarcastic
557,"And lets not neglect the fact that he was tetotal and a vegetarian to boot.
Well, looky here we all learnt today that bad people can have have good characteristics............
Sounds like Pastor Russell Johnson's representation of truth is as selective as it is self serving.",Sarcastic,Sarcastic,Agree,277,46,True,Sarcastic
559,what about evolution has been observed?  i think it has been more theorized (if thats a word) then anything else. creating theories for theories and so on.,Sarcastic,Sarcastic,Agree,155,27,True,Sarcastic
560,"Because in the case of glacial/interglacial variation, CO2 functions as a feedback from orbital forcing. Again, this is all very simple, basic stuff outlined in chapter 6 of the AR4.",Sarcastic,Sarcastic,Agree,182,30,True,Sarcastic
561,"i guess this is another one of your mutual admiration club's charmingly racist moments. 'i bet she's black, and ergo, smokes crack.' gee you're all so mother hubbard rhymie. how do you live with yourself? such ignorance; at this point, i'm not even surprised you don't know which montmartre i'm referencing. i don't think i'll tell you, poot.",Sarcastic,Sarcastic,Agree,342,58,True,Sarcastic
563,"I know what you mean. You should see some of the other ""books"" he has at his site as well.Well, now we know that Muslim creationists are even nuttier than Christian creationists, but both still use the same twisted ideas and concepts to justify their pseudo-science of creationism (Read: Religious beliefs). ;)",Sarcastic,Sarcastic,Agree,310,52,True,Sarcastic
564,"The liberal spin that back street abortions ran amuck prior to Roe V Wade is simply not true..............It does seem nowadays you read in the paper every week about some woman stuffing her newborn in a trash can......   There are many more abortions today then there were prior to Roe V Wade.......Over 40,000,000 million since 1972....sad.........",Sarcastic,Sarcastic,Agree,350,56,True,Sarcastic
569,"We already accept that it is. You don't have to convince us.   However, consider what this does to your argument that natural selection is random.",Sarcastic,Sarcastic,Agree,146,25,True,Sarcastic
570,"That's right, a broken clock tells the right time twice a day, and gun hating hoplophobes are never right.",Sarcastic,Sarcastic,Agree,106,19,True,Sarcastic
571,Because there are no dinosaur fossils above the iridium layer.,Sarcastic,Sarcastic,Agree,62,10,True,Sarcastic
572,"This is obviously incorrect since Earth and Mars are were created only 6,000 years ago. And how did they know that Mars would be so close this year?  I have other questions too. How do they know that Pluto has a 249 year orbit of the sun since it wasn't",Sarcastic,Sarcastic,Agree,253,50,True,Sarcastic
573,"The stench of moral relativism is overwhelming. This terrorist act and the supporters of it should be suitably rewarded, good and hard.",Sarcastic,Sarcastic,Agree,135,22,True,Sarcastic
577,"I'll give you that, though there is a whole school of debate about what thoughts are.",Sarcastic,Sarcastic,Agree,85,16,True,Sarcastic
578,"Or that they tend to be better prepared, or even less willing to accept help from others or get breakdown cover. That's the trouble with these kind of stats, the interpretations are pretty open to debate.",Sarcastic,Sarcastic,Agree,204,36,True,Sarcastic
579,"To use WMD's one actually has to have them my neo-liberal friend. But I guess that kind of basic logic just goes way over your head.
*whoooooosh*",Sarcastic,Sarcastic,Agree,146,27,True,Sarcastic
581,i love how you're pretending to not know your way around the 50 character minimum... that's cute.,Sarcastic,Sarcastic,Agree,97,17,True,Sarcastic
582,I see no reason why secular shows should be required to mention your mythology.,Sarcastic,Sarcastic,Agree,79,14,True,Sarcastic
583,Not sure how you can tell that since very little is mentioned about his methods.,Non-Sarcastic,Non-Sarcastic,Agree,80,15,True,Non-Sarcastic
587,You could probably use it since in all likelihood you know absolutely nothing about it.,Sarcastic,Sarcastic,Agree,87,15,True,Sarcastic
589,"A Jungian might suggest such a stance. In other words, one (good) cannot exist without the other (evil). I wonder what some of our more interesting christian friends (AA, GC) might have to say about such?",Sarcastic,Sarcastic,Agree,204,36,True,Sarcastic
590,eureka kitchen nightmares true blood falling skies hell's kitchen master chef hardball w/ chris matthews judge judy so you think you can dance,Sarcastic,Sarcastic,Agree,142,23,True,Sarcastic
591,Not the way I see it from my experiences. I let the readers decide on their own. ,Sarcastic,Sarcastic,Agree,81,17,True,Sarcastic
592,"It's ashame that everyone keeps looking for the judiciary to do the legislature's work. When will the people press Congress to take up abortion? It is the job of Congress after all, to address the issues desired by it's constituents.",Sarcastic,Sarcastic,Agree,233,40,True,Sarcastic
593,"Heller is about determining the answer to a long standing question on the nature of the Second Amendment, and how much gun control is legally allowed. Roe v. Wade is about finding legal precedent for the murder of unborn children.I see absolutely no comparison between the two.",Sarcastic,Sarcastic,Agree,277,47,True,Sarcastic
594,"proof? and, i'm just surprised that brooks is actually capable of seeing where the problem lies. his solution? probably another dumb republican non-solution.",Sarcastic,Sarcastic,Agree,157,23,True,Sarcastic
596,"No! No! No!
The extreme right wing religionists create gods in their own corrupt image so you can't expect them to have any decent standards.",Non-Sarcastic,Non-Sarcastic,Agree,142,25,True,Non-Sarcastic
598,"Like the docking simulation, in development there is a pre-existing fitness landscape (the womb). Both processes converge on similar endpoints each time it is run, both process are biased to a few endpoints and both processes reach local optima (e.g. skin",Sarcastic,Sarcastic,Agree,255,41,True,Sarcastic
599,"sorry dude, these links are either vague or irrelevant to the topic, the abstract to the phd thesis is on the guy's own website and doesn't give a link to the actual work. i'm not stating this doesn't happen, i'm just intrigued by the possibility and i don't buy into anything unless i can see some verified, hopefully peer-reviewed work, any search on google for these names doesn't give anything of value.",Sarcastic,Sarcastic,Agree,407,72,True,Sarcastic
600,"wow that's an excellent bit of knowledge. i didn't know that about the ps updates, i only had 1 and 2 and i felt like the hassle of continually buying a new one was not worth the free internet. also, as for the red ring of death on xbox, i guess i wasn't an extreme enough gamer to let mine over heat.",Sarcastic,Sarcastic,Agree,301,62,True,Sarcastic
601,"Actually, Peeling and others on this thread have proven you and Cash to be utterly wrong. The fact you don't recognize this is irrelevant.",Sarcastic,Sarcastic,Agree,138,24,True,Sarcastic
605,"woohoohoo, diogenes, talk about twisting my statements, wow! wow! i am just plain flabbergasted!",Non-Sarcastic,Non-Sarcastic,Agree,96,14,True,Non-Sarcastic
607,"There are somewhere between 10 and 20 million gay people is America. 10,000 is a small minority, yes. And even your article admits this number is unsubstantiated, AA. More lying for JESUS.",Sarcastic,Sarcastic,Agree,188,32,True,Sarcastic
608,"Well it could mean simple instinct, and I think you will find it was only applied to animals with brains. EAM attributes ""intelligence"" even to bacteria and to corn plants, trees, jellyfish, single celled eukaryotes etc. If one is to consider intelligence the main driver of adaptation it must be omnipresent in living organisms - there is zero support for this concept.",Sarcastic,Sarcastic,Agree,370,62,True,Sarcastic
609,"So it's the blog's fault that Miller sided with the creationists. Right-o, marc. (I suspect you haven't even read the blog entry in question; I'd be surprised if you've read more than a paragraph of PZ's blog.. ever.)",Non-Sarcastic,Non-Sarcastic,Agree,217,38,True,Non-Sarcastic
610,"Yeah, reasonable people are OK with ripping unborn fetuses from their mother's wombs minutes before the baby would be born naturally! How dare those kooks try to defend the rights of the unborn fetus!",Sarcastic,Sarcastic,Agree,200,34,True,Sarcastic
612,"oh yeah i remember reading that if gay people got married heterosexuals would end up loving each other less!!! anyway the overall meaning of marriage was destroyed the moment religous people started getting divorced, if the church no longer frowns upon man splitting that which god has joined together then has the overall message of marriage not been destroyed already?",Sarcastic,Sarcastic,Agree,370,60,True,Sarcastic
614,"Man, even when I bless you guys I'm fearmongering. You guys are afraid of everything... emoticonXConfused",Sarcastic,Sarcastic,Agree,105,16,True,Sarcastic
615,"catholics who practice what? i made no mention of any practices in post. indeed, yet you do not condemn contraception as the church demands. likewise you supported desert storm ii, which the vatican officially condemned.",Sarcastic,Sarcastic,Agree,220,35,True,Sarcastic
617,Rarely has truth ever supported one side of a political movement.,Sarcastic,Sarcastic,Agree,65,11,True,Sarcastic
621,"sartre! you are a dear prince! i can't believe i said that, but thanks!",Sarcastic,Sarcastic,Agree,71,14,True,Sarcastic
622,"I think there are two separate questions here.  (1) When does personhood begin?  (2) Who gets to make such arbitrary, moral decisions on behalf of a pregnant woman?  Both are legitimate issues of contention. You can't just dismiss the one you don't ",Sarcastic,Sarcastic,Agree,249,42,True,Sarcastic
624,all this would give the tea baggers more than sufficient time to jump their sinking ship.   You did know that is a term for a specific gay male act?,Sarcastic,Sarcastic,Agree,148,29,True,Sarcastic
625,"wow, this was up to 6 points at one time. down-voting it without a rebuttal surely refutes it.",Sarcastic,Sarcastic,Agree,94,18,True,Sarcastic
626,"So Steeeeve, as you have made no response in over a month I'll take your answer to my last question as a yes: More AIDS deaths are an acceptable trade for reducing access to abortion.   If you disagree, I'm all ears as to your justification.",Sarcastic,Sarcastic,Agree,241,45,True,Sarcastic
631,"Well, she IS getting her info outta the bible, one of the bloodiest snuff novels ever written lol...",Sarcastic,Sarcastic,Agree,100,18,True,Sarcastic
632,"Not only is everyone in agreement, which scares me enough, but Parcum even agrees with me. This is really shocking!!!! :)",Sarcastic,Sarcastic,Agree,121,21,True,Sarcastic
634,"You lost me there. Try them how and for what?   This bill is a long way from passing. Doesn't seem to have great support beyond the ""plenty"" people you mentioned.",Sarcastic,Sarcastic,Agree,162,30,True,Sarcastic
636,"Honestly I'm not sure if it was ever said in the Bible, but I sure have heard a lot of the Bible thumpers saying free will is a gift from God.",Sarcastic,Sarcastic,Agree,142,31,True,Sarcastic
637,"upper class surely? would imagine that support for capitilism extends as far, if not further in the upperclass than the working class. though surely the prinicples behind the thing would just as much to protect the majority from a minority as vice versa, its just generally its not supposed to happen that way.",Sarcastic,Sarcastic,Agree,310,53,True,Sarcastic
638,"You of course have documentation of Darwin laying out his plan as to how to weasel evolution into classrooms to oust theism, right? No? You're making it all up? Shocking.
",Sarcastic,Sarcastic,Agree,172,30,True,Sarcastic
639,"Let's try to use a little kindness and common sense and not tell people on a public forum to ""shut ur mouth"". Read the forum rules, they might help your focus.
 
 -Mach",Sarcastic,Sarcastic,Agree,170,32,True,Sarcastic
640,"That's not something you can really blame on the pro-life movement. In fact, a lot of effort in the pro-life movement does go into helping single mothers. Many pro-life counseling services help single mothers offering support in a variety of ways, including financially.",Sarcastic,Sarcastic,Agree,270,43,True,Sarcastic
641,"Let's see how dillusional this claim is. Answer me these questions: How many of his actual crew are aganist Kerry? How many of these anti-Kerry's are being paid? How many of these anti-Kerrys haven't changed their own stories? Besides, memory is a bad subsitute for hard evidence. In the case aganist Bush, no one remembers him doing anything important. In fact, many people don't even remember him at all. ",Sarcastic,Sarcastic,Agree,407,69,True,Sarcastic
643,Yea I agree with you on how there was no exact se t of laws at the beginning of creation. The reason I say that they most likely didn't marry their sisters is mostly cause God gets mad at Cain and places a mark on his head so everyone he runs across will not kill him unless they want to die a death 10 times worse than his. Kinda just says that there are other people out there.,Sarcastic,Sarcastic,Agree,379,78,True,Sarcastic
644,"I am curious about your position. Why have you chosen the nervous system and brain and organs as the cutoff points for the humanmeter? Have you done so arbitrarily? Does this mean that if these are not as you said ""completed and operating (developed)"" then we are not human? If this were true there would be alot of handicapped people who are not human. Christopher Reeve and all the other quadrapalegic and parapalegics like him would be in trouble. What IQ determines a fully developed brain?",Sarcastic,Sarcastic,Agree,494,86,True,Sarcastic
645,That could also be very effective in a positive manner during political campaign speeches.,Sarcastic,Sarcastic,Agree,90,14,True,Sarcastic
646,"Here is a little snippet from the Catholic Planet web page. Even they admit that there was copying going on. But you can ignore the evidence if you wish. It's what we expect from you.
",Sarcastic,Sarcastic,Agree,185,35,True,Sarcastic
648,yeah that would be fantastic if they came back... and killed tens of millions more people. that would be fantastic!!!! thanks for that... just because ;),Non-Sarcastic,Non-Sarcastic,Agree,153,26,True,Non-Sarcastic
650,"i am trying to show that in fact the crime rate is increasing, not that there is more than a change in how it is reported.   around here (my home county) we are doing much better.",Sarcastic,Sarcastic,Agree,179,36,True,Sarcastic
651,then where do rights come from and how do you know they exist? i commented on the part i felt needed to be commented on.,Sarcastic,Sarcastic,Agree,120,25,True,Sarcastic
652,"And here it is, corrected to remove that little hint of sensationalism that you feel is needed to drum up support for your cause.",Sarcastic,Sarcastic,Agree,129,24,True,Sarcastic
653,Yes it does but I have a feeling that it will take the bulldozer of the SCOTUS to make the 11 dominoes of the old confederacy +Utah fall down.,Sarcastic,Sarcastic,Agree,142,29,True,Sarcastic
654,"LMAO and where has been your outrage at GOP politicians cheating? Ensign, Bart Stupak? 
COME ON LMAO!!!! Your hypocrisy is so damn funny Easilyridden! REPENT!!",Non-Sarcastic,Non-Sarcastic,Agree,160,25,True,Non-Sarcastic
655,"Where in Canada is it illegal to defend yourself with a firearm, given sufficient threat?   And what did the Indians do to the Brown's to justify using deadly force?",Sarcastic,Sarcastic,Agree,165,29,True,Sarcastic
656,"studies about what? that some people are more talented than others?  i'm afraid that falls under the umbrella of 'common knowledge'. so? it would change nothing, since i was pointing out why i responded the way i did.",Sarcastic,Sarcastic,Agree,217,38,True,Sarcastic
657,"Here you are using the misogynist POV. No ""Rushspeak"" if you please.
",Sarcastic,Sarcastic,Agree,70,12,True,Sarcastic
658,Used against me? I never denied this. Surely you refer to this in terms of gay marriage. Considering I don't believe gay marriage is a right I don't see how my words do you any good.,Non-Sarcastic,Non-Sarcastic,Agree,182,36,True,Non-Sarcastic
659,"true dat. sundowner, have you seen the life of david gale? if not, i suggest you watch it; it might change your view.",Sarcastic,Sarcastic,Agree,117,23,True,Sarcastic
662,"Yet another alleged lie, by the Hillary-haters, shown not to be.",Sarcastic,Sarcastic,Agree,64,11,True,Sarcastic
666,Within one post.   Thanks for proving that creationist are incapable of discussing the original topic and automatically move to change the subject.,Sarcastic,Sarcastic,Agree,147,22,True,Sarcastic
670,"as an outside observer, these are my thoughts too. it's plain selfish and stubborn as far as i'm concerned, i'm surprised that the democratic party itself isn't stepping in, maybe they are behind the scenes. waxy",Sarcastic,Sarcastic,Agree,212,36,True,Sarcastic
671,"i'm surprised, maybe your area of the uk is different, but in mine nearly all atheists are hereditary, or they just break away from the religions of their parents because they dislike their parents instead of the religion.",Sarcastic,Sarcastic,Agree,222,38,True,Sarcastic
673,"Don't even think about contriving how gay marrige violates YOUR RIGHTS assmonkey. That's the most ludicrous, inane statement I have yet heard from the Religious Right.",Sarcastic,Sarcastic,Agree,167,26,True,Sarcastic
675,"You're obviously an Obama supporter, they're the only people who wouldn't be upset at his abusive tactics of threatening lawsuits against anyone that runs unfavorable ads against him, thus showing that he doesn't support the First Amendment.",Sarcastic,Sarcastic,Agree,241,37,True,Sarcastic
676,The human collective is the authority. One major advantage of this authority over a theistic one is that it actually exists.,Sarcastic,Sarcastic,Agree,124,21,True,Sarcastic
677,FYI you'll get sand in your ears from sticking your head in too deep....,Sarcastic,Sarcastic,Agree,72,14,True,Sarcastic
678,"Impressive. Misses the point, biggoted, and regionalistic. You've got a whole ignorance trifecta going there! Well done. emoticonXGood",Sarcastic,Sarcastic,Agree,134,18,True,Sarcastic
684,That is the premise of my question. On what basis can one claim that the Constitution makes this arbitrary designation with respect to the death penalty? I simply don't see any rational argument for it.,Sarcastic,Sarcastic,Agree,202,35,True,Sarcastic
685,"cbs sportsline is great, i love how everything refreshes quickly without having to refresh your page every five seconds.",Sarcastic,Sarcastic,Agree,120,19,True,Sarcastic
687,"Good. You're finally catching on ;-)
Likes ""folly""?? It's practically one of his children.",Sarcastic,Sarcastic,Agree,91,14,True,Sarcastic
688,"But the fact remains that guns are, by design, weapons.",Sarcastic,Sarcastic,Agree,55,10,True,Sarcastic
690,"My point stands, just because you can't get it has no impact at all on its validity. YouTube - The jokes on you...",Sarcastic,Sarcastic,Agree,114,23,True,Sarcastic
691,"And yet quantum physics tends to be very contradictory, at least to our perceptions. Acausal events happen. A particle can be in two places at the same time. A particle can disappear and reappear in a different location without traversing that distance. And et cetera.Since the beginning of our local universe occurred at quantum levels, I would be cautious about drawing philosophical conclusions based on our macro-world experiences.",Non-Sarcastic,Non-Sarcastic,Agree,435,68,True,Non-Sarcastic
693,So why should merchant ships be required to go unarmed and defenseless in dangerous areas?,Sarcastic,Sarcastic,Agree,90,15,True,Sarcastic
695,"If you'd have taken the time to watch the movie ""Expelled"" you wouldn't find it nearly so absurd. emoticonXAngel",Sarcastic,Sarcastic,Agree,112,19,True,Sarcastic
696,"I see. Does the fact that these so-called ""exposures"" are constantly and correctly destroyed by those with Logic not phase you?",Sarcastic,Sarcastic,Agree,127,21,True,Sarcastic
697,why is being christian seen as being 'conservative'? surely there are plenty of jewish and muslim conservatives. i've known some indian hindus (is there any other kind?) that were very conservative. what if there was a hindu organization that taught or espoused conservative values?  would they make these people's list? i doubt it.,Sarcastic,Sarcastic,Agree,332,53,True,Sarcastic
698,"Actually, this guy was an ex-con. It's illegal for a convicted felon to own firearms. Galileo actually helped us more than he helped you. This proves once again that criminals will always refuse to surrender their weapons.",Sarcastic,Sarcastic,Agree,222,37,True,Sarcastic
700,"Exactly. That the change in moth color was due to natural selection was first posed in about 1896 by J.W. Tutt. The funny thing is that as pollution increased, the moths turned black, and then as the pollution was cleaned up, they turned white again. carbonaria have become pretty scarce.",Sarcastic,Sarcastic,Agree,288,50,True,Sarcastic
701,"dear chloe, do you really want women tried for murder because they decide to take a pill that will cause an abortion? that is the only logical position a court can take once a zygote, embryo and fetus are legislated into the status of human beings. if one kills a human being, one is guilty of murder.",Sarcastic,Sarcastic,Agree,301,57,True,Sarcastic
702,"they weren't interested, remember? so your god punishes children for not being a member of the right 'club'. your god sounds more and more like a monster every time you mention him. once again, like with archie i have been wrong to assume you a bigot, you're a xenophobe.",Sarcastic,Sarcastic,Agree,271,49,True,Sarcastic
705,"oh, now we're getting somewhere. Explain more, please. Oh, and some evidence of incremental modifications would be nice too.",Sarcastic,Sarcastic,Agree,124,19,True,Sarcastic
707,More silliness on your part. Think about it. Gay couples together for 40 or 50 years. That means they were living together in the 1950s and 1960s. Those people were the foundation of the gay-pride movement.,Sarcastic,Sarcastic,Agree,206,36,True,Sarcastic
708,"Only if in the same way, this 'straight' group could meet the flag flying criteria, as the gay group has done over and over.",Sarcastic,Sarcastic,Agree,124,24,True,Sarcastic
709,He killed thousands of failed athletes? I must have missed this in the news.,Sarcastic,Sarcastic,Agree,76,14,True,Sarcastic
710,"wow, that's a strong decision, there is no way ever god can exist? just a question. or are you slightly less than 7?",Sarcastic,Sarcastic,Agree,116,23,True,Sarcastic
711,"should we clear up what we're talking about at all? i think adultery is legal in 24 states, and i'm pretty sure adultery laws have been pretty much completely unenforced since world war ii. i don't know of any states where a polygamous relationship with no marriage involved is illegal. now, certainly having multiple marriage licenses is illegal...",Sarcastic,Sarcastic,Agree,349,58,True,Sarcastic
712,Apparently you thought I was claiming that pro-lifers thought that the baby's life was more valuable than the mother's life. So I clarified:,Sarcastic,Sarcastic,Agree,140,23,True,Sarcastic
713,that shouldn't be too hard for an 'educated' person such as yourself to point out in the heller ruling now should it? there have been quite a few rulings post heller. did those courts let 'restrictions' stand? no!,Sarcastic,Sarcastic,Agree,213,38,True,Sarcastic
714,If humans are parasites can I kill you because parasites have no worth. ,Sarcastic,Sarcastic,Agree,72,13,True,Sarcastic
716,"Well Steve ""murder"" is a legal term that does not apply in abortion. But for the sake of keeping this simple - yes, and not only that, it's legal.",Sarcastic,Sarcastic,Agree,146,29,True,Sarcastic
717,"wow... you are bent on harping on creationists arguments at whatever the cost.first of all, you are not even considering that the majority of people are misinformed of what evolution is not because they have creationist motives, but because they go to the dictionary for definitions ",Sarcastic,Sarcastic,Agree,283,46,True,Sarcastic
718,Mr. Brown was able to attend ball games. Not exactly held captive was he?,Sarcastic,Sarcastic,Agree,73,14,True,Sarcastic
720,"i was awake, just not on at the time you posted this. high school starts waaaayyy to early. anyway, i'm surprised at how many people post while i'm asleep (around 11:30 - 5:30 est)",Sarcastic,Sarcastic,Agree,180,34,True,Sarcastic
721,"That's is ridiculously poor logic. Simply becuase the church makes mistakes doesn't mean it's incorrect in all other charges. The US government is WAY more corrupt than the Catholic Church, and yet we obey every god-damned thing big brother makes us do. ",Sarcastic,Sarcastic,Agree,254,42,True,Sarcastic
724,"i do agree. the rot started here when thatcher came to power, and became chronic when neil kinnock became leader of the labour party. now we have two parties in hock to corporate interests, and even if another party did get elected, their hands are tied because of the reaction of the financial markets. the actions of the ecb in bailing out hedge funds is a sign of how bad it has got. i think we'd best not discuss the solution otherwise we'll start to disagree again. :p george monbiot has the beginnings of a plan in his book age of consent. i'm quite surprised you agree with what is an essentially marxist analysis of the situation though.",Non-Sarcastic,Non-Sarcastic,Agree,645,118,True,Non-Sarcastic
725,"Maybe we disagree on the percentages of decisions government makes concerning secularism, and things like morality and ethical standards. Or that you aren't as concerned about government decisions as I am as a Christian, because my belief is that humans aren't as perfect as a non Christian might think them to be.   How can it be incorrect, if atheism can't point to a higher intelligence?   I don't have scientific evidence, but scientific evidence isn't the only source of knowledge.",Sarcastic,Sarcastic,Agree,486,79,True,Sarcastic
730,"And to think, we're supposed to be ""new World"" the foreward thinkers....what a laugh.
Sorry, my last post was after some searching on straight sex discussion boards, and I'm still laughing too hard to take much seriously at this time. 
emoticonXCry I'm laughing so hard I'm crying.",Sarcastic,Sarcastic,Agree,283,47,True,Sarcastic
731,"If it did that, then you might have won an argument by now.",Sarcastic,Sarcastic,Agree,59,13,True,Sarcastic
732,"i am surprised to hear you, a card-carrying christian, defending the civil rights of polygamists! wonders will never cease!  obviously the point flew right past your noggin. gay people are discriminated against because they are gay! but then, you folk think that's just fine. a few years ago, you'd have been blowing hard about 'activist' judges allowing interracial marriage. how dare they stand up for equal rights! emoticonxrolleyes",Sarcastic,Sarcastic,Agree,435,68,True,Sarcastic
733,You make it seem as if you are doing me a favor by reading what I post,Sarcastic,Sarcastic,Agree,70,17,True,Sarcastic
735,"Creationism is not something new, it was the prevailing view of scientists up until Darwin. None of them belived in a divine parrot that is just plain silly. In the crucible of natural science throughout the Middle Ages, the Scientific Revolution and well into the 19th century theology was the queen of the sciences. Now we subject students to higher math studies that they will most likely never use and speculations about conceptual mechanisms like natural selection that have no practical application. Naturalistic presumption has become sacrosanct in the rhetoric of the professional scientists who have been crystal clear on how they define creationism. You can ignore the statement by D.J.Futuyma and identical ones made by Gould, Mayr, Dawkins, Dobzhansky and others but not without departing from mainstream evolutionary biology. ",Sarcastic,Sarcastic,Agree,839,130,True,Sarcastic
736,This is great. You mean none of the Davidic line ever copulated with women to produce their descendents? LOL!,Sarcastic,Sarcastic,Agree,109,19,True,Sarcastic
737,"justincredulous, i'm not surprised that you cut and pasted a comment out of context to make a point. it isn't beneath you to do so. emoticonxrolleyes",Sarcastic,Sarcastic,Agree,149,26,True,Sarcastic
738,"I think it goes something like that. Scientists have tried to repeat what they believe happened, but to no success. Anyway, atheistic evolution says that there is no intelligence, the scientists who were trying to repeat what may have happened have intelligence and they made many such measurements to try and create life from lifeless chemicals - in other words, the experiment was already logically flawed!",Sarcastic,Sarcastic,Agree,408,66,True,Sarcastic
739,Which is precisely why the law must needs be silent when it comes to women choosing whether or not to continue their pregnancies.,Sarcastic,Sarcastic,Agree,129,23,True,Sarcastic
740,"Oh, so you were not in any way talking about evolution in these posts? Then why are they posted on the c vs e board?   Please, that's just pathetic.",Sarcastic,Sarcastic,Agree,148,29,True,Sarcastic
741,"I knew the mangling of Jesus's teachings would be forthcoming, and entertaining. emoticonXHoho 
And of course lying about what I've said is just par for the course. Standard stuff, nothing to compare with trying to make Jesus out to be pro-cruelty.",Sarcastic,Sarcastic,Agree,249,41,True,Sarcastic
742,"You are a known anti-gun supporter, should we really be surprised at your presidential choice. Funny thing is, you are going to get screwed just like the rest of us if Obama wins. He might try to take our guns away, but your rights that are important to you wont be very far behind.",Sarcastic,Sarcastic,Agree,282,54,True,Sarcastic
744,"well if you could scientifically test for the supernatural, it wouldn't really be supernatural, would it? if some god or gods acted in ways that could be predicted and measured by scientific processes, it would be no different to any natural part of the universe.",Sarcastic,Sarcastic,Agree,263,45,True,Sarcastic
750,"Well, at least we agree that someone is obfuscating and denying.",Sarcastic,Sarcastic,Agree,64,11,True,Sarcastic
751,"How do you ""interpret"" all those extant historical records bracketing the ""flood"" date by several hundred years, as shown by sinjin, which record no such event?",Sarcastic,Sarcastic,Agree,160,26,True,Sarcastic
752,"So it's just fine if someone says ""gay people are prone to force Christians out of their towns"", eh? Interesting. emoticonXWow
Just ""typical English usage"", after all ....",Sarcastic,Sarcastic,Agree,172,28,True,Sarcastic
753,"Just making sure that everybody is aware of his evasion, misrepresentation, and dishonesty. I figured a good time to do that would be while he was accusing scientists of these things... (I figure it's a damn good illustration when a paper's author tells him to stop misrepresenting the paper, and he keeps doing it anyway.)In fairness, being a creationist isn't necessarily an indicator of dishonesty; there are plenty of creationists who are creationists simply because they are uneducated about the subject. Unfortunately, supersport isn't part of this group; he has seen the evidence and is willfully ignorant of it. ",Sarcastic,Sarcastic,Agree,620,99,True,Sarcastic
754,"I see that river runs wide and deep on the left bank, de Nile.",Sarcastic,Sarcastic,Agree,62,14,True,Sarcastic
756,"Hmm.. does that include the Muslim Communities you were associated with too?.. We know as rational people that Denial is the Christians best weapon. You should seriously consider increasing your medications.. 
",Sarcastic,Sarcastic,Agree,211,31,True,Sarcastic
757,"Doesn't count. Took place in a ""gun free zone"". By law no guns are allowed there, so by law this incident couldn't take place.",Sarcastic,Sarcastic,Agree,126,24,True,Sarcastic
758,Simple. The big government people will tell you that it's in everybody's best interest. The criminals will just kill you without debate.,Sarcastic,Sarcastic,Agree,136,22,True,Sarcastic
759,"That's not entirely true. For example, a country that isn't already saturated with, say, handguns, would imo greatly suffer if handguns were suddenly legalised. Banning handguns in a country that is saturated already, is imo, idiotic.
 
 -Wez",Non-Sarcastic,Non-Sarcastic,Agree,244,37,True,Non-Sarcastic
760,"I suggested nothing. You are reading into this some thing that is absent. ""The nurse then informed me, if I had answered yes to any of the questions, I would have lost my concealed carry permit as it would have gone into my medical records and the VA would have reported it to Homeland Security. Looks like they are going after us vets.""",Sarcastic,Sarcastic,Agree,337,63,True,Sarcastic
761,"I don't think this approach is all that new, but I have to admit that I haven't been around as many of the old-school creationists.",Sarcastic,Sarcastic,Agree,131,25,True,Sarcastic
762,"Here is what fascinates me about the judgmental criticism you offer of my opinion. In typical fashion you make claims which you don't support at all. Here is my post below, point out WITH EVIDENCE!!! what I am distorting in any way; especially that which I hold dear. In other words, write a cogent and rational post which makes sense when applied to the quoted post it intends to attack. emoticonXDonno",Sarcastic,Sarcastic,Agree,403,71,True,Sarcastic
764,"Yeah? And who are you, Judge Judy? What would you know about the subject? It's your fellow left-wing radicals like Van Jones who think communism ought to be embraced.",Sarcastic,Sarcastic,Agree,166,29,True,Sarcastic
765,Ludacris and many others in the hip hop scene disrespect women with their lyrics and videos. Much of what hip hop puts out contributes to unwanted pregnancies.,Sarcastic,Sarcastic,Agree,159,27,True,Sarcastic
766,"Actually, that's your job, since it's already generally assumed that guns don't fuel aggression. You're the one who brought that point up, it's your job.You need unquestionable proof that the mere presence of a gun fuels aggression, and so far, none has been presented to me.",Sarcastic,Sarcastic,Agree,275,46,True,Sarcastic
768,"Whose culture are we talking about, here?I thought I was a member of the culture. What am I, chopped liver?",Sarcastic,Sarcastic,Agree,107,20,True,Sarcastic
770,"What about all the ova that weren't fertilized?! Just wasted, completely wasted and forgotten! THE HUMANITY! OH GOD!!!",Sarcastic,Sarcastic,Agree,118,18,True,Sarcastic
772,why aren't the iraqi's who killed them held responsible? do you currently hold john kennedy responsible for the deaths in vietnam? what about korea? who was responsible for the deaths there? wwii? how about the revolutionary war?  that bad ol' george washington. killin' all those poor colonists.,Sarcastic,Sarcastic,Agree,296,47,True,Sarcastic
777,"So you would have the mother, all four fetus's die instead. Well, just so long as your conscience is clear.",Sarcastic,Sarcastic,Agree,107,20,True,Sarcastic
779,"And how is your think group any different, you all think alike just as gun owners all think alike. So stop calling the kettle black.",Sarcastic,Sarcastic,Agree,132,25,True,Sarcastic
784,"This can only be plausible if the victims were killed before they reproduced.
 
 But, still evolutionary psychology is tenously at best called ""science.""
 Just as most of psychology IMO is barely science, if at all.",Sarcastic,Sarcastic,Agree,218,35,True,Sarcastic
785,50 years? wow! really? is that a typo? exactly which years? from when to when? i'm confused.,Sarcastic,Sarcastic,Agree,92,17,True,Sarcastic
786,"oh yeah, i almost forgot... what about all the plants, weeds, trees that were under water? many of them wouldn't be able to survive, like cacti, so did ole noah have to bring all that stuff along too? man! i hope that boat was big.",Sarcastic,Sarcastic,Agree,231,45,True,Sarcastic
787,So geology is a religion because we weren't here to see rock X formed?,Sarcastic,Sarcastic,Agree,70,14,True,Sarcastic
788,Still clueless and still presenting a barrel of laffs I see. Have someone that can read and comprehend spell it out for you. I bet yer mun is considering that to get you out of the basement. How's the weight loss coming by the way?,Sarcastic,Sarcastic,Agree,231,45,True,Sarcastic
789,"It's remarkable then, how much progress we've made. You may or may not approve of the theory, but it works very well at learning more about biology.",Sarcastic,Sarcastic,Agree,148,27,True,Sarcastic
792,Got to watch the sneer and smear channel. Rachel Maddow will be frothing out of mouth and nose.,Sarcastic,Sarcastic,Agree,95,18,True,Sarcastic
794,"since when has a prescription stopped people from getting the drug? if they want it bad enough to steal it, nothing will stop them.",Non-Sarcastic,Non-Sarcastic,Agree,131,24,True,Non-Sarcastic
796,"I would just want the woman to ask that question before she spreads her legs.
Dono",Sarcastic,Sarcastic,Agree,83,16,True,Sarcastic
799,"emoticonXDonno
You aren't seriously going to deny the homophobia in sports by pointing to a FEMALE dominated area, are you? 
",Sarcastic,Sarcastic,Agree,127,20,True,Sarcastic
804,"Eighty-nine times. Still quite a junior partner. I must admit that he doesn't like to be slighted though, as evidenced by Luke 12:10. One can say some nasty things about the Son of Man, and all's fine. But say one off-colored comment about the Holy Ghost and it's lakes-o-fire time. He needs to get thicker skin, IMO. Do ghosts have skin, BTW? 
",Non-Sarcastic,Non-Sarcastic,Agree,346,62,True,Non-Sarcastic
805,It's either that or he's a frustrated tenor for the Vienna Boys Choir. ;),Sarcastic,Sarcastic,Agree,73,14,True,Sarcastic
806,"Oh you do love to do the psychological technique known as 'transference' don't you...or is it 'projection'???  You are so obsessed with gay sex, I would not be surprised if you and Ted Haggard have a lot to talk about. ",Sarcastic,Sarcastic,Agree,219,40,True,Sarcastic
807,"So, I guess you didn't get the memo that this country was FOUNDED on Christian/Judaic beliefs. Remember: You do have rights; to an extent.",Sarcastic,Sarcastic,Agree,138,24,True,Sarcastic
808,i love when she reaches for that after wards; its like a hotel bed with 'magic fingers'. shakes the whole bed to help me get to sleep.,Sarcastic,Sarcastic,Agree,134,27,True,Sarcastic
809,"what? i have a guess as to what you meanby this, but its worded very oddly.",Sarcastic,Sarcastic,Agree,75,16,True,Sarcastic
813,I see I jumped the gun. That was well stated.,Sarcastic,Sarcastic,Agree,45,10,True,Sarcastic
815,"first of all, let me just say that that is an excellent whitesnake song. but i'm a little surprised!emoticonxwow all the complaints i got about giving out my personal problems and here you are complaining about wanting a relationship. does no one else see the irony in this? the problem is obvious to me. okay i take that back, it really isn't. does going to kichen supply stores really help?",Sarcastic,Sarcastic,Agree,392,70,True,Sarcastic
817,"hmmmm..., unwanted competition...., i guess you are all on that database then ;)",Sarcastic,Sarcastic,Agree,80,13,True,Sarcastic
819,so you think it would be ok to fire people for being secular atheists?,Sarcastic,Sarcastic,Agree,70,14,True,Sarcastic
820,"Oh, I think they ought to creat this superstate and we Americans will REALLY have a big laugh. Go for it. I need the levity.",Sarcastic,Sarcastic,Agree,124,25,True,Sarcastic
822,"well, if one must make a choice, then let's make the question more pertinent to this discussion. from a public health perspective regarding aids, which would be better: all sex outside a momogamous relationship between tested individual protected, whether promiscuous or not or only promiscuous sex protected and non-promiscuous sex unprotected? (leaving aside a common definition of 'promiscuous' -- you use your mysterious definition, i'll use mine.) i'd vote for the former. you? well, if you want gay people to be less promiscuous (still without a determined definition), support our full integration into the larger culture and stop calling us immoral. in the long run, we'll end up acting just as randy -- or not -- as anyone else.",Non-Sarcastic,Non-Sarcastic,Agree,737,119,True,Non-Sarcastic
823,"Unriggable, your statement should read the so-called ""pro-life"" since they are anything but.",Sarcastic,Sarcastic,Agree,92,13,True,Sarcastic
824,"Unless you're suggesting that the wiggas are getting the sistahs then the question could be construed to presuppose ""black men are takin' our women"" IYGMD. Where have I heard that before?",Non-Sarcastic,Non-Sarcastic,Agree,187,31,True,Non-Sarcastic
826,Contradict what? Thank you for acknowledging that I know what I'm talking about. I call it questioning. You call it wrangling because you've no coherent thoughts of your own.,Sarcastic,Sarcastic,Agree,174,29,True,Sarcastic
827,"Now I read this and thought there are two ways I could describe you:1) You are very poorly read in history.or2) Why don't you give a damn about the born? at what point does that defenseless little child become second in your concerns to the unborn?I'm intrigued, I really am.",Sarcastic,Sarcastic,Agree,275,50,True,Sarcastic
828,"But what about the married couple who know right up front they do not intend to have children, don't even intend to try? Do we ban them from marriage to?",Sarcastic,Sarcastic,Agree,153,30,True,Sarcastic
830,"No, but some intelligence should be exercised when going to a court of law.   For example, the choice of the board on WHO to represent them.   Do you think that the judge will be able to totally dismiss in his mind that this group mission is to push a religious agenda?",Sarcastic,Sarcastic,Agree,269,51,True,Sarcastic
832,"yes, it's david koresh's fault that the fbi burnt children alive, right? disgusting. however evil or deluded david koresh might have been, nothing he did compares to gassing and then setting on fire large numbers of children, an act you apparently applaud.",Sarcastic,Sarcastic,Agree,256,42,True,Sarcastic
834,"Oh sorry, I didn't understand what you were asking.   Ok, what I think happened {Like Tasyfish hinted at} was that Moses recorded what god told him or Genesis 1 because it is in more detail, and Genesis 2 is what was passed down through Noah, in Oral history, so it would differ slightly, but that's becaue of man's error, not God's.",Sarcastic,Sarcastic,Agree,333,61,True,Sarcastic
835,because you wanna be wrong all the time...that seems like a good reason :),Sarcastic,Sarcastic,Agree,74,14,True,Sarcastic
836,winston dearie before you decide to go flapping your gums at me over something you don't like i'd suggest you take the test first and see for yourself. the pictures are extremely stereotyped to the point of being racist caricatures that were popular in the early half of the 20th century.,Sarcastic,Sarcastic,Agree,288,51,True,Sarcastic
837,"When do you advocate breeding blond haired, blue eyed citizens to purify the US?",Sarcastic,Sarcastic,Agree,80,14,True,Sarcastic
840,"Well, if someday you have a real answer, feel free to post it.
Oh, and don't worry about me. I won't be holding my breath.",Non-Sarcastic,Non-Sarcastic,Agree,123,25,True,Non-Sarcastic
841,the liberal propoganda army is on the way? the man  must be lonesome!,Sarcastic,Sarcastic,Agree,69,13,True,Sarcastic
843,"Well, if burglars want to steal guns then it makes sense that they would be likely to target the homes of gun owners. And the source is from the recently published book Evaluating Gun Policy which you can read and review. The source is listed at the bottom.",Sarcastic,Sarcastic,Agree,257,48,True,Sarcastic
845,"why not? it's a complete living human organism; any distinctions are aribitrary opinions, not biological facts.",Sarcastic,Sarcastic,Agree,111,16,True,Sarcastic
847,"Well, your parents' parents also had parents who had parents who had parents which all streams back down to 2 people who God created...adam and eve. so ultimately your life is a gift from God because the whole human race was created by Him.",Sarcastic,Sarcastic,Agree,240,44,True,Sarcastic
849,And then you can go pat yourself on the back and pretend it's all better. I hope your personal comfort level will be worth the havoc that will be brought upon the lives of women.,Sarcastic,Sarcastic,Agree,178,35,True,Sarcastic
850,"So then, are we to presume that you would favor the sale and distribution of, to take the worst possible example, kiddie porn with no restrictions?   After all, the First Amendment says ""Congress shall make NO LAW abridging freedom of the press.   BTW, re. Texas v. Johnson: Is a flag burning speech, and where in the Constitution does it say so?   I agree with the decision, which simply goes to prove that even a blind Antonin can find a peanut now and then.",Non-Sarcastic,Non-Sarcastic,Agree,460,83,True,Non-Sarcastic
853,"Don't forget cheaper to feed, take orders better, and are harder to hit.",Sarcastic,Sarcastic,Agree,72,13,True,Sarcastic
854,"What prompted this?I guess I need to check what website I'm in...Your response, Orion, (like trs) is that of a gutless, spineless, dip-wad. One who would tinkle in your drawers if you made such a claim while facing me. But, I've dealt with your sorry, trashy kind before and have found that no matter what is said, you'll act like you're ten foot tall and bulletproof.But, carry on, Orion. You've shown your true colors now. Cluck at will... emoticonXChicken emoticonXRolleyes",Sarcastic,Sarcastic,Agree,476,80,True,Sarcastic
856,"who knew? I wonder if I could have passed all those philosophy tests based on the philosophy I absorbed?
",Non-Sarcastic,Non-Sarcastic,Agree,106,19,True,Non-Sarcastic
859,it wasn't the best movie ever mind you but it was still fantastic.,Sarcastic,Sarcastic,Agree,66,13,True,Sarcastic
861,i'm shocked that people side with illogical arguments rather than logic.,Sarcastic,Sarcastic,Agree,72,11,True,Sarcastic
862,"So the Bible proves the Bible right! Of course! Now I'm converted! emoticonXRolleyes
You know cyclical arguments are fallacies, right?",Non-Sarcastic,Non-Sarcastic,Agree,135,20,True,Non-Sarcastic
863,"But I thought it was the easy gun laws in the U.S. that made Mexico's cities a shooting gallery? Same as L.A. and less than D.C.?   Amid Drug War, Mexico Less Deadly Than Decade Ago",Sarcastic,Sarcastic,Agree,181,35,True,Sarcastic
867,"Well they didn't. That's a nice proclamation, but it's a little late. Perhaps you would fight for better sex education?",Sarcastic,Sarcastic,Agree,119,20,True,Sarcastic
869,You can't...only admin can...and there's no need to be sorry.,Non-Sarcastic,Non-Sarcastic,Agree,61,10,True,Non-Sarcastic
872,They can if they're Catholics since Evolution is accepted doctrine now in the Church.,Sarcastic,Sarcastic,Agree,85,14,True,Sarcastic
875,"Winning any political election has never been about electing the ""best"" man for the office, it simply means you appeal to the majority of people that showed up to vote. Smartest and most popular aren't necessarily the same person, if you went to school you probably remember that. ;)",Sarcastic,Sarcastic,Agree,283,49,True,Sarcastic
876,"You mean Priests? Because I hear the ladies are crawling all over them, can't get enough of that catholic loving...",Sarcastic,Sarcastic,Agree,115,20,True,Sarcastic
877,"Wow. emoticonXWow emoticonXDonno 
I don't even know where to start with this one.
Waxy",Non-Sarcastic,Non-Sarcastic,Agree,88,14,True,Non-Sarcastic
879,"Right, expect when talking about the 14th amendment. The way you guys like to define ""equal protection"" would make it so any restriction is unequal.",Non-Sarcastic,Non-Sarcastic,Agree,148,25,True,Non-Sarcastic
880,"Still no response, eh.
OK, let me put it more clearly, were you lying with what you stated in another forum, which is what I posted in #42, or are you lying now?emoticonXMad",Non-Sarcastic,Non-Sarcastic,Agree,174,33,True,Non-Sarcastic
885,"Since you seem to know Jebus so well why don't you ask him to make an appearance and tell all of us heathens the error of our ways.. Why not let Jebus tell the world what he thinks about Homosexuals ... Oh wait.. Jebus never mentioned the subject so this is just YOU and YOUR ilk spreading more homophobic paranoia ... 
You've reached a new Low EZridden.. and I never thought you could get any lower ...emoticonXBounceremoticonXBouncer",Non-Sarcastic,Non-Sarcastic,Agree,436,77,True,Non-Sarcastic
887,"besides pain, there is a plethora of experiences that take place in a person's mind that cannot be yet detected by science. imagination, taste, dreams, art appreciation, etc. even though these things are real, they cannot be quantitatively described in physical terms, so they cannot be treated by science",Sarcastic,Sarcastic,Agree,305,49,True,Sarcastic
889,"And I challange you to find just one instance where he's ever claimed that ALL fossils have ALWAYS been found at precisely the right depth. And then link to it, of course. It will be amusing to see how you misinterpreted whatever was actually said.",Sarcastic,Sarcastic,Agree,248,45,True,Sarcastic
891,"can you back up this claim that cancer is spreading? no. evolution isn't 'supposed' to do anything. stuff changes, life goes on. could you transalate this into english please?",Sarcastic,Sarcastic,Agree,175,29,True,Sarcastic
892,Just because it doesn't make it into press doesn't mean that normal self-defense doesn't occur and is illegal.,Sarcastic,Sarcastic,Agree,110,18,True,Sarcastic
893,But that is your goal whether you want to admit it or not. And that is your sole way of defending creationism as you have admitted you cannot argue creationism based on its own merits. Creationism is wrong independent of Evolution. Even if you somehow manage to disprove evolution (along with every science) you still have to even take a single step towards proving Creationism.,Sarcastic,Sarcastic,Agree,378,65,True,Sarcastic
897,"I have seen absolutely no law stating that it's legal for minors to be ""toting"" around weaponry in full view of police officers, and thus unable to be arrested. Please provide this law so you can prove your point and show that you're not a fear-mongering, gun-hating troll.",Sarcastic,Sarcastic,Agree,273,48,True,Sarcastic
898,are you clear as to what you are questioning here? or just kicking up dust? sounds like a are you still beating your live in lover type of question from the gunners seat.,Sarcastic,Sarcastic,Agree,170,33,True,Sarcastic
901,"Only approximate and really depends upon what day you start counting, before or after menses.",Sarcastic,Sarcastic,Agree,93,15,True,Sarcastic
902,"Again, as an ignorant layman, I can only get the gist of this material, but how anyone could possibly argue against the genetic code as a product of intelligent design is beyond me.",Sarcastic,Sarcastic,Agree,181,33,True,Sarcastic
903,Fine... go live in China. Live in their socialism. Enjoy your 2 an hour!,Sarcastic,Sarcastic,Agree,72,14,True,Sarcastic
904,"i'm surprised that you disagree, seeing as how you've seen the hills have eyes. i'd say hills have eyes was one of the more disturbing films.",Sarcastic,Sarcastic,Agree,141,26,True,Sarcastic
905,I will think of Jebus...but I don't drink Koolaid anymore. Too sweet and sicky tasting. Yuck. I'm into the hard stuff now. Tap water over ice.,Sarcastic,Sarcastic,Agree,142,26,True,Sarcastic
910,"Well, if you want to tell the truth, the theory of evolution is NOT a religion, it involves no magical deities, it takes nothing on faith. And since creation involves supernatural forces that are supported by absolutely NO evidence, it is not a scientific theory.",Sarcastic,Sarcastic,Agree,263,45,True,Sarcastic
911,Just because a man pays support doesn't mean he is part of the childs life.He has no obligation to do *fatherly* things with his child.Women pay child support BTW.,Sarcastic,Sarcastic,Agree,163,29,True,Sarcastic
913,Wouldn't it be great if all the gay activists for gay marriage moved to Canada.......,Sarcastic,Sarcastic,Agree,85,15,True,Sarcastic
914,"1st calm down. 2nd. a fucking definition of bisexuals that they are only attracted to full males and full females from merriam-webster 'characterized by a tendency to direct sexual desire toward individuals of both sexes' i don't see anything about having to like full males or full females, sounds like something you made up to try to make a point. 3rd it's 'bi' not 'multi'. then why aren't pansexauls called multisexuals? oh yeah because there's still only two sexes, and multi means more than one and pan means all...sooooo... yeah they're the same thing",Sarcastic,Sarcastic,Agree,558,94,True,Sarcastic
917,"You know 'my kind'? How very presumptuous on your part. Then you know individual choice is the issue, not enforced medical procedures. You didn't answer the question regarding pregnant women who intend to carry to term being required to have a sonogram.",Sarcastic,Sarcastic,Agree,253,42,True,Sarcastic
922,can you believe the stupidity of those who think it acutally is not sex? i am surprised that the two on this board who thinks its not sex won't comment on it. lol,Sarcastic,Sarcastic,Agree,162,33,True,Sarcastic
923,"i do not understand how sexism, slavery and filicide fit into a being that is supposed to be infinitely moral. care to justify that for me? oh wait... you can't.",Sarcastic,Sarcastic,Agree,161,30,True,Sarcastic
925,"I'm afraid I don't recall ever saying that. Surely if I said it, you could produce some evidence, right?
",Non-Sarcastic,Non-Sarcastic,Agree,106,19,True,Non-Sarcastic
926,"Well if your claim is that you shouldn't push a gun owner's buttons and make them mad, then why are you arguing with me when that's what you're claiming is the wrong thing to do?",Sarcastic,Sarcastic,Agree,178,35,True,Sarcastic
927,"Good. But seeing how this was proposed over a century and a half ago by Darwin, what took the creationists so long to catch up?",Sarcastic,Sarcastic,Agree,127,25,True,Sarcastic
928,"That one's out. You don't allow Socialists to create a Democracy. They have no experience with democracies. :) 
",Non-Sarcastic,Non-Sarcastic,Agree,113,18,True,Non-Sarcastic
930,"i'm pretty sure you're joking... but still, if one has the power to acquire and manipulate knowledge sufficiently well, then one can learn to protect himself from bombs and such. my house was recently afflicted by ants. massive amounts of ants. yet their numbers did not amount to much after the strategic placement of a few of these.",Sarcastic,Sarcastic,Agree,334,58,True,Sarcastic
931,"Ahh...I perceive that Cauchy3 or one of his descendents has made it to this site.
Friends, we are in for some surreal poetry!",Non-Sarcastic,Non-Sarcastic,Agree,126,23,True,Non-Sarcastic
932,"And it will, I guess, take an amendment to deny rights to and make a whole segment of the population second class citizens.",Sarcastic,Sarcastic,Agree,123,23,True,Sarcastic
934,"From my first post, starting with the quote from the religioustolerance website;",Sarcastic,Sarcastic,Agree,80,12,True,Sarcastic
939,Well he has further political aspirations..........The 9th circuit in Sodom (SF) is always making law instead of interpreting it........That is why they are over ruled so often.......,Sarcastic,Sarcastic,Agree,183,27,True,Sarcastic
940,"Bad guy vs bad guy is included to be sure but remember, 43% of the people in the study had no criminal record.",Sarcastic,Sarcastic,Agree,110,23,True,Sarcastic
941,The OP assumes ID is real. Asking specifics is ridiculous because we do not know how the proof of ID would be revealed or exactly what the intelligent ' force ' or manifestation would be,Sarcastic,Sarcastic,Agree,186,35,True,Sarcastic
942,"Rather unsurprisingly, the U.S. constitution does not have any bearing on Australian law.",Sarcastic,Sarcastic,Agree,89,13,True,Sarcastic
944,not likely waxy: i just thought snakespit's scornful post would have been more effective if he hadn't used 'dear' three times when he meant 'deer'.,Sarcastic,Sarcastic,Agree,147,25,True,Sarcastic
945,"Again, key word ""genetic"". My hair has the genetic characteristics of a human, but that doesn't make getting a haircut murder does it?
",Non-Sarcastic,Non-Sarcastic,Agree,136,23,True,Non-Sarcastic
948,"**Not true. I most certainly do apply EAM to all empirical observations of biological originality, just to see if it still applies. To date, it always has. As for darwinian interpretations of that same evidence, presenting them and defending them is your responsibility, not mine.",Sarcastic,Sarcastic,Agree,280,45,True,Sarcastic
949,Haaaaa Haaaaa Haaaaaaah haahhhha HAhaaaa. My GOD I can't stop laughing Heeee Haaaa.,Non-Sarcastic,Non-Sarcastic,Agree,83,13,True,Non-Sarcastic
953,oh yes those horrible wicked gays that will distroy families and consume morality as we know it.,Sarcastic,Sarcastic,Agree,96,17,True,Sarcastic
955,Better that then spending eternity in a place with people like you.,Sarcastic,Sarcastic,Agree,67,12,True,Sarcastic
957,How the hell can you narrow it down to three? The competition in the entire top ten is fierce.,Sarcastic,Sarcastic,Agree,94,19,True,Sarcastic
961,What about it? What part of due process applies here? How does a requirement of the court affect people outside of the court?,Sarcastic,Sarcastic,Agree,125,23,True,Sarcastic
962,"Gasp! Oh, Jim's!
Be still my heart!
You called me proper! Sigh! That was the first time! I shall treasure it forever! :)",Non-Sarcastic,Non-Sarcastic,Agree,122,23,True,Non-Sarcastic
963,...and 8 beers are imo worse than one joint. People tend not to smoke as many 'doses' of pot as they drink 'doses' of alcohol.,Sarcastic,Sarcastic,Agree,126,25,True,Sarcastic
968,"Anyone who can read the entire page will find that Zeus is in there, but since you apparently can't read I forgive your ignorance.. emoticonXByeemoticonXBye",Sarcastic,Sarcastic,Agree,156,25,True,Sarcastic
969,"Okay, so we are talking about Christianity now, not just other religions...I see.
Well, then, I'm hitting the BS button....",Non-Sarcastic,Non-Sarcastic,Agree,124,20,True,Non-Sarcastic
974,"HEY - you took that cross out of context. Or did you have Dracula there, too?",Sarcastic,Sarcastic,Agree,77,16,True,Sarcastic
977,"You've gotta love when ignorance lends itself to incredible mistakes like the above statement. ""Excepting"" that there is some magical sky man is precisely what atheists do.   Looks like we have another Einstein who wants to test his opinions with people who actually know what they're talking about.   lpdm, you'd better learn quickly, or I don't think you'll like it here as much as you were hoping.   So far, you've been nothing but wrong.",Sarcastic,Sarcastic,Agree,441,74,True,Sarcastic
978,"oh do tell us of this dooms day event, will we need new nike sneakers and $1.75 in our pocket when we all die?",Non-Sarcastic,Non-Sarcastic,Agree,110,24,True,Non-Sarcastic
980,"Actually, Galileo wasn't killed. He was sentenced to house arrest. And his sin was in declaring that the earth moved since the Bible states that the earth doesn't move.",Sarcastic,Sarcastic,Agree,168,29,True,Sarcastic
982,Nothing I have stated is incorrect. If I did you would get specific.,Sarcastic,Sarcastic,Agree,68,13,True,Sarcastic
983,"would you consider yourself philosophical? no, i don't think philosophy is useful. everything they claim that cannot be supported by science is simple word games, like the ontological argument. lolzor is the first person i have discussed philosophy with ever, and i'm not impressed with philosophy's lack of demonstrative capabilities.",Non-Sarcastic,Non-Sarcastic,Agree,335,50,True,Non-Sarcastic
987,"i would call you a mid-size business if your payroll alone tops $500,000 a quarter... anyway, corporations do pass savings on. why do stores like wal-mart continue to be able to operate? they keep driving their prices down... and while americans complain about job losses they just love those low prices. yes, they do have much higher margins on their production, but they do pass some low production costs along...it would be far more expensive if they produced the goods in the us, would it not? certainly...",Sarcastic,Sarcastic,Agree,510,87,True,Sarcastic
990,That is a classic post from Easyrider! One of his more assinine attempts at intelligent design.,Sarcastic,Sarcastic,Agree,95,16,True,Sarcastic
991,"Besides the hundreds of cases in which such things are directly observed, I guess you're right.",Sarcastic,Sarcastic,Agree,95,16,True,Sarcastic
994,"Absolutely, and I am suggesting we first attack Sweden. That's my plan. emoticonXBanghead emoticonXBanghead",Sarcastic,Sarcastic,Agree,107,14,True,Sarcastic
996,"You've pretty much boxed yourself out of any meaningful method of inquiry with this and the idea of ""resetting telomeres"". If he can ""magic"" away any evidence of age, then he would be indistinguishable from any other 30 year old, so no examination or experimentation would turn up anything out of the ordinary.",Non-Sarcastic,Non-Sarcastic,Agree,310,53,True,Non-Sarcastic
997,"And where, pray tell are you pulling THIS strawman from?",Sarcastic,Sarcastic,Agree,56,10,True,Sarcastic
1001,"And that's all irrelevent, because pages 240-243 concern what happens in the world today, not what happened concerning creation. His feelings about God's interactions with the world today would be different if he had a basic knowledge of the Bible.",Non-Sarcastic,Non-Sarcastic,Agree,248,40,True,Non-Sarcastic
1004,"no darling, nobody has mentioned all those things but since you mentioned them ... yes, a baby could be a terrible incovenience in obtaining all those things you want, sorry need, such as education, a job, a secure financial future, feeling safe, makings your dreams come true etc etc etc. if your uterus is your greatest gift, then be careful to whom you give it, namely keep your legs crossed until mr righy shows up. :)",Sarcastic,Sarcastic,Agree,422,76,True,Sarcastic
1006,"So, IOW, you are saying that those of us who are intelligent enough to realize that your non existent imaginary god doesn't exist have a chemical imbalance? Wow, that's quite a stretch even for you Archie baby.",Sarcastic,Sarcastic,Agree,210,37,True,Sarcastic
1007,"Why am I not surprised chester, that chloe directly giving an in depth answer to you is perceived as not being germane to the topic. Since you never directly answer any proposition forwarded as you derail every thread by just serving up your off topic tripe. emoticonXGood
",Sarcastic,Sarcastic,Agree,274,47,True,Sarcastic
1014,"yea, I often forget ToE is a mental concept, not a scientific one. Nothing -- and I mean nothing -- will ever dismantle it in the minds of the faithful. Materialism is so entrenched in your mind that even if an animal generates a new piece of morphology by mere thought, sensation or awareness, and then passes that trait down to progeny, (which has been shown on here) you still think materialism stands. It's an unfalsifiable mindset that you and millions of others have created for yourselves.",Sarcastic,Sarcastic,Agree,496,87,True,Sarcastic
1017,"wow, you just said something smart. did someone steal your account?",Sarcastic,Sarcastic,Agree,67,11,True,Sarcastic
1020,"kudos, snakespit. i'm surprised that i'm saying that to you.",Sarcastic,Sarcastic,Agree,60,10,True,Sarcastic
1021,"Mother Says D.C. Police Shot, Injured Boy Holding Toy Gun|ABC 7 News   L.A. Police Shoot Boy Carrying Toy Handgun   Boy with toy gun fatally shot by West Memphis police The Commercial Appeal   Orlando Sentinel - Boy had realistic toy gun at Milwee Middle",Non-Sarcastic,Non-Sarcastic,Agree,254,43,True,Non-Sarcastic
1023,"So what you're saying is that a man can rape, rob, steal, molest children, reject God and Christ, start a major holocaust and wipe out 10 million people in the cruelest of ways, and a hundred other nasty things, and he gets a free ticket to heaven?",Sarcastic,Sarcastic,Agree,248,47,True,Sarcastic
1024,"you mean pascals sucker bet? if arch is wrong, he's wasted a good portion of his life and income catering to a false priesthood, a tick suckling off the fat and meat and marrow of their 'flocks'. he's prevented himself from exploring the wonderful opprotunities this limited life has to offer for the nebulous promises that come after death is assured.  furthermore, he's extolling others to do so also. because misery needs company to justify itself and in insecurity over the rediculous beliefs they hold, they need numbers to validate their wastes and servitude.",Sarcastic,Sarcastic,Agree,565,94,True,Sarcastic
1025,Thats why I say my gayness is His gift and blessing to me. There is nothing more joyous then gay sex.,Non-Sarcastic,Non-Sarcastic,Agree,101,21,True,Non-Sarcastic
1026,"Why conception? When a mature ovum leaves the ovary, it has every potential of turning into a human being. How dare I stand idly by while that potential life is wasted, unfertilized? No; clearly, it is my duty to try to reach that ovum with my seed. God said to be fruitful and multiply, so I am just following God's will.",Non-Sarcastic,Non-Sarcastic,Agree,322,61,True,Non-Sarcastic
1027,"Not to hijack the thread, but there's a question about ID that I've never been able to get an answer to. arn.org didn't help, but maybe you can DamEtel?What was the Designer supposed to have actually done, and when? I mean, did he create the first single celled creatures from scratch and dump them in the ocean billions of years ago, or did he just nudge some chemicals towards each other? Did he cause specific mutations in certain animals at some point to get a desired result? Or did he build animals from scratch, fully formed? I can't find any answers to these questions anywhere.",Non-Sarcastic,Non-Sarcastic,Agree,586,105,True,Non-Sarcastic
1028,Like you were raised? Looks like it didn't work and now those hormones must be kicking in? Nothing worse than a menopausal female grinding her ax...their favorite victims? Males.,Sarcastic,Sarcastic,Agree,178,29,True,Sarcastic
1030,"so here we have the forum spin doctor trying to cover up whats worse than a kerry flip flop
you can run but you cant hide",Sarcastic,Sarcastic,Agree,122,26,True,Sarcastic
1031,And there is still no evidence on the table for YEC.,Non-Sarcastic,Non-Sarcastic,Agree,52,11,True,Non-Sarcastic
1033,"No, I mean evolution, in which statistically random variation is but one factor. It's a terrible mistake to equate evolution with pure chance.",Non-Sarcastic,Non-Sarcastic,Agree,142,23,True,Non-Sarcastic
1034,"Well, I forgot to add one thing: a legal notice to the gov't about such behavior.",Non-Sarcastic,Non-Sarcastic,Agree,81,16,True,Non-Sarcastic
1035,Marriage is a secular condition set up by various Societies over the millenia and one of the prerequisites set out is that such a union should be between people of different genders.Religion has supported this and sanctified it but did not invent it.You don't curse the Church you lobby Society to see if you can effect a change. People who believe the different gender aspect are entitled to lobby for no change.,Non-Sarcastic,Non-Sarcastic,Agree,413,72,True,Non-Sarcastic
1037,"Once again, you have attempted to use the Bible to further your agenda and have been found lacking. emoticonXRolleyes 
",Sarcastic,Sarcastic,Agree,120,19,True,Sarcastic
1038,"Again, you are the affirmative, you must support your claims. Please support the claim that we are using an atheist presupposition. I think we are using more an agnostic presupposition, which is a neutral one.",Non-Sarcastic,Non-Sarcastic,Agree,209,35,True,Non-Sarcastic
1039,"So, if a baby is having trouble breathing that's been born already, you don't consider it a 'person'? Methinks you've not thought through the implications of your argument here at all.",Sarcastic,Sarcastic,Agree,184,31,True,Sarcastic
1040,"Indeed, Fellow Pastafarian, will those christians ever learn?: And indeed, DamEtel, fellow skeptic, will they ever learn? The answer is no. So... cheers.",Sarcastic,Sarcastic,Agree,153,23,True,Sarcastic
1045,"i love how you christian apologists repel in horror when you hear about muslim or jewish atrocities, and yet you don't even flinch when someone talks about the rape, murder, genocide, lying, deceit and homophobia committed by your god.  the spanish inquisition was an attempt to maintain catholic indoctrination through violence. you clearly feel asleep in history class. didn't do your homework, did you? i'm not going to deny that people have been influenced positively by christianity, but it's ludicrous to suggest that no bad things have come out of it. ever heard of a little something called to holocaust?",Sarcastic,Sarcastic,Agree,612,100,True,Sarcastic
1049,But surely it's ok to vote for a man who starts an unjustified war that results in the deaths of hundreds of thousands...right?,Sarcastic,Sarcastic,Agree,127,23,True,Sarcastic
1050,"So being easy to know makes it good? methinks that's not quite right.   Well the oldest fossils are (IIRC) 3.8 billion years old.......   Thats true, but we also don't know how the Mary Celeste came to loose its crew, but it did.   Actually, you have slipped into talking Bible here and seem to be refering to the miracle of Lazarus.   Evolution continues...... sadly for you, your lifespan means you won't see much of it happening, at least the sort of evolving that always seems to bake your noodle.   Young Earth Creationism is ""more well explained"" if we do the intellectual equivalent of sticking our fingers in our ears and yelling ""lalalalala! I can't hear you!""",Sarcastic,Sarcastic,Agree,669,115,True,Sarcastic
1057,"That seems reasonably likely, happens to a lot of people.   Umm, you're the one questioning whether the environment can cause cancer? The ""Evolutionist scientists"" you despise so much are the ones publishing papers about the environmental causes of cancer.   Cancer isn't ""selected"", people who get cancer often die and have no more children...   Think before you post next time? Or is that too much to ask?",Sarcastic,Sarcastic,Agree,407,66,True,Sarcastic
1058,"They found that it violated their state constitutions, right? This has nothing to do with the US Constitution.",Non-Sarcastic,Non-Sarcastic,Agree,110,18,True,Non-Sarcastic
1061,"Oh, now you've got Obama leaving a mess in your hole, and James Carville blasting your hole (Spicy Cajunspunk)?
Now Bubba's not so sure about wanting to plug/plough your hole. Boy you really do get around, EZ. That hole must be pretty wide and loose.",Sarcastic,Sarcastic,Agree,251,45,True,Sarcastic
1062,And what if it is one to me? Then your refute is equally refuted. The support for us not knowing lies in you and other's inability to provide anything beyond speculation as support for the assertion that an unborn child is not a person. Your own inability is my support.,Sarcastic,Sarcastic,Agree,270,50,True,Sarcastic
1065,That has to be a typo my friend. If you can compress the EB into only 1012 bits then you can write your own ticket in the field of data compression! Lets see 100 million pages into 1012 bits - fantastic - please tell us how. I really would like to put the entire literature of mankind (and more) on an Ipod. ,Sarcastic,Sarcastic,Agree,308,62,True,Sarcastic
1066,Well that explains your anger.:p I hope you are blessed with homeliness.:) Makes your commitment easier to keep. How old are you now? ,Sarcastic,Sarcastic,Agree,134,23,True,Sarcastic
1067,"So, he's immune to new information that contradicts his beliefs. He doesn't care, he has his own predetermined conclusions bolstered by reading whatever creationist rubbish he can find, and he simply refuses to let anything else make an impression on him.",Sarcastic,Sarcastic,Agree,255,41,True,Sarcastic
1070,"The Book of Genesis is either secular or observed history? Somebody get marc a dictionary, please. (And I'd link him to a long list of observed instances of speciation, but he'd ignore it yet again.)",Sarcastic,Sarcastic,Agree,199,35,True,Sarcastic
1073,Just as you are uninformed on the other subject? I honestly believe that is the only reason you don't at least partially accept evolution.,Sarcastic,Sarcastic,Agree,138,24,True,Sarcastic
1076,Reasonable gun regulation is an oxymoron like military intelligence. You mean like Bill Ayers (sic) and his wife or Carl Rowen? Wait my bad they aren't from the right.,Sarcastic,Sarcastic,Agree,167,29,True,Sarcastic
1077,"So indignities offered our citizens will be tolerated if dispensed in small doses? 
 Maybe we might educate the pirates what they should ""know better"" than to try. 
 My taxes pay to have a Navy presence around the world. Americans are American interests.",Non-Sarcastic,Non-Sarcastic,Agree,256,42,True,Non-Sarcastic
1080,"But you're missing one important fact.
 NONE of those ""reasons"" are required for marriage.
 Absolutely none of them. Any combination of man/woman can marry for whatever reason they want. Even if it's just drunken fun.",Non-Sarcastic,Non-Sarcastic,Agree,219,35,True,Non-Sarcastic
1081,"The question is: To what degree do wars cull out particular genes as opposed to ideas? Another thing to consider is not who is getting killed, but who is being born. Unless, something is done about the niche, it will just get filled again by whoever was decimated. Compare: Germans (hypothetically) settling in the Ukraine versus the US bombing of Hiroshima (which was not then settled by the US). Consistent genetic pressure is really key.",Non-Sarcastic,Non-Sarcastic,Agree,440,75,True,Non-Sarcastic
1082,"Actually it should be easily to relate to VOR on this: he only argues with emotion. No facts, no evidence, no proof, just emotion.",Sarcastic,Sarcastic,Agree,130,24,True,Sarcastic
1084,"Plain with the benefit of hindsight. I love how you're able to determine, not having been there, precisely what was said and precisely where it fell in relation to the law. If it was so clear, we'll see the prosecution for wrongful arrest in due course, I'm sure.",Sarcastic,Sarcastic,Agree,263,48,True,Sarcastic
1085,Dealing with a designated nuisance species isn't the same thing as hunting. It's wildlife management.,Non-Sarcastic,Non-Sarcastic,Agree,101,15,True,Non-Sarcastic
1087,"Actually the benefits of stable, safe and loving homes for chilren are important to society. To deny gays and lesbians are indeed able to provide this is a flat out lie. I have directed you to the AAP report on gay parenting. I would suggest you actually read it. ",Non-Sarcastic,Non-Sarcastic,Agree,264,49,True,Non-Sarcastic
1088,"Somehow I think most people are going to be a lot more comfortable with their kids seeing people in African atire with long hair than with scantily-dressed (or topless) people simulating sex acts. emoticonXRolleyes 
",Sarcastic,Sarcastic,Agree,217,34,True,Sarcastic
1093,Don't you ever get tired of acting like a little kid?Heaven forbid anyone who actually know what you think but you can bet it is another juvenile...,Sarcastic,Sarcastic,Agree,148,27,True,Sarcastic
1094,"Have another Midol, O stiff-necked ones.
And speaking of fathers, at best you godless (evolution-minded) heathens are the descendants of a tribe of lice-infected, large-foreheaded, knuckle-dragging, rump-sniffing troglodytes.
Which explains the quality of your world views.
emoticonXBouncer",Sarcastic,Sarcastic,Agree,293,37,True,Sarcastic
1095,"Well, that's your claim, anyway. Truth is that billions of theists accept evolutionary theory as is and reject the standard ID arguments.",Non-Sarcastic,Non-Sarcastic,Agree,137,22,True,Non-Sarcastic
1096,"Actually, try comparing murder rates with those of the UK - was my point, especially murder by gun. You've got your table of state shootings, and I've already argued against it.",Non-Sarcastic,Non-Sarcastic,Agree,177,31,True,Non-Sarcastic
1098,Lets all make vast generalizations that are not true. Seems fun emoticonXRolleyes,Sarcastic,Sarcastic,Agree,81,12,True,Sarcastic
1099,"And I'd hate to let you sneak across your dishonesty, distortions, disingenuous, and unsupported false assertions.",Non-Sarcastic,Non-Sarcastic,Agree,114,16,True,Non-Sarcastic
1100,"And if one accepts that gay citizens have equal rights under that Constitution, then one has to accept that a ban on gay marriage is intrinsically unconstitutional.",Non-Sarcastic,Non-Sarcastic,Agree,164,27,True,Non-Sarcastic
1101,"I've got a better compromise. We'll keep our magazines in whatever size we please, and we'll ban you, J Miro, Simone, and a random forum troll to be named later. That sounds fair and even in terms of trade to me.",Sarcastic,Sarcastic,Agree,212,41,True,Sarcastic
1102,"i support you on these things, however christians are considered warlike as an artifact of the crusades. in which they killed plenty of people (crusades are similar to jihad fyi).  however that idea is outdated. this debate could very easily turn into a useless flamefest like most here on religion. also i'm surprised you didn't use machiavellian in your argument to describe those men. edit: what about iran? the iran-iraq war was clearly a religious war.",Non-Sarcastic,Non-Sarcastic,Agree,457,76,True,Non-Sarcastic
1103,"Intelligent design is a recent concept (not associated with any one religion) and it hasn't had over 100 years to be studied. Why not start now? It can't happen if we block it from future generations. Why not give it a chance, study it, search for evidenc",Non-Sarcastic,Non-Sarcastic,Agree,255,47,True,Non-Sarcastic
1104,"what practical and proven measures does mr monbiot propose ? i somehow doubt that he is free markets enthusiast. it's no use changing the terms of trade for countries which are not producing enough wealth to buy anything - indeed some can't even feed themselves.  reference the wto etc., what is something 'more equitable' supposed to mean ?",Non-Sarcastic,Non-Sarcastic,Agree,341,58,True,Non-Sarcastic
1106,"Oh, but Sina does not live in a womb so she is unimportant.",Sarcastic,Sarcastic,Agree,59,13,True,Sarcastic
1108,The penis is not designed for the hand?so you want this entire board to believe you don't wank off! Oh come on.....get real...everybody does it...who are you kidding....You lost all crediblity right there!,Sarcastic,Sarcastic,Agree,205,33,True,Sarcastic
1109,to take the pis out on others? seems like the thing to do. if you're here to learn...consider your teachers... there are more effective means of acquiring knowledge and insight than to sit around and gab with your mentally defective peers.,Sarcastic,Sarcastic,Agree,239,41,True,Sarcastic
1111,"Your statment is like saying we evented 2+2= 4. We did not envent it, it aways existed. Same with logic, its a concept that exists apart from the meterial universe. But in the atheists worldview, only the meterial universe exists.",Non-Sarcastic,Non-Sarcastic,Agree,230,40,True,Non-Sarcastic
1113,Was your pretty graph supposed to convince me that the universe can't be understood? Perhaps I was to intuitively understand that you're right :p,Sarcastic,Sarcastic,Agree,145,24,True,Sarcastic
1114,Brinks plays on people's fears to sell security systems that don't even work. Insurance companies play on people's fears to sell their policies.,Non-Sarcastic,Non-Sarcastic,Agree,144,23,True,Non-Sarcastic
1116,"Well, when we talk about rights as allowable behaviour, then yes we do have this right. And it doesn't end when it affects someone else.
 
 GALTON:",Non-Sarcastic,Non-Sarcastic,Agree,149,26,True,Non-Sarcastic
1117,"My goodness, Tabbi. That was certainly a quick response. Do you live in here?
Don't you have a life outside of these precincts?",Sarcastic,Sarcastic,Agree,128,23,True,Sarcastic
1118,"Humm. More guns, more Concealed Carry and Violent Crime and Murder is down to it's lowest levels since they started to record it. So how can these studies be credible or considered in anyway correct.",Non-Sarcastic,Non-Sarcastic,Agree,199,35,True,Non-Sarcastic
1119,"you are again dodging the bullet: you kill pure and simply for pleasure not for necessity. By the way, how red is your neck today?",Sarcastic,Sarcastic,Agree,130,25,True,Sarcastic
1120,"That was someone else you were posting to about them ""hammering"" porn, whatever that means.Gay men watch hetero porn and thats the reason for so much gayness? Real logical.",Sarcastic,Sarcastic,Agree,172,29,True,Sarcastic
1121,What is incredible is that this is probably the most enlightened response I can expect from this crowd.,Sarcastic,Sarcastic,Agree,103,18,True,Sarcastic
1123,"oh don't kid yourself, you people were miserable long before I got here. Darwinists' arrogance is astounding.",Sarcastic,Sarcastic,Agree,109,17,True,Sarcastic
1124,"Well, that's disappointing.   I though the congratulations were for me (17th wedding anniversary yesterday).   Okay, I suppose a woman's right to choose might be as important. Congrats!   Smiley",Sarcastic,Sarcastic,Agree,194,28,True,Sarcastic
1125,"Confused? First you say you don't believe in killing children unless it's ""absolutly (sic) necessary"", then you say you can't imagine a time that it would be absolutely necessary. Can't you make up your mind?",Sarcastic,Sarcastic,Agree,208,35,True,Sarcastic
1126,"I believe the earliest gospel estimation is placed around 50 ad, which is almost 30 years after Jesus died.",Non-Sarcastic,Non-Sarcastic,Agree,107,19,True,Non-Sarcastic
1127,So you think that people that express a different point of view than you are doing something illegal? You must disagree with freedom of speech. You're a scary guy.,Sarcastic,Sarcastic,Agree,163,29,True,Sarcastic
1128,"That, my dear sir, is exactly the level of maturity I expect from you guys. :) A fine moderator you are, to be sure.",Sarcastic,Sarcastic,Agree,116,24,True,Sarcastic
1129,I see. Then you are attempting to define evolution out of existance. By your definition (not that of evolutionary biologists) evolution requires an increase in information. An unsupported creationist argument. Define information in a meaningful way. Please apply your definition to genetics and show why all genetic changes are a decrease in information.,Non-Sarcastic,Non-Sarcastic,Agree,354,53,True,Non-Sarcastic
1130,"Man, you are really enriching this debate. We should all sit and listen to your wisdom.",Sarcastic,Sarcastic,Agree,87,16,True,Sarcastic
1131,"However, we do give people alcohol, there are many people who drink it on a regular basis who are not addicts. What do these substances you mention have to do with being gay? Would it perhaps be okay for me to have homosexuality on the weekends or after work during happy hour?
",Sarcastic,Sarcastic,Agree,279,52,True,Sarcastic
1132,"Too late, drug usage has already created those epidemics. Legalizing drugs may increase some of them temporarily, but they already exist. I would argue that there would be a decrease in crime, for certain.",Non-Sarcastic,Non-Sarcastic,Agree,205,34,True,Non-Sarcastic
1134,"Looks like Boomberg wants his employees armed :)
Armed Guards At Pools After Lifeguard Attack - wcbstv.com",Sarcastic,Sarcastic,Agree,107,17,True,Sarcastic
1135,But just try and remove them from those that think we do and you will have a war on your hands. It's too bad we didn't become more like Canada is respect to gun ownership. A lot more people would be alive today and others not sitting in prison for crimes they commited.,Non-Sarcastic,Non-Sarcastic,Agree,269,53,True,Non-Sarcastic
1136,"New Jersey Poll: Birthers, Truthers, And The Anti-Christ -- Oh, My! | TPMDC
So that makes more than one out of three New Jersey conservatives who think Obama is either affirmatively ""the anti-Christ"" or they are ""not sure""...
emoticonXBanghead",Sarcastic,Sarcastic,Agree,245,39,True,Sarcastic
1137,"any evidence for said 'abandonment'? also, the thing most likely to secure a lasting peace in israel-palestine is for the us to stop subsidising the oppression of the palestinian people. in any case, i thought we were talking about abm systems, i'm not aware of israel having such a system.",Non-Sarcastic,Non-Sarcastic,Agree,290,50,True,Non-Sarcastic
1138,"That's a completely different issue jo. If those pro gay sites were accurately translating and interpreting the bible as it intended itself to be translated, I would accept it with open arms. But how can I accept the lies that homosexual apologists attempt to tell by distorting Gods truth in order to justify their sin? You should understand that I can't allow that rather than you using those corrupted sources in order to support what you personally want the bible to say. I welcome anyone to take the content of the links that tell each story within my link above, and disregard the info if any opposing info is found regarding the claims they make. But just attacking it because it's a jewish source is ridiculous.",Non-Sarcastic,Non-Sarcastic,Agree,719,126,True,Non-Sarcastic
1140,"Ah?""scratching head""I just woke up,what?womens choice,her body,death penalty?ah ok gotch ya.emoticonXFrazzled",Sarcastic,Sarcastic,Agree,109,11,True,Sarcastic
1141,"Those abortions that are perpetrated as ""birth control"" should be outlawed.",Non-Sarcastic,Non-Sarcastic,Agree,75,11,True,Non-Sarcastic
1142,"A fairly good explanation, toned down a bit from Darwin's explanation (for the average person who does not have a PHD in biology).",Non-Sarcastic,Non-Sarcastic,Agree,130,23,True,Non-Sarcastic
1143,"The simple fact is that people don't want the immense responsibility that logically pertains to their voluntary actions actions, so they fabricate denials of reality as a convenient escape, out of pure selfishness-- like every other atrocity in history.   The study of law includes an analysis of how people excuse their wrongdoings, fabricating pausible rationalizations for their acting to benefit at another's expense; denial is typically the first of these, claiming that the act ""does not hurt anyone,"" however obvious the contrary. Other rationales follow, such as self-preservation, natural right to act, and eventually growing defensive by blaming the victim.   While the fabricator typically believes his story original, it is anything but-- it's simply the inevitable course of selfishness.",Non-Sarcastic,Non-Sarcastic,Agree,800,119,True,Non-Sarcastic
1144,"And from this we are to infer that Leakey doubts human evolution? There is by now a huge variety of fossil hominids. If Leakey was admitting that it was difficult to be certain which were or were not directly ancestral to modern humans, this is no more th",Non-Sarcastic,Non-Sarcastic,Agree,255,48,True,Non-Sarcastic
1145,I believe once you have the rights granted persons that they may not be taking away because you are asleep or in a coma. Not unless of course it can be shown that higher brain activity has ceased and there is no reasonable expectation that it could return,Non-Sarcastic,Non-Sarcastic,Agree,255,48,True,Non-Sarcastic
1146,"ok to lie?? no. having people preaching 'the evolution of species from a cell to every living creature and plant life on earth', and tell me 'its darwin's origin of species, you should try reading it sometime', after i had just presented them an entire paragraph from hitler's meine kempf - entertaining! having your beloved talkorigins crew flunk the test straight-up as they were asked, 'who said the following, _________, hitler or darwin?', while going a whopping 0-3 for a revealing score of zero............ ...............priceless!!!!!!!!!!!!!!!!!!!!!",Sarcastic,Sarcastic,Agree,559,85,True,Sarcastic
1148,"Again???? Gun control laws by design are meant to kept inner city citizens (i.e. black) from owning guns... Liberal terms such as ""saturday night special"" all have racist undertones. Also since the majority of gun violence in the US is minority on minorit",Non-Sarcastic,Non-Sarcastic,Agree,255,43,True,Non-Sarcastic
1149,So you're accusing me of the thing that your most guilty of? As I remember your posts have been censored several times by admin because you resorted to viscious personal attacks and name calling. And aren't you interested in the truth. Why isn't whether Jefferson said it or not important?,Non-Sarcastic,Non-Sarcastic,Agree,289,50,True,Non-Sarcastic
1150,Genes transfered horizontally are as subject to selection as anyother form of gene. Once intergrated into the recieving genome they are simply one more heritable element and if they alter the phenotypes (many are either neutral or even inactivatee) then of course they are subject to selection. Why do you think otherwise? Remember that horizontal transfer is a rare event roughly on a par with ordinary mutations.,Non-Sarcastic,Non-Sarcastic,Agree,414,67,True,Non-Sarcastic
1151,"Well, it's not as though you hold your tongue all that often when it serves in support of an anti-gay argument.
",Sarcastic,Sarcastic,Agree,113,21,True,Sarcastic
1152,"i would ask you for a link, but this time i'm not feeling generous.  didn't you know that there are about 2.5 million cases of gun self defence annually, in about 92% of those cases nobody was harmed? does this even compare to the microscopic 102,200 deaths (don't tell me that's, wrong thats the very number that your cult has been using, comrade) that the brady fanatics have been whining about? your stats are simply untrue.",Sarcastic,Sarcastic,Agree,427,76,True,Sarcastic
1153,"Well, that just struck a chord with me. People of both sides say, We got the facts! The facts support our side! but it isn't about the facts but how we react to them.",Non-Sarcastic,Non-Sarcastic,Agree,166,34,True,Non-Sarcastic
1154,I see you still don't understand what a strawman is. It is hard to have a strawman when the comment wasn't directed at any particular claim....,Sarcastic,Sarcastic,Agree,143,26,True,Sarcastic
1155,"oh yes, christians are the people who strive to lose their virginity before marriage...not really. you will most likely hear more about christian people losing their virginity because it is more out of the ordinary (or the people are nominal christians) for example, the news broadcasts nearly every plane crash, but there are far more car accidents. i find it humorous that so many leftists try to label the right as racist or discriminatory in some way, and then comments like that are made. its all very hypocritical.",Sarcastic,Sarcastic,Agree,520,88,True,Sarcastic
1156,A telephone wire can transmit sound information without knowing it is transmitting sound data.,Non-Sarcastic,Non-Sarcastic,Agree,94,14,True,Non-Sarcastic
1158,"well, i'm back from my rejuvenating outing. did i have any epiphanies, you ask?  what, one wonders, could the old masters have produced if their minds were unrestricted, their canvases allowed to contain any subject capable of being conceived, without the censorious church acting as final arbiter and judge? mankind could have had this centuries earlier to uplift us in troubling times, and ennoble us in our daily pursuits.",Non-Sarcastic,Non-Sarcastic,Agree,425,69,True,Non-Sarcastic
1159,"valid argument? dna is a great tool, but not a factor in most cases. the fact is that innocents will be executed. what do christians consider an acceptable ratio? dono",Non-Sarcastic,Non-Sarcastic,Agree,167,30,True,Non-Sarcastic
1161,"Well, let's be honest here. People fear gay marriage, not that it might come about via judicial fiat. That's just the current whipping horse because that's how it happened first, for some broad values of judicial fiat of course. There was a recent post here about rights granted gays by their state legislature, Oregon I think, and a group jumped in and forced the law on hold via a petition drive. So it really isn't the means by which gays get equality that upsets some folks, it's the equality itself. ""judicial fiat"" is just a phrase people can use so they can avoid stating their true motives, preventing gays from being treated as equals.",Non-Sarcastic,Non-Sarcastic,Agree,644,114,True,Non-Sarcastic
1162,"I was addressing his list. I'm not denying that only one side has scandals. In fact, I counted. If you could read and understand why I mock your inability to contrast nine with one, you'd know that.
",Sarcastic,Sarcastic,Agree,200,37,True,Sarcastic
1163,"1) it is all hearsay 2) what if the child were american born? 3) who are you to say he was going to be a serial killer i am still trying to recognize your intelligence it is harder to find that the womds. talking of mass murderers, was dubya foreign born ?",Sarcastic,Sarcastic,Agree,256,52,True,Sarcastic
1164,"Pandion has already pointed out that this isn't a theory, it's a mode of wishful thinking. More damagingly, however, if you examine it for more than a moment it doesn't even fulfill the role you give it. You say 'many things in nature make no sense without God', but how do god's origins and nature make sense? Where did he/she/it spring from? All you do by invoking god as an 'explanation' is push the problems one step further back. The god hypothesis may look like an explanation, but it is not.",Non-Sarcastic,Non-Sarcastic,Agree,498,91,True,Non-Sarcastic
1165,"Well ok then, why dont you tell us ""right"" view on gay marriage?
(Instead of just b-wording)",Sarcastic,Sarcastic,Agree,93,17,True,Sarcastic
1166,"though bush, in this case, was quoting abraham lincoln, i'm surprised not to have seen any comments regarding his references to god. especially in... 'those who deny freedom to others deserve it not for themselves; and, under the rule of a just god, cannot long retain it.'",Non-Sarcastic,Non-Sarcastic,Agree,273,47,True,Non-Sarcastic
1167,i love it how no mention of bush can go long without the word nazi! emoticonxrolleyes,Sarcastic,Sarcastic,Agree,85,16,True,Sarcastic
1169,"i am mildly surprised steve hasn't argued that if we recognise gay marriage, we will have to accommodate the hoards of americans eager to marry their buicks, dogs and dead relatives. after all, if we lift one of the unreasonable restrictions on marriage we are compelled to lift every single last reasonable one. makes sense, right? emoticonxrolleyes",Sarcastic,Sarcastic,Agree,350,57,True,Sarcastic
1170,i love how you point out the obvious . like what's already been implied in the statement. lol.,Sarcastic,Sarcastic,Agree,94,18,True,Sarcastic
1173,"Well Duh! 
The answer has ALWAYS BEEN Drugs, and Drug Traffickers. Concentrate on them and you have the answer to the problems!",Sarcastic,Sarcastic,Agree,128,22,True,Sarcastic
1174,No you haven't. You expressed your opinion but refuted nothing.,Non-Sarcastic,Non-Sarcastic,Agree,63,10,True,Non-Sarcastic
1175,"australian? damn! i guess that's what i get for looking up 'popular american bands' lol. i didn't expect that though. my favorite band is actually australian, so that's cool. guns n roses is classified as an american rock band, since the majority of the members are from america. they wouldn't say 'an american band with a guitarist who is half american and half british'.",Non-Sarcastic,Non-Sarcastic,Agree,372,64,True,Non-Sarcastic
1176,"Oh, boy... here you come with your anti-religious bigotry rhetoric, who mentioned one thing about religiosity? C'mon Simone... let's coddle those little bats of common sense back under the belfry of reason where they are supposed to roost... They didn't n",Sarcastic,Sarcastic,Agree,255,41,True,Sarcastic
1182,"Unless its something he doesn't like, in which case the devil did it...",Sarcastic,Sarcastic,Agree,71,13,True,Sarcastic
1183,"I think if that happened, Texas probably will go back to being the lone star state.",Non-Sarcastic,Non-Sarcastic,Agree,83,16,True,Non-Sarcastic
1186,"I take it you have no understanding of science, much less the scientific method?",Sarcastic,Sarcastic,Agree,80,14,True,Sarcastic
1194,"oh yeah, they made all that stuff up for people who believe in that ;)",Sarcastic,Sarcastic,Agree,70,15,True,Sarcastic
1196,"Which, we suppose, in your mind releases the sperm donor of any responsibility whatsoever, right?Isn't it interesting that your solution for the abortion issue demands that women deny their sexuality while permitting men to run the gamut of theirs.Does this attitude, of which you are not the only proponent, stem from a hatred or a fear of women?",Sarcastic,Sarcastic,Agree,347,58,True,Sarcastic
1197,"And he's out!   By the way, why did you say ""strike III"" and not ""strike 3""?",Sarcastic,Sarcastic,Agree,76,16,True,Sarcastic
1198,"Well, not completely, but yes, quite the same. However, this is irrelivent- she wasn't a person, because she was in a coma. Does that give me the right to kill her? Of course not!  What about fetuses born in comas? Can we kill them?  What about people",Sarcastic,Sarcastic,Agree,251,47,True,Sarcastic
1200,"EZ is just delusional , you are ignorant.. there's a big difference. You should know considering he's your best friend...emoticonXHoho",Sarcastic,Sarcastic,Agree,134,20,True,Sarcastic
1201,"HOLY COW!!!! Is this the ""Sacred Institution of Marriage"" you and jyoshu are so fervent to protect?",Sarcastic,Sarcastic,Agree,99,17,True,Sarcastic
1202,But we have an enumerated Constitutional RKBA. Apples to oranges.,Non-Sarcastic,Non-Sarcastic,Agree,65,10,True,Non-Sarcastic
1203,"OOH bitchy ay?
Its worse than I thought you actually dont know your a*se from your mouthemoticonXClown
",Sarcastic,Sarcastic,Agree,105,17,True,Sarcastic
1204,"I not pushing this on you from a male chauvinist pig stance, but can you imagine the wrath of this woman would slay the largest dragon if turned toward effective argument techniques.
I'm wondering who he was wanting to call...or was he just trying to bring the phone bill within budget?emoticonXAngel",Sarcastic,Sarcastic,Agree,301,51,True,Sarcastic
1205,"Because Apes, monkeys and chimps are on different paths. You wouldn't expect a shark to evolve into a barracuda-like animal. things evolve to fill niches, we currently fill a niche, there is nothing pushing apes, chimps or other primates to fill a niche that is occupied. ",Non-Sarcastic,Non-Sarcastic,Agree,272,46,True,Non-Sarcastic
1206,"Actually, no. If it had not been for the gay couples and the organizations who helped them fight for equality it wouldn't be an issue now, but it would still be an issue.",Non-Sarcastic,Non-Sarcastic,Agree,170,33,True,Non-Sarcastic
1209,"I forgot you support the NKorea government....yeah, it would be a triumph to you.",Sarcastic,Sarcastic,Agree,81,14,True,Sarcastic
1212,You mean you equate the Bible with your own theory?(which is lacking information).,Sarcastic,Sarcastic,Agree,82,13,True,Sarcastic
1214,"No, thats not right. Evolution only deals with the diversification of life, not its origins, and most certainly not the origin of the universe.As typically defined, evolution is descent with modification -- or in equivalent population genetics terms -- change in allele frequency in a population over time.",Non-Sarcastic,Non-Sarcastic,Agree,306,48,True,Non-Sarcastic
1215,"Yup, I get the drift. You're the sort that is in denial about how he feels about gays; equating tolerance for gays with tolerance for murderers, while pretending you're doing something else. Now I know how you think, thanks!",Non-Sarcastic,Non-Sarcastic,Agree,224,39,True,Non-Sarcastic
1219,ROFL you don't even believe that given the democrat party's known escapades. I do hope you haven't stroked out due to the Brown victory. Let the games begin!,Sarcastic,Sarcastic,Agree,157,28,True,Sarcastic
1220,"I know the Pygmies live in Rain Forests now but these evolutions took place, according to you more than a hundred thousand years ago at the very least when the Weather patterns were completely different in Africa and everywhere for that matter. In addition, the OP states 5 genetic clusters based on 5 geographical Continents, that allows one for Africa, yet from that single cluster we get the shortest people on Earth and some of the tallest. Doesn't that cause you to question the reasonableness of this so called theory at all ? Or do you just blindly accept it because it comes to you in the guise of science ? And if it's science then it must be right, right ? emoticonXRolleyes",Sarcastic,Sarcastic,Agree,684,123,True,Sarcastic
1221,How gracious of you. I have not asked you to assume any morality when debating whether my morality is correct. Implying circularity is merely the excuse you've chosen.,Sarcastic,Sarcastic,Agree,167,28,True,Sarcastic
1222,"There are all kinds of social services, religious and otherwise available that will provide assistance to any woman who wants to carry her baby to term........
 
 When pro abortion people use that as and argument it is just a red herring and smoke screen.",Non-Sarcastic,Non-Sarcastic,Agree,257,44,True,Non-Sarcastic
1223,"I can see the headlines now ""Gays Wielding Deadly Purses Attack Christians"". ;)",Sarcastic,Sarcastic,Agree,79,13,True,Sarcastic
1225,"Most of them happening in the inner cities of Illinois, New York and California - states where the restricted access of firearms is supposedly designed to keep acts like these from happening.   Who's the real traitor in this case; Obama for not passing your gun control package? Or the black guys that feel the need to kill their fellow black men for whatever reason motivates them?",Non-Sarcastic,Non-Sarcastic,Agree,382,66,True,Non-Sarcastic
1226,"That post is not only off topic, but yet a further example of your being completely out of touch with reality.",Sarcastic,Sarcastic,Agree,110,21,True,Sarcastic
1229,"For one to have evolution as their foundation belief, means that one cannot be certian of anything.....",Non-Sarcastic,Non-Sarcastic,Agree,103,17,True,Non-Sarcastic
1230,"You mean on the road shared with the adjacent property they claim as tribal land? Mr. Brown was able to attend ball games. Not exactly held captive was he? Where in Canada is it illegal to defend yourself with a firearm, given sufficient threat? And what did the Indians do to the Brown's to justify using deadly force?",Non-Sarcastic,Non-Sarcastic,Agree,319,58,True,Non-Sarcastic
1231,"But evolutionary theory doesn't claim that species arise in a single generation. How does it make your point to argue against claims that evolutionary biologists don't make? In fact, is it honest to misrepresent evolutionary theory?",Non-Sarcastic,Non-Sarcastic,Agree,232,36,True,Non-Sarcastic
1232,Hehehe. Sounds like an American in a big SUV looking at $4/gallon gasoline with a maxed out credit card listening to fundamentalist talk radio.,Sarcastic,Sarcastic,Agree,143,24,True,Sarcastic
1235,"I just linked you to it. (You do understand how amendments work, yes?) Note the ""to lay.""
",Sarcastic,Sarcastic,Agree,91,17,True,Sarcastic
1236,"Plenty of instances of killings at courthouses to prove you wrong.   And let's not forget the biggest case of murder of innocent unarmed people in a gun-free zone. That's right, September 11th. Everybody but the terrorists were unarmed, everybody died. Can't get any worse than that.",Non-Sarcastic,Non-Sarcastic,Agree,283,46,True,Non-Sarcastic
1237,"Again, it's not the point. There are many who don't deny evolution, they believe it was guided. Showing examples of guidence - through artificial selection supports this theory",Non-Sarcastic,Non-Sarcastic,Agree,176,28,True,Non-Sarcastic
1238,And I've never seen anyone present observational evidence that would indicate that all creatures were specially created. Please do so.,Non-Sarcastic,Non-Sarcastic,Agree,134,20,True,Non-Sarcastic
1239,"Yes, it is interesting how we draw an arbitary ""legal line in the sand"" with regards to determining how late into a pregnancy an elective abortion is available.",Non-Sarcastic,Non-Sarcastic,Agree,160,28,True,Non-Sarcastic
1243,wow. that shows that my short term memory sucks. ok the 'kitchen' isn't any area in particular. you enter the kitchen by uttering insults.,Sarcastic,Sarcastic,Agree,138,24,True,Sarcastic
1246,"Nonsense. The most widely accepted idea is that these epics were oral traditions that were finally recorded in writing, possibly by a guy named Homer. Read and read.",Non-Sarcastic,Non-Sarcastic,Agree,165,28,True,Non-Sarcastic
1247,"You mean you're for real? You're not setting out deliberately to make creationists look as if they don't know what they're talking about? Because that's all you're achieving.
Still no source for the trillions, I see.",Sarcastic,Sarcastic,Agree,217,36,True,Sarcastic
1248,"Archie proves, for the umpteenth time, that he is utterly incapable of reading for comprehension.
Oh, and stop with the ""Obama is the antichrist"" rhetoric. You're embarassing yourself even more than usual.",Sarcastic,Sarcastic,Agree,206,32,True,Sarcastic
1249,"Man, these guys can't even get into the science before they're outright lying...",Sarcastic,Sarcastic,Agree,80,13,True,Sarcastic
1250,"i'm surprised homeland security can't have gun's in dc banned. it's a federal designation, is it not?",Non-Sarcastic,Non-Sarcastic,Agree,101,17,True,Non-Sarcastic
1255,I'm sure the next time your buddy DamEtel suggests I should be out stoning gays you won't report it either.,Sarcastic,Sarcastic,Agree,107,20,True,Sarcastic
1257,i'm surprised there aren't more people jumping into this one.,Non-Sarcastic,Non-Sarcastic,Agree,61,10,True,Non-Sarcastic
1259,would you like some cheese with that whine? emoticonxrolleyes btw this only shows over 60+ years of liberal government incompetence.,Sarcastic,Sarcastic,Agree,132,20,True,Sarcastic
1260,"so, clive, everyone that believes that god created the earth is an idiot? you need to spend some quality time with some that do and i think you'd change your tune.",Sarcastic,Sarcastic,Agree,163,31,True,Sarcastic
1261,"So your only link to gay rights and polygamy is a statement put out by a gay rights conference 30 years ago that does not EXPLAIN a link to polygamy, but shows it's support for it?   Hn ...   I'm with Justine on this one. This is a bit of a stretch.   It would be like me implying that your support for ""traditional marriage"" also supports spousal abuse just because marriages in the past allowed for wife beatings.",Non-Sarcastic,Non-Sarcastic,Agree,415,77,True,Non-Sarcastic
1264,"After Rump Limpballs and his XXXXX followers started calling me a ""Feminazi"", I was granted a license to call TeaBaggers TeaBaggers.",Sarcastic,Sarcastic,Agree,132,21,True,Sarcastic
1266,"i'm a communist and i like pie emoticonxdonno how dare you. i'm almost offended but am so intrigued by your avatar that i get a happy feeling inside and forget about it. but please, next time, please consider the communists when using them as an insult. emoticonxgood *although this post is mostly sarcastic, i am being a little bit serious.",Sarcastic,Sarcastic,Agree,341,60,True,Sarcastic
1268,"To this administration, Keynesian economics are conservative and FDR was a tightwad.",Sarcastic,Sarcastic,Agree,84,12,True,Sarcastic
1269,"Actually the Bible has changed, not to mention had omissions.",Non-Sarcastic,Non-Sarcastic,Agree,61,10,True,Non-Sarcastic
1270,"She should not have the baby in the first place, and thats what im saying. The only irresponsible move a 12 year old would be making is not having an abortion, as she is not physically and emotionally capable of raising or bearing a child.",Non-Sarcastic,Non-Sarcastic,Agree,239,45,True,Non-Sarcastic
1274,Surely this question be easy enough to answer.   Any rational thinking thiest want to give my question a shot?,Sarcastic,Sarcastic,Agree,110,19,True,Sarcastic
1275,"I'm British, from England, Manchester, the place where those that invented the first car, computer, railway and where the industrial revolution started.
Definitely not from the USA where youre more credited with stuff like the first gay bishop, etc, etc, lame!",Sarcastic,Sarcastic,Agree,261,41,True,Sarcastic
1276,"This is why people shouldn't have opinions, rather facts. Opinions should remain neutral untill sufficient objective evidence can be gathered. When people run off having ""opinions,"" they cause trouble.The fact that someone doesn't do or believe what he is selling doesn't affect the validity of the argument. There are teachers who don't believe in evolution, yet they teach it because it's standardized.You have people who promote an idea because it's popular, because of convention, or because someone tells them to.Someone can be saying something, believing something else, yet be totally wrong. THeir belief isn't the fact.",Non-Sarcastic,Non-Sarcastic,Agree,627,96,True,Non-Sarcastic
1277,"Actually, I don't have any respect for creationism in most of it's varied forms. I have had great respect for several individual creationists that I have met. But they earned that respect.",Non-Sarcastic,Non-Sarcastic,Agree,188,32,True,Non-Sarcastic
1278,"they wheel out the old 'god made it that way' answer- ignorance is bliss and it makes life so much simpler don't you think?  now, if you were talking fjords, thats a different matter. everyone knows slarty bartfarst designed those emoticonxclown",Sarcastic,Sarcastic,Agree,245,41,True,Sarcastic
1279,"Coveting is the basis for capitalism. Without coveting, there is no motivation!",Non-Sarcastic,Non-Sarcastic,Agree,79,12,True,Non-Sarcastic
1280,"So? God also says he made you out of dirt and then supernaturally lifting the dirt from the ground into the woman's uterus. Oh well, I suppose it is all beliefs no matter how silly it sounds.",Sarcastic,Sarcastic,Agree,191,37,True,Sarcastic
1282,"Very Interesting! After only 33 posts Mintaka already has the political and gun advocacy priorities of individual members here down pat; or should I say the resurrected antonia, our resident National socialist healthcare freak does and couldn't help but expose her personal insights where none should exist for this alleged newbie.",Sarcastic,Sarcastic,Agree,331,51,True,Sarcastic
1283,"Ah, so we shouldn't get all stirred up because little girls are singled out for slaughter?Please excuse me for having misplaced priorities.",Sarcastic,Sarcastic,Agree,139,22,True,Sarcastic
1285,"oh yes you have. if your memory fails you, i can repost your statements.",Sarcastic,Sarcastic,Agree,72,14,True,Sarcastic
1286,who said anything about knowing pearl harbour was the specific target? what i am arguing is that the attack on it was not inevitable. you know i am right so you are trying to shift the argument to roosevelt's foreknowledge or otherwise of the attacks.,Sarcastic,Sarcastic,Agree,251,45,True,Sarcastic
1287,Just as being anti-gun won't compensate for being born with a small brain.,Sarcastic,Sarcastic,Agree,74,13,True,Sarcastic
1288,"Hey, it's the same god, just older. The birth of his son mellowed him out, you know,.. made him think about the future more, and have to worry about responsibility and all that stuff.",Sarcastic,Sarcastic,Agree,183,34,True,Sarcastic
1289,"Are you blind, or can't you read? NATO just provided evidence right now.
",Sarcastic,Sarcastic,Agree,74,13,True,Sarcastic
1290,i was not trying to convince anyone. so what the hell is your point man? oh right there is no point. you are just trying to be an uncouth lout.,Sarcastic,Sarcastic,Agree,143,30,True,Sarcastic
1291,"Since when are profetallifers ""reasonable people""?
 
 How reasonable can it be for them to try to impose their particular answer to a metaphysical question on others who believe differently?",Sarcastic,Sarcastic,Agree,192,29,True,Sarcastic
1292,So let's just kill them and be done with it. Is that what you're saying?,Sarcastic,Sarcastic,Agree,72,15,True,Sarcastic
1293,exactly. and you use this example to display how feminists are bad mothers. sarah effing palin...of all people...you pick the worst mother... is she even a feminist? she seems far too stupid. edit: just because a woman is serious about her career doesnt mean shes a feminist.,Sarcastic,Sarcastic,Agree,275,47,True,Sarcastic
1294," she may have difficulty catching up with that."" You aren't helping your cause with statements like this.In logical debate, your claims are considered to be false until proven true, not the other way around.Nobody can disprove the existence of god, but that is not proof of god's existence. ",Non-Sarcastic,Non-Sarcastic,Agree,291,48,True,Non-Sarcastic
1296,"the blog is just the link for the article....geez, get a grip.",Sarcastic,Sarcastic,Agree,62,12,True,Sarcastic
1297,What can ya expect when they killed free speech in favor of hate speech tribunals? Diversity at work maybe?,Sarcastic,Sarcastic,Agree,107,19,True,Sarcastic
1298,You really are an idiot if you think China follows Jefferson,Sarcastic,Sarcastic,Agree,60,11,True,Sarcastic
1299,"are you completely incapable of making sense? penfold used deliberately obtuse language. this language was then explained to you. now you are arguing that 'turn the other cheek' is completely different, and in no way similar, to 'revolve/rotate' the other cheek. if you turn something, you revolve or rotate it. you're so busy being affronted by what people say that you come off as even more simple than they try to make you appear.",Sarcastic,Sarcastic,Agree,433,74,True,Sarcastic
1300,"Wait, did you really ask a question imply an answer and then condemn someone for it? Haha, your logic may be more delusional than I thought.",Sarcastic,Sarcastic,Agree,140,26,True,Sarcastic
1303,"Feel free samiinh. After all, chemist asked me the same question just yesterday pertaining to the same subject. And the same question about being angry at an allegedly non existent God applies to you too.",Non-Sarcastic,Non-Sarcastic,Agree,204,35,True,Non-Sarcastic
1304,World government is just around the bend! What shall we call it...The Company...The Authority...The End?,Sarcastic,Sarcastic,Agree,104,15,True,Sarcastic
1305,"i am surprised at your response since i see your posts as well considered and stated. i asked the question and you answered. to me it was clearly, by definition, inflammatory. we can agree to disagree and let readers make their own determination.",Non-Sarcastic,Non-Sarcastic,Agree,246,43,True,Non-Sarcastic
1306,"Actually the majority of homosexuals will tell you it's not a choice. And I, being the wacky gal I am, have a tendency to believe the word of homosexuals on that particular subject over the word of straight neonazicons.",Sarcastic,Sarcastic,Agree,219,39,True,Sarcastic
1307,"i am surprised you dont use the phrase religious persecution because that is exactly what i am doing to do to you, right?",Sarcastic,Sarcastic,Agree,121,23,True,Sarcastic
1308,"Yes, it does. But determining that age is not a question answered by evolution.",Non-Sarcastic,Non-Sarcastic,Agree,79,14,True,Non-Sarcastic
1311,"It is, Simone just thinks stealing is ok so long as you are hungry.",Sarcastic,Sarcastic,Agree,67,14,True,Sarcastic
1313,"reminds me of the cold war clamor of necessary 'defense' nuclear weapon parity with russia. considering the threats we make directed towards iran and others along with our occupation of iraq, i'm surprised our conceit hasn't made all of me and asia scramble for nukes. pakistan, 97% muslim, hides bin laden, governed by a general constantly avoiding assassination attempts, never a bad word about that us 'ally'. but they have nukes and delivery systems. i'd think iran believes, as we've shown, that the us doesn't spew the democracy at the point of a gun policy to those nations possessing nuclear weapons.",Sarcastic,Sarcastic,Agree,608,101,True,Sarcastic
1314,You mean the ones brought in by BOTH political parties? :),Sarcastic,Sarcastic,Agree,58,11,True,Sarcastic
1316,"It doesn't mean that state has to recoginze your marriage if you move in though.   You also forgot the last part ""And the Congress may by general Laws prescribe the Manner in which such Acts, Records and Proceedings shall be proved, and the Effect thereof.""",Sarcastic,Sarcastic,Agree,257,45,True,Sarcastic
1317,"Now this is a totally inaccurate generalization.I don't think you actually realize the sheer numbers of people who smoke pot in this country, and I'm talking on a regular basis.I am certainly one of them. I have friends that do it and friends that don't.We all lead your typical normal life.",Sarcastic,Sarcastic,Agree,291,51,True,Sarcastic
1318,"more from unkerpaulie's list: 'world net daily' is a 'medical/scientific institution'????????????????????? from the website: unbiased??????????????????? really, unkerpaulie, i am surprised you didn't list fred phelps website in your 'medical/scientific institutions' list.",Sarcastic,Sarcastic,Agree,272,31,True,Sarcastic
1319,"also josephdphillips sterilization would be automatically part of the process after the family has two kids. didn't mention it originally, but probably a good idea, since what would stop them otherwise?",Sarcastic,Sarcastic,Agree,202,31,True,Sarcastic
1320,Wrong and right.   Evolution is both a verified phenomenon and a biological Theory.,Non-Sarcastic,Non-Sarcastic,Agree,83,13,True,Non-Sarcastic
1322,"oh really, you've been dead before? what's that like? should i dress warm for heaven or is it kind of chilly up there in the clouds?",Sarcastic,Sarcastic,Agree,132,26,True,Sarcastic
1323,"wow, talk about a hypocrite who tells jito to read what he said, and then directly afterward comes up with something that she didn't say. i can't say i'm that surprised, jp. as to what she was talking about - she was (accurately) describing you as a bigot with hatred toward gays, evidenced by your many statements here, including the one she quoted in which you called her family a deviation.",Sarcastic,Sarcastic,Agree,393,71,True,Sarcastic
1324,"In my reading of the Declaration (and using the 1st. Amendment as a filter) it doesn't matter who or what the founders meant by ""Creator."" The conlusion is the same; regardless. Namely; The fact that the founders considered our basic rights to be inherrent.",Non-Sarcastic,Non-Sarcastic,Agree,257,44,True,Non-Sarcastic
1326,"SNIP
 
 This isn't evidence, this is an opinion piece made by someone with an agenda. Come back when you have something of substance.",Non-Sarcastic,Non-Sarcastic,Agree,135,23,True,Non-Sarcastic
1328,"i'm surprised that some people still aren't aware of what the chinese have done to upgrade their country. sure, certain areas like the financial sector are still lagging (which is why they won't float the yuan just yet), but when it comes to industry and infrastructure they're done a most admirable job. does anybody here also think it's kinda funny that a communist country is beating the us at their own game (i.e. capitalism)?",Sarcastic,Sarcastic,Agree,430,74,True,Sarcastic
1330,"Is the irony of Bushie here making statements about how they removed a totalitaran dictator, matched with his off colour joke about making the US a one party State lost on anyone?",Sarcastic,Sarcastic,Agree,179,32,True,Sarcastic
1332,"Just because they're our representatives, doesn't give them permission to trample the Constitution and the protections provided to the citizens. Look at how many laws have been passed, only to be invalidated and ruled as unconstitutional.",Non-Sarcastic,Non-Sarcastic,Agree,238,36,True,Non-Sarcastic
1333,So?I look into the clouds and see a cow. Clouds aren't telling me to have a steak.,Non-Sarcastic,Non-Sarcastic,Agree,82,17,True,Non-Sarcastic
1334,"Generally speaking, being labeled as hellspawn by Matthew is a good sign for any campaign. It means that the spawn in question is not likely to blame my checking account for the world's ills.",Sarcastic,Sarcastic,Agree,191,34,True,Sarcastic
1335,"Well....it was easier to get them to use those rather than the ones that just said ""White trash onboard"".......",Sarcastic,Sarcastic,Agree,111,19,True,Sarcastic
1343,"Really?!! I'm not aware of any kids being born to two gay biological parents (unless one is a lesbian and the other a gay man, that is).
",Non-Sarcastic,Non-Sarcastic,Agree,138,27,True,Non-Sarcastic
1345,"I think if you pay any attention, you'll find only hetero characters in Dr. Seuss. I'm sure if there were any suggestion of gay Whos for Horton to hear, the right-wing, anti-gay, pseudo-christians (specific enough for you?) would be trying to ban Seuss, too.",Sarcastic,Sarcastic,Agree,258,44,True,Sarcastic
1348,"i am more amused than anything else. i don't have to 'attack your character', you do a much better job at showing exactly what you are made of than anybody else can.",Non-Sarcastic,Non-Sarcastic,Agree,165,32,True,Non-Sarcastic
1349,"Don't be so faithful in our laws. Remember prohibition? Of course, I myself highly doubt that Obama will manage to ban firearms, but mark my words, he will do anything in his power to restrict them.",Non-Sarcastic,Non-Sarcastic,Agree,198,36,True,Non-Sarcastic
1351,"This could be used as an example in a 'how to be an internet troll' instuction book.
Evasive, obtuse and dishonest.",Non-Sarcastic,Non-Sarcastic,Agree,116,21,True,Non-Sarcastic
1353,"He may not hate it, but he sure does some strange things WRT it. For example: his World Apology Tour 2009. emoticon_rolleyes",Non-Sarcastic,Non-Sarcastic,Agree,124,22,True,Non-Sarcastic
1354,"The penis is not designed for the hand?
so you want this entire board to believe you don't wank off! Oh come on.....get real...everybody does it...who are you kidding....
You lost all crediblity right there!",Non-Sarcastic,Non-Sarcastic,Agree,209,35,True,Non-Sarcastic
1355,"i'm in total agreement with that statement. unfortunately, parents are passing that mindset on to their children. the us experienced a decline in college enrollment in 2005, which speaks volumes about us lower education and personal motivation, at the very time other nations have accelerated their production of graduates in science and engineering. we'll end up paying a dear economic price for that circumstance.  on the bright side, we have a large surplus of business majors to manage our service industry, the down side being their lack of basic reading and writing skills.",Sarcastic,Sarcastic,Agree,579,93,True,Sarcastic
1361,"another attack from one who claims to be a loving christian. oh well, i'm not surprised.",Sarcastic,Sarcastic,Agree,88,16,True,Sarcastic
1362,Uhuh! And you've got a bridge in Brooklyn you want to sell me. . . .,Sarcastic,Sarcastic,Agree,68,16,True,Sarcastic
1365,You mean that the planets and stars have always existed? Really - so how come we see stars being made in nurseries via the Hubble telescope.,Sarcastic,Sarcastic,Agree,140,26,True,Sarcastic
1367,The Christian community DOES have a split on the issue.   Not all Christians believe gays should be the target of Christian homophobic attacks and discriminatory legislative efforts.,Non-Sarcastic,Non-Sarcastic,Agree,182,27,True,Non-Sarcastic
1369,"Actually there is a better solution.   Mandatory male and female birth control pills, financial penalties if you stop taking. Anyone who would get off the pill would want a kid, therefore, abortions would cease.",Sarcastic,Sarcastic,Agree,211,34,True,Sarcastic
1370,did he? what secular evidence do you have from before 70 c.e. that confirms his existance? what is the outside verification to the new testament?,Sarcastic,Sarcastic,Agree,145,25,True,Sarcastic
1371,"If you have evidence for something, what purpose is faith with respect to that thing?  Faith is belief with no evidence.  Or from the dictionary:  Belief that does not rest on logical proof or material evidence.  If you verify something scientifical",Sarcastic,Sarcastic,Agree,249,41,True,Sarcastic
1373,In a situation where you have to pick who dies there is no winner. You default to some standard which can be the highest chance of living (save the life you can). Lucky this rarely happens...if ever (normally both will die in this kind of scenario).,Non-Sarcastic,Non-Sarcastic,Agree,249,46,True,Non-Sarcastic
1376,"well, i'm not surprised. the left coast rarely gets anything right. :)  btw, gm still has over 25% of the domestic vehicle market and it didn't get it by selling econoboxes like the japanese did.",Non-Sarcastic,Non-Sarcastic,Agree,195,35,True,Non-Sarcastic
1378,"So, because they don't interpret the bible as you do, they believe that there are no deities? That is what you said...",Sarcastic,Sarcastic,Agree,118,22,True,Sarcastic
1380,"Translation: Muslims are worth nothing. Christianity is superior, therefore they are worth nothing. Let the US come in and kill them, ruin their cities, and take their oil.",Sarcastic,Sarcastic,Agree,172,28,True,Sarcastic
1381,"And you, on the other hand, because you are not educated in science in general, and evolutionary theory (why the quotation marks?) specifically, are qualified to correct those of us who spent years in study of the topic.",Sarcastic,Sarcastic,Agree,220,38,True,Sarcastic
1382,"So which argument do you want to stick with/ The one above that says the black vote was irrelevent or your previous argument in which you claimed was significant. I'll refresh your memory::
",Non-Sarcastic,Non-Sarcastic,Agree,191,33,True,Non-Sarcastic
1383,I see your point and this goes back to my reply that emotions really show nothing as far as being spiritual.,Sarcastic,Sarcastic,Agree,108,21,True,Sarcastic
1386,"Well sigma, which is more painful??   Being burnt with salene for 30 minutes to an hour and if that doesnt work after the 3rd time, being born prematurally and laid on a table and starving to death.....   OR   A woman sticking a clothes hanger up and accidentally killing herself but intentionally killing the kid within her?   seems to me that people dont really care about how the baby feels. It has just as much feeling as the mother.",Sarcastic,Sarcastic,Agree,437,78,True,Sarcastic
1387,"That was a nice rant that had absolutely nothing to do with anything. The essential question is not what various religous leaders have said about the issue, but what the Bible says about the issue.",Sarcastic,Sarcastic,Agree,197,35,True,Sarcastic
1388,But it isn't an assertion of absolute truth. It is actually an assertion of the consensus of current scientific thought. I have read some discussion about various other possibilities. Maybe several forms of life arose in various environments. Eventually they then had to compete for resourses and all but one went extinct. And then there is the hypothesis that life arose more than once and fused into a single population. The bottom line is that the DNA code is universal with only a few minor differences in a limited number of primative organisms.,Non-Sarcastic,Non-Sarcastic,Agree,550,93,True,Non-Sarcastic
1389,And that would make you the one that IS advocating the murder of our future generation.,Sarcastic,Sarcastic,Agree,87,16,True,Sarcastic
1390,"Do some research. People collect functional tanks and aircraft. Did you ever hear of the Confederate Air Force? They restore and fly military aircraft. As for tanks, there are many web sites that promote collecting tanks and other military vehicles. And people shoot laws rockets. They just do not shoot live HE rounds. It is a little expensive.",Sarcastic,Sarcastic,Agree,345,58,True,Sarcastic
1394,I feel a No True Scotsman coming on. Should I even bother to mention Hovind?,Sarcastic,Sarcastic,Agree,76,15,True,Sarcastic
1395,"Actually, I meant the behaviour refered to in her post was interesting.",Sarcastic,Sarcastic,Agree,71,12,True,Sarcastic
1399,"'christians have been just as bad' oh really? when? and if the only thing you can answer the crusades, that was a war started by muslims, and so-called christians fought back",Sarcastic,Sarcastic,Agree,174,31,True,Sarcastic
1404,"You actually posted something that made good sense, and was funny too, maybe there hope for you yet.",Sarcastic,Sarcastic,Agree,100,18,True,Sarcastic
1406,Ah yes resort to attack when you have no case - perfect example. Its a marvellous demonstration of projection.,Non-Sarcastic,Non-Sarcastic,Agree,110,19,True,Non-Sarcastic
1407,":p
I have no idea how to rate presidents these days, but this certain Prez would classify as *wai up there.
*Walking Around Idiot",Non-Sarcastic,Non-Sarcastic,Agree,131,24,True,Non-Sarcastic
1408,"who says there is an afterlife? oh wait, people from two thousand years ago before science. hmmm.",Sarcastic,Sarcastic,Agree,97,17,True,Sarcastic
1409,"So, is a giant Panda a bear? Or some other ""kind""?",Sarcastic,Sarcastic,Agree,50,11,True,Sarcastic
1410,"Not really. It just means that Homo erectus was around in Africa 200,000 and 125,000 years ago. So some of them stayed around in Africa. What's your point?",Non-Sarcastic,Non-Sarcastic,Agree,155,28,True,Non-Sarcastic
1411,how about suicide? so he wouldn't have to end his life in prison. there was an autopsy. results not public yet.,Sarcastic,Sarcastic,Agree,111,21,True,Sarcastic
1412,"Where did you here this XXXX?
Some cheap detective novel or something?
Once again, my sincerest apologies.",Non-Sarcastic,Non-Sarcastic,Agree,108,17,True,Non-Sarcastic
1413,Sounds like the Brady Law has stopped a lot of criminals from obtaining handguns.,Sarcastic,Sarcastic,Agree,81,14,True,Sarcastic
1414,"This is simply false. Rock can be folded under pressure. This has been proven by lab experiment. However there are many features in sedimentary rocks that cannot be formed quickly, for example, fossil trackways.",Sarcastic,Sarcastic,Agree,211,34,True,Sarcastic
1415,"Atheism does not show 'faithful devotion' in any ultimate reality or deity. It is the LACK of a belief (the belief in gods).
 Your definition of religion is thin.",Non-Sarcastic,Non-Sarcastic,Agree,163,29,True,Non-Sarcastic
1417,"Maybe I should add to (or manipulate) sinjins recommendation with Compulsory Competitive Philosphy :)
",Non-Sarcastic,Non-Sarcastic,Agree,103,14,True,Non-Sarcastic
1419,"Each side tries to support their own worldview. There are two positions, and sides are chosen. It's human nature.",Sarcastic,Sarcastic,Agree,113,19,True,Sarcastic
1421,So this singularity that appeared out of no were became a greater singularity which took on perfect balance and form?,Sarcastic,Sarcastic,Agree,117,20,True,Sarcastic
1422,"i assume you can demonstrate that everyone that opposes or critiques gay rights are personally attacking an individual or group? please, be my guest",Sarcastic,Sarcastic,Agree,148,24,True,Sarcastic
1425,"So you are pro-life and you hate liberals? Actually Republicans are being liberal in this case (liberal=bigger government, more laws).   But I'll assume you mean Democrats on this. What if the baby is a democrat? If it's a democratic parent it's most likely it will grow up democratic and one more person to attempt to keep abortion legal.",Sarcastic,Sarcastic,Agree,339,58,True,Sarcastic
1428,"did you really post that shitty argument? do something else with your brain.. oh right, you're incapable of it. xoxo",Sarcastic,Sarcastic,Agree,116,20,True,Sarcastic
1430,You are so FUN. Its amazing to hear you say this considering how much you applaud a law that pretty much allows this in Arizona.,Sarcastic,Sarcastic,Agree,128,25,True,Sarcastic
1432,"oh yes...because mainstream science is concocting one big hoax just to brainwash you. it's a conspiracy of rabid scientists. emoticonxrolleyes we all know you know much more that scientific peer reviewed journals and the scientific method, right? you're scientific credentials?",Sarcastic,Sarcastic,Agree,277,40,True,Sarcastic
1434,"you're hopeless. what do you thing a stable website in which only authorized personnel have access to would be considered in layman's terms? answer: a secure website.emoticonxbangheademoticonxbanghead i already cited the section of the bill that backs up my statement above, so don't bother trying to refute it.",Sarcastic,Sarcastic,Agree,311,48,True,Sarcastic
1435,"Or better yet, try doing your homework before making posts. It would 1) allow you to make sense of all that crazy technical jargon, 2) spare Urvogel and trouble of tearing them to pieces and you the embarassment of having to sit through it.
Just a honest suggestion.
-GFA",Non-Sarcastic,Non-Sarcastic,Agree,273,49,True,Non-Sarcastic
1436,"hellno, i am quite surprised that you complain we have bad weather when axeminster lists all of those.",Sarcastic,Sarcastic,Agree,102,18,True,Sarcastic
1437,"wow... you are bent on harping on creationists arguments at whatever the cost.first of all, you are not even considering that the majority of people are misinformed of what evolution is not because they have creationist motives, but because they go to the dictionary for definitions",Sarcastic,Sarcastic,Agree,282,46,True,Sarcastic
1438,"I don't recall seeing anyone who's for gay marriage come out truly in favor of the idea here that I recall. Can you? Naw, didn't think so. emoticonXSmilie",Non-Sarcastic,Non-Sarcastic,Agree,154,28,True,Non-Sarcastic
1439,"Via something called ""evidence"". It is something that a creationist will never have come across, thus explaining why you are unaware of it.",Sarcastic,Sarcastic,Agree,139,23,True,Sarcastic
1440,"yeah, the lithologically all encompassing, all bedform forming, process immune FLUD",Sarcastic,Sarcastic,Agree,83,11,True,Sarcastic
1441,Why bother with vaccines then? Seems to be cutting the cash cow off early on.,Sarcastic,Sarcastic,Agree,77,15,True,Sarcastic
1443,"Watch out, Jim. She believes that the only good man is a neutered man. emoticonXIc",Sarcastic,Sarcastic,Agree,82,15,True,Sarcastic
1448,Symbiote seems to have had a large hair across his butt.,Sarcastic,Sarcastic,Agree,56,11,True,Sarcastic
1449,"Hundreds of thousands of atheist scientists do too, since common ancestry with apes harmonizes perfectly with the absence of a creator. They're seldom asked to answer about that confusion, however.",Non-Sarcastic,Non-Sarcastic,Agree,197,30,True,Non-Sarcastic
1451,"I'll answer that as soon as you find a orthodx, conservative, reform, reconstructions or karsite rabbi that says the echad in the shema is a compound",Sarcastic,Sarcastic,Agree,149,26,True,Sarcastic
1452,And what if it is one to me? Then your refute is equally refuted. The support for us not knowing lies in you and other's inability to provide anything beyond speculation as support for the assertion that an unborn child is not a person. Your own inability,Sarcastic,Sarcastic,Agree,255,47,True,Sarcastic
1453,"Buy stock in the failing banks? What a great investment. Tell me, where does the money come from?",Sarcastic,Sarcastic,Agree,97,18,True,Sarcastic
1454,"irrelevant. what about the common people that weren't blessed with god's son? revenge: definition, synonyms from answers.com tr.v., -venged, -venging, -venges. 1. to inflict punishment in return for (injury or insult). 2. to seek or take vengeance for (oneself or another person); avenge. n. 1. the act of taking vengeance for injuries or wrongs; retaliation. 2. something done in vengeance; a retaliatory measure. 3. a desire for revenge; spite or vindictiveness. 4. an opportunity to retaliate, as by a return sports match after a defeat. tell me, simone, how exactly does using force to defend oneself qualify as revenge? revenge is tracking down the person that wronged you and cutting their throat when they're at their most vulnerable. revenge isn't killing your attacker because you're in fear of your own life.",Non-Sarcastic,Non-Sarcastic,Agree,818,131,True,Non-Sarcastic
1455,"You are right. I correct myself, person. Thanks for pointing that out.",Sarcastic,Sarcastic,Agree,70,12,True,Sarcastic
1456,"We've covered that: zoos do not include predators or prey in those environments. And even if they didn't document minor phenotypic changes, they would surely notice a porcupine being born with no quills, or a tortoise with no shell!",Non-Sarcastic,Non-Sarcastic,Agree,232,39,True,Non-Sarcastic
1457,"Thank you. Unfortunately, on a forum plagued with emotional patriotism based on conceited belief systems and distorted historical interpretations, rational opinions are normally ignored.",Sarcastic,Sarcastic,Agree,186,24,True,Sarcastic
1458,"Well, the claim isn't that they were identical, just that they preceded Jesus and were very similar.",Sarcastic,Sarcastic,Agree,100,17,True,Sarcastic
1459,Oh? And what is the specific amount of pot you have to smoke before you become a drug crazed fiend?,Sarcastic,Sarcastic,Agree,99,20,True,Sarcastic
1460,i am really surprised this one got so many upvotes :p,Sarcastic,Sarcastic,Agree,53,11,True,Sarcastic
1463,i meant betweent 1973-1986 because that was the cutoff date for people to vote in the last election,Non-Sarcastic,Non-Sarcastic,Agree,99,18,True,Non-Sarcastic
1468,"Do you mean like Piltdown Man? It was displayed there for 40 years. ""The Eoanthropus dawsoni, or Piltdown Man, was on display at the Natural History Museum in London for 40 years. It was removed when advanced dating techniques not only showed that the bo",Non-Sarcastic,Non-Sarcastic,Agree,254,45,True,Non-Sarcastic
1476,"And without a limited lifespan there would be no death. But we don't live in such a world, so shut up and get onto a more relevant topic.",Non-Sarcastic,Non-Sarcastic,Agree,137,28,True,Non-Sarcastic
1477,"Anyway Duo_Maxwell this isn't only creationist debaters, there are many more who do the same thing with different debates. you also forgot7. Make random accusations of logical fallacies when they have no idea what they even mean. Example: You said that my spelling is wrong, that's the biggest strawman I've ever heard8. Correct spelling mistakes and convienantly not answer the question. Example: ""What do you thinkk of carbon dating?"" ""you spelled think wrong"". If you want to correct spelling, fine but answer the question as well.",Sarcastic,Sarcastic,Agree,534,86,True,Sarcastic
1483,"What laws are these that you speak of? Kindly provide the bill name and number so you have some actual proof and aren't simply parroting from the fear-mongering Brady Campaign and Violence Policy Center.During World War II the American people rounded up Japanese-Americans and herded them into concentration camps because you were at war with the people of Japan and thought that they were the sleeping enemy even though they had no proof. What you're speaking of is no different than this.The way I see it Brady, your hatred for guns and gun owners is so overwhelming and logic defying, that you'd be perfectly alright with unleashing a life-ending pandemic plague on the people of earth if you believed it would put an end to all gun owners everywhere.",Non-Sarcastic,Non-Sarcastic,Agree,754,129,True,Non-Sarcastic
1484,I thought it was at the bottom of a large body of water.,Sarcastic,Sarcastic,Agree,56,13,True,Sarcastic
1485,depends on what you mean by 'history'.  did george washington really cut down the cherry tree? that is fiction. did george washington exist? that is documented.. and is history.,Non-Sarcastic,Non-Sarcastic,Agree,177,29,True,Non-Sarcastic
1486,where did you get this from? i want to read it.,Sarcastic,Sarcastic,Agree,47,11,True,Sarcastic
1488,"i love how the creator is also just like, sure whatever .",Sarcastic,Sarcastic,Agree,57,12,True,Sarcastic
1490,You asked where the line should be drawn in regards to weapons?  How about where ownership and use of weapons does not violate the rights of others.   Before you respons think about it. Do anything you want. If I don't violate anyone then what is the ,Non-Sarcastic,Non-Sarcastic,Agree,251,46,True,Non-Sarcastic
1493,you know who else is not normal? one who has an i.q. of 122 or higher.,Non-Sarcastic,Non-Sarcastic,Agree,70,16,True,Non-Sarcastic
1494,"exactly. archangel, when americans travel for health care, because they can't afford it here, and if they can afford to go anywhere else, they now high-tail to india or mexico. where the nations rank much lower than ours. didn't you hear that was one of the plans from your lovely health insurance companies next time you need open heart surgery? instead of doing anything about the united states ... take a plane to the third world, baby. :wink: ------- 61 mexico 112 india (hope you speak spanish or indo-aryan, fluently, and are quite comfortable with caste systems .. meaning, too, you don't ask the doctors any questions ... oh but what's a little plane ride? and they have mcdonald's there, too ...)",Non-Sarcastic,Non-Sarcastic,Agree,705,122,True,Non-Sarcastic
1496,"So, you're saying that you believe in absolutely everything your church believes and you support everything it does and the moment it did anything oustide of these you'd leave right?",Sarcastic,Sarcastic,Agree,182,30,True,Sarcastic
1499,I was just thinking this thread smelt a little fishy emoticonXAngel,Sarcastic,Sarcastic,Agree,67,11,True,Sarcastic
1500,"Actually, we do. These inconsistant laws are a product of pro-life people trying to create a stepping stone to a national ban.
 
 Crimes against pregnant women should warrant a more serious offense, not an entirely new offense.",Non-Sarcastic,Non-Sarcastic,Agree,229,37,True,Non-Sarcastic
1501,So then I guess you could also debate that algebra serves no purpose as well.,Sarcastic,Sarcastic,Agree,77,15,True,Sarcastic
1502,"Gansao shines like the sun compared to you.
The only shine you're going to have is the glow from your fat frying in the Pit when you die. emoticonXBouncer",Sarcastic,Sarcastic,Agree,155,29,True,Sarcastic
1504,"I've never been to Amsterdam.   A friend of mine went and he liked it.   I'd like to go someday.   Hell, I'd just like to get my XXX anywhere, really.",Non-Sarcastic,Non-Sarcastic,Agree,150,29,True,Non-Sarcastic
1506,It's truly amazing that even someone like KH can disprove evolution so quickly.,Sarcastic,Sarcastic,Agree,79,13,True,Sarcastic
1507,"<Flush>
You're the one lining up to be Satan's whipping boy for all eternity. It doesn't get any dumber than that.",Non-Sarcastic,Non-Sarcastic,Agree,115,21,True,Non-Sarcastic
1508,It's possible that Archaeopteryx is not a direct descendant of modern birds but it's certainly not far from the line and it shares both avian and therepodian characteristics.,Non-Sarcastic,Non-Sarcastic,Agree,174,28,True,Non-Sarcastic
1511,You mean like how you suck any rationale thought or discourse from a debate topic? Talk about ABORTING.,Sarcastic,Sarcastic,Agree,103,18,True,Sarcastic
1513,"No one mentioned helping or not helping people here, or even dealing with the consquences of pregnancy at all. Its more;'If abortion were banned, what measures or research would you suggest to reduce the pressure for people to have illegal ones or unwanted pregnancies'.",Non-Sarcastic,Non-Sarcastic,Agree,270,44,True,Non-Sarcastic
1514,"Never said I had it mastered, Mr. unrepentant homosexual.
But love does speak the truth.",Non-Sarcastic,Non-Sarcastic,Agree,89,15,True,Non-Sarcastic
1515,personally i can't stand it when someone uses 'lol'. it's usually used derisively when politeness suggests that leaving it out and responding politely is in order. personally i'm surprised at this thread. the author apparently didn't read the faq.,Non-Sarcastic,Non-Sarcastic,Agree,247,39,True,Non-Sarcastic
1518,"Aww, you didn't read a top criminoligist I quoted before did you?The ""Myth"" of Gun TraffickingYou also didn't check out mexidata.com either did you?Now you need proof to back up your alligator mouth. Where's the beef sliiiiick?",Sarcastic,Sarcastic,Agree,227,37,True,Sarcastic
1521,"Oh I understand plenty. What you want is a system where a person is held responsible for crimes that they didn't commit. You want ""guilty by association"" extended to the point of ridiculousness where anybody who even met the criminal even once can be held as an accomplice.",Non-Sarcastic,Non-Sarcastic,Agree,273,48,True,Non-Sarcastic
1524,"it must because he's a liberal. hey sarah, how come bushie's daddy, cheney, and rumsfeld all used to rub elbows with saddam? must be cause they were led astray by some liberal...",Sarcastic,Sarcastic,Agree,178,32,True,Sarcastic
1529,I believe that the theory you speak of is called slavery; everybody is equal because they have nothing and need to work long and hard just to earn the privilege of living in order to serve their masters.,Sarcastic,Sarcastic,Agree,203,38,True,Sarcastic
1531,she didn't have answers to about 12 questions...'i don't know. ' 'i wasn't informed of that'...talk about uninformed political hacks? we have 'leadership' emoticonxrolleyes that defines 'uninformed'.,Non-Sarcastic,Non-Sarcastic,Agree,199,27,True,Non-Sarcastic
1534,So you still choose to believe that someone who's a victim of crime should be punished as if they committed the crime themselves?,Non-Sarcastic,Non-Sarcastic,Agree,129,23,True,Non-Sarcastic
1537,"Does anyone else see a teeny-weeny hint of double standard here?
He continues:
",Non-Sarcastic,Non-Sarcastic,Agree,81,13,True,Non-Sarcastic
1540,you are a very good student of buddha. i am very impressed.,Sarcastic,Sarcastic,Agree,59,12,True,Sarcastic
1543,i love how you managed to advocate reading the bible all the while pile slamming insults on it. pure brilliance. :d,Sarcastic,Sarcastic,Agree,115,21,True,Sarcastic
1545,"That's ridiculous. The purpose imposed by man is what makes it artificial in the first place. You have the idea expressed in the definition backwards. It isn't that natural selection operates on the same principles as artificial selection, but the reverse. The principles are that differential reproductive success will have an effect on the gene pool of the species.",Non-Sarcastic,Non-Sarcastic,Agree,367,59,True,Non-Sarcastic
1547,"<flush>
I suppose ""good"" atheists are always ""good"" until some religious person whitewashed them into doing something ""bad?"" Get real. Fact is ALL HAVE SINNED AND FALLEN SHORT OF THE GLORY OF GOD.",Sarcastic,Sarcastic,Agree,197,33,True,Sarcastic
1548,"oooooh, kind of like the nyt, huffpo, brady bunch, and vpc and the commie computer teacher, lambert in australia? you would be better off disputing the content and actual logging of events...if you could. emoticonxgood",Sarcastic,Sarcastic,Agree,218,35,True,Sarcastic
1551,listen if they can be nasty to me i can be equally nasty to them. what part of equailty do you not understand? equality one way or the other that is my over riding concern right and wrong are secondary.,Non-Sarcastic,Non-Sarcastic,Agree,202,40,True,Non-Sarcastic
1552,and the other two...? 'political disorder and confusion' is not the same as personal 'disorder and confusion'.,Non-Sarcastic,Non-Sarcastic,Agree,110,17,True,Non-Sarcastic
1559,"And for good reason. Electrical engineers in general have a pretty poor track record when discussing issues that have nothing to do with... electrical engineering. Examples: Walter ReMine, Fred Williams, etc.",Non-Sarcastic,Non-Sarcastic,Agree,208,31,True,Non-Sarcastic
1560,"Actually, I find it near impossible to discuss the second amendment without gun control advocates bringing up the third argument. Weak? Yes. Rare? No.
 
 In my opinion, all arguments in favor of gun control are weak.",Non-Sarcastic,Non-Sarcastic,Agree,218,36,True,Non-Sarcastic
1561,"Sweetums, get over yourself. We do get along with theists. Just not homophobic theists
",Sarcastic,Sarcastic,Agree,88,14,True,Sarcastic
1562,"An isolated event?
Saturday was eight days into the New Year. Six innocents shot down in Arizona. How many others, not reported, have been killed in America since the beginning of 2011?
The American News Media is afraid to disclose the truth about our violent nation.
Shooting people for fun! All Red, White and Blue and as 'Merican as apple pie.",Sarcastic,Sarcastic,Agree,349,61,True,Sarcastic
1563,"No I shouldn't be fighting against abiogenesis, I'm for unrestricted freedom to explore it all!",Non-Sarcastic,Non-Sarcastic,Agree,95,15,True,Non-Sarcastic
1564,"Doh! how was that again?
umm... so Christianity's tenets can be also found for instance in ... Playboy?",Sarcastic,Sarcastic,Agree,104,18,True,Sarcastic
1565,And there are plenty of cases where criminals are scared off by much less than a gun.,Non-Sarcastic,Non-Sarcastic,Agree,85,17,True,Non-Sarcastic
1567,"Could you be so kind as to point out the holes, please? Or are you going to dance around some more?",Sarcastic,Sarcastic,Agree,99,21,True,Sarcastic
1569,So why are you here? Do you have anything to offer of any substance?,Sarcastic,Sarcastic,Agree,68,14,True,Sarcastic
1570,"You have this habit of making sweeping claims with little to no substantiation.And even if we were to completely ignore LeVay altogether, there is MOUNDS of other evidence showing a genetic cause.Like I keep pointing out, but nobody on your side of the fence seems to realize, NARTH's OWN CITED REFERENCES say there is a genetic cause!",Non-Sarcastic,Non-Sarcastic,Agree,335,57,True,Non-Sarcastic
1571,"Is this not illegal?  Both federal and state laws prohibit businesses from denying public accommodation to citizens on the basis of race, color, religion or national original. The Federal Civil Rights Act guarantees all people the right to ""full and equ",Non-Sarcastic,Non-Sarcastic,Agree,253,41,True,Non-Sarcastic
1572,"So???? Are we supposed to be surprised? Hardly emoticon_rolleyes 
 
 State constitutions and / or their amendments don't mean diddly squat if they are not in agreement with the US cconstitution.",Sarcastic,Sarcastic,Agree,196,30,True,Sarcastic
1573,"If guns do kill, then why should we arrest the people instead of the guns?",Sarcastic,Sarcastic,Agree,74,15,True,Sarcastic
1574,"Oh, buddy, Atheism has EVERYTHING to do with that. The morality-less framework of Atheism ALLOWED them to justify the horrors that they inflicted.",Non-Sarcastic,Non-Sarcastic,Agree,146,23,True,Non-Sarcastic
1575,"Well, I think I will be sending Satan a snow shovel about now. We actually agree on something. It is ""inconceivable"" (to quote ""the Princess Bride"")",Sarcastic,Sarcastic,Agree,148,26,True,Sarcastic
1576,"there it is, at the top in bold letters. reckon you can find it now?",Sarcastic,Sarcastic,Agree,68,15,True,Sarcastic
1577,"I guess he was a ""democrat"" as well. He certainly would not have been a republican.",Sarcastic,Sarcastic,Agree,83,16,True,Sarcastic
1579,"Oh no, it's not too complex for us to understand. So please explain to we simpletons how Intelligent Design is nothing more than animism. But first, here is the truth regarding this newest perverse propaganda you are promoting.",Sarcastic,Sarcastic,Agree,227,38,True,Sarcastic
1581,"Supersport, where art thou now...   Bah, who am I kidding. Of course he won't come over here...",Sarcastic,Sarcastic,Agree,95,17,True,Sarcastic
1584,So your value system supports and approves of the kicking of retards?,Sarcastic,Sarcastic,Agree,69,12,True,Sarcastic
1585,"MSNBC and CNN are about as ""fair and balanced"" as a drunken sailor.",Sarcastic,Sarcastic,Agree,67,13,True,Sarcastic
1586,i tend to agree; i am surprised some regulars here seem to intend on even giving this poster the time of day and converse with him after the stuff posted the other night.,Non-Sarcastic,Non-Sarcastic,Agree,170,33,True,Non-Sarcastic
1587,"Yes, socialist. Check the definition. I don't watch Fox. Is that the best you can do?",Sarcastic,Sarcastic,Agree,85,16,True,Sarcastic
1588,Walking-fish:   What I'd like to know is where this specimen fits in with the following lineage:   Eusthenopteron -> Panderichthyes -> Acanthostega -> Ichthyostega. Can anyone elaborate on this?,Non-Sarcastic,Non-Sarcastic,Agree,194,28,True,Non-Sarcastic
1589,"Almost?
 Usually, that is true, and it involves selection between populations. However, there are often times when some of a population is better able to survive. Those times, selection occurs within a population.",Non-Sarcastic,Non-Sarcastic,Agree,214,33,True,Non-Sarcastic
1590,"So much bandwidth; so little substance.   Aren't you embarrassed to post such inconsistent ramblings?   Women with pre-existing mental problems are more likely to experience post-abortion issues. Well, DUH!!!",Sarcastic,Sarcastic,Agree,208,28,True,Sarcastic
1591,"Well nobody has turned up the Ark have they, termites could assure that if properly used. After 40 days and more they would be ravenous.",Sarcastic,Sarcastic,Agree,136,25,True,Sarcastic
1592,"Ha, that is just an idiotic perspective. We'd have no laws (and many important ones) if you can't make a bill that doesn't affect you. Sorry Civil Rights legislation!",Sarcastic,Sarcastic,Agree,166,29,True,Sarcastic
1593,Men shouldn't be deciding because they can't get pregnant after being raped. When was the last time a man's life was ever at risk because his wife was pregnant?,Non-Sarcastic,Non-Sarcastic,Agree,160,29,True,Non-Sarcastic
1594,"But...but...   I just swallowed 56 zygotes so that they could vote by proxy through me for the Ripofflican(tm) party this upcoming election so they can win. Now I'm going to have all that indigestion for nothin'.   As to driving...don't care.   What I'll miss most is all of those credit card offers that come in their names. There's just so much that they, living though me want to 'buy now and pay later' on. You saying they can't do that?",Sarcastic,Sarcastic,Agree,441,79,True,Sarcastic
1595,I was hoping that talking in Old English would help him understand.,Sarcastic,Sarcastic,Agree,67,12,True,Sarcastic
1596,"Prove it. Got any credible scientific or sociological studies? NOPE, ya don't. Didn't think so.",Sarcastic,Sarcastic,Agree,95,15,True,Sarcastic
1598,"Really? Why? Bacteria don't need to see to exist. They don't depend on light to live. In fact, bacteria thrive in dark, moist areas. Why would natural selection determine this ability as being advantageous? If populations of bacteria with the ability to sense light are ""better suited"" than other bacteria, how many different types of light-sensing bacteria are there? ",Non-Sarcastic,Non-Sarcastic,Agree,369,59,True,Non-Sarcastic
1599,"Actually, one. After the adoptions years ago, we hit the financial slump and had a suprise... The costs will extremely low. I've also been in discussion with numerous friends who've delivered, same story. Somehow, no matter how there is no money and no help, babies get born. And as I've said, there are plenty of organizations that will cover all costs finacially in cases of adoption.",Non-Sarcastic,Non-Sarcastic,Agree,386,66,True,Non-Sarcastic
1600,"I guess Foundit now things people should give substantiation on claims they haven't made.
Go figure. (Shrug)",Sarcastic,Sarcastic,Agree,109,17,True,Sarcastic
1601,"Guess WhinyemoticonXCrythinks so,personally I think we should all say a prayer,light a
few candles and reflect...well I feel better already!emoticonXWow",Sarcastic,Sarcastic,Agree,153,20,True,Sarcastic
1602,"you're kidding. just because your life is 'a fricken breeze' that doesn't mean the other 7 billion people on this earth have a breezy life. have you even watched the news lately? it's either that, or you live on another planet.",Sarcastic,Sarcastic,Agree,227,41,True,Sarcastic
1603,So then women who are pregnant shouldn't be allowed to   1) Smoke   2) Take any kind of drug that could possibly harm the child   3) Drink   or do any otherwise legal action?   And VOR takes another giant step towards fascism.,Sarcastic,Sarcastic,Agree,226,40,True,Sarcastic
1604,"2.0 processor, 2gig ddr, graphics card to 256mg, 17' screen will keep up with software system resource demands for a reasonable period? say two years?  as one who bought an ibm 'everything you'll need with dual floppies and a i believe it was 10mb hard drive' in 1982 and enjoying first hand the progression of that technology and software that drives it for 23-years, this is still a fun ride.  thanks again.",Non-Sarcastic,Non-Sarcastic,Agree,409,72,True,Non-Sarcastic
1605,"If it weren't for conspiracy theories, I'd have no theories at all",Sarcastic,Sarcastic,Agree,66,12,True,Sarcastic
1607,"And what would make them separate species? How about wolves and dogs, separate species? How about Great Danes and Chihuahuas? They cannot interbreed under any circumstances (even artificially - the fetus isn't viable).",Non-Sarcastic,Non-Sarcastic,Agree,218,33,True,Non-Sarcastic
1608,Just have to say something on this. If the boy scouts didnt receive federal support and get special deals from the government then they would be able to exclude whoever they want. However since they often hold their meetings in public schools for free and rent public lands for discounted price or even sometimes for free they cannot discriminate against gays and atheists. So they have to make a choice.,Non-Sarcastic,Non-Sarcastic,Agree,404,70,True,Non-Sarcastic
1610,"No, not true at all. G-d desires for us to willingly love Him suprememly and for our lives to be guided by Him just as any earthly father would guide his own children. Hell is a place of utter torment that people, who reject G-d, choose to end up in. Consequences of our decisions have eternal signifigance.",Non-Sarcastic,Non-Sarcastic,Agree,307,57,True,Non-Sarcastic
1611,"oh yes, you're the one 'winstonsmith' thinks is so bright.",Sarcastic,Sarcastic,Agree,58,10,True,Sarcastic
1612,Better a godly set of morals being crammed down your throats than the perverted gay sex hedonism of the devil himself.,Non-Sarcastic,Non-Sarcastic,Agree,118,21,True,Non-Sarcastic
1613,"While I'm not going to consider Dr. Tiller a pillar of society, I'm certainly not going to condone his murder.",Non-Sarcastic,Non-Sarcastic,Agree,110,20,True,Non-Sarcastic
1615,"Confirmation records that you were a Christian? Excuse me while I fall out of my chair in uncontrollable fits of laughter. Did your pastor make you sign a paper that said ""I, _________, have proudly become a Christian on ________ __, _____""? Or did they take pictures of you talking to Jesus in the youth room?   Seriously though... no, wait, nevermind. *snicker*",Sarcastic,Sarcastic,Agree,363,62,True,Sarcastic
1617,Might as well attribute intelligence to your thermostat as rape seed plants.,Sarcastic,Sarcastic,Agree,76,12,True,Sarcastic
1618,"You can thank Slick Willie Clinton who pushed through the sub-prime lending fiasco that eventually blew up under Bush. And gay-boy Barney Franks who oversaw the program.
",Non-Sarcastic,Non-Sarcastic,Agree,171,27,True,Non-Sarcastic
1622,"Tell me, how does one ""steal land"" from a nomad? emoticonXConfused",Sarcastic,Sarcastic,Agree,66,11,True,Sarcastic
1625,"as evidenced by the 'prophecy' here that could have been made by a blind orangutan. and? good thing there's no evidence of increasing frequency then, i guess.emoticonxbouncer we aren't having more quakes, we're just more and more widespread across the face of the earth.",Sarcastic,Sarcastic,Agree,270,44,True,Sarcastic
1628,"See, a terrorist attack is probably the sort of thing I would use as an excuse to not go to work...",Sarcastic,Sarcastic,Agree,99,21,True,Sarcastic
1631,"But Sarge, that would require the CakeLady spend HER money, not yours and mine. You know that won't happen.",Sarcastic,Sarcastic,Agree,107,19,True,Sarcastic
1632,I just bet you thought you were smart just now? I'll go you several... How about:1. Murder2. Stealing3. Adultery4. RapeAlmost every culture since the dawn of civilization has put to death those who have trespassed those basics. But I guess you didn't get that on the Recovery Channel huh? Your idiocy is profound only as your ignorance.,Sarcastic,Sarcastic,Agree,336,57,True,Sarcastic
1633,"of course. But not as scientific theory. Some people believe that the Holocaust didn't happen, you want to teach that as a scientific theory?",Sarcastic,Sarcastic,Agree,141,24,True,Sarcastic
1635,"When the ""right to privacy"" is interpreted by the courts so widely &amp; loosely as to include the denial of the rights and personhood of prebirth children,.... (sans Roe v. wade)   What can I say?   The ""People"" are going to react in ways to counter the courts controversial ruling.   Same as it ever was.",Non-Sarcastic,Non-Sarcastic,Agree,306,54,True,Non-Sarcastic
1636,"Actually, they didn't. The whole tragedy was caused by gun control. If even one student was packing when that occured, 33 lives could have been saved. But no, more victims of botched laws and corrupt politicians.",Non-Sarcastic,Non-Sarcastic,Agree,212,36,True,Non-Sarcastic
1638,"talking of spiritually deranged, have you looked in a mirror lately? you are the antithesis of jesus' message, with your vile hateful spewings. get thee behind us!",Non-Sarcastic,Non-Sarcastic,Agree,163,27,True,Non-Sarcastic
1641,And yet there are plenty of websites written by scientists with the details:,Non-Sarcastic,Non-Sarcastic,Agree,76,13,True,Non-Sarcastic
1642,"Excellent point. If the government only gave civil unions to everyone (heteros and gays alike) and the churches got to do the religious side of it, Civil Unons would be excellent. Unfortunately, those opposing gay marriage would never agree to such a thing.",Non-Sarcastic,Non-Sarcastic,Agree,257,43,True,Non-Sarcastic
1643,"jessica, all these problems you've listed, the human body takes care of automatically and remarkably well. the fact still remains that only less than 5% of all abortions occur because the risk is great enough to be deemed life-threatening to either tha mother or the child. and that percentage is diminishing as well. the overwhelming majority of abortions occur simply because the woman decides she does not wnat to be a mother.",Non-Sarcastic,Non-Sarcastic,Agree,429,72,True,Non-Sarcastic
1644,"I will agree science has disproven the literal reading of a number of different scriptures, such as the literal reading of Genesis (which was never meant to be literal to begin with, but that is a different matter).It also might explain why spiritiual beliefs exist for people.However, when it comes to this vaguly defined entity that alledgely created the universe, science has nothing to say about the existance of this alledged supernatural being.",Non-Sarcastic,Non-Sarcastic,Agree,450,73,True,Non-Sarcastic
1646,And if you wind up killing somebody with a less-lethal device then you've got a mess of legal issues facing you. It's better to avoid such headaches.,Non-Sarcastic,Non-Sarcastic,Agree,149,27,True,Non-Sarcastic
1647,"I responded to your posts on the thread of ""Lets discuss the actual..."" I suggest we continue that discussion there.",Non-Sarcastic,Non-Sarcastic,Agree,116,20,True,Non-Sarcastic
1648,"Are those thousand people directly and immediately threatening to rape you, to kill you? Up close and personal? I will retain my right to self defense. I bet you would, too.",Non-Sarcastic,Non-Sarcastic,Agree,173,31,True,Non-Sarcastic
1649,So once again you're steering away from the debate? I don't understand why your ignoring the debate and going off in a whole new direction even after making this same mistake in your last post. You're still showing that the Bible has a flaw in it and ther,Non-Sarcastic,Non-Sarcastic,Agree,255,48,True,Non-Sarcastic
1650,"it was germany's drive for nationalism that led to britian's defeat, wwll. want to rethink your position? news flash, britain won ww2, germany lost. i am actually astounded that you didn't know that.",Sarcastic,Sarcastic,Agree,199,33,True,Sarcastic
1651,So Minnesota is the one state Ohioprof was referring to?,Non-Sarcastic,Non-Sarcastic,Agree,56,10,True,Non-Sarcastic
1652,No surprise there. You would have to invest some thought to define something. Why don't you just consult your Little Golden Dictionary?,Sarcastic,Sarcastic,Agree,135,22,True,Sarcastic
1653,"Plenty of examples,law abiding citizens are shot by criminals daily.However the O.P. is about police going off the edge.Oh did I mention that some of those law abiding citizens sometimes shoot the criminal trying to kill them?",Non-Sarcastic,Non-Sarcastic,Agree,226,37,True,Non-Sarcastic
1654,"Yes, it recognizes there will be religion in our country, it allows all to follow which ever religion suits that individual as long as it does not impose upon others who do not follow that religious system. Our constitution allows for dissent, opposition and opinions. It actually requires such dissent in order to come to conclussions which would serve everyone equally. If for some reason there is a practice which excludes certain individuals from the protections of the law, then it needs to be challenged.",Non-Sarcastic,Non-Sarcastic,Agree,510,85,True,Non-Sarcastic
1655,"Another cheap attempt at diversion on your part? Once again, EZ, I'm not taking your diversionary bait. Instead, I suggest that you give some serious consideration to the nature of your sources. Doing so will save you a lot of humiliation.",Sarcastic,Sarcastic,Agree,239,41,True,Sarcastic
1656,"Still one more tap dancer who either cannot or will not answer the question as asked.
Do you need it repeated?:)",Sarcastic,Sarcastic,Agree,113,21,True,Sarcastic
1657,"And you're the guy who can't be troubled with algebra, telling the guys who have read up on calculus that THEY don't understand...
emoticonXGood",Sarcastic,Sarcastic,Agree,145,24,True,Sarcastic
1658,"What's your point? Unicorns breathe toxic gas and have low density, so they can get around all they want.",Sarcastic,Sarcastic,Agree,105,19,True,Sarcastic
1659,"Gee, I wonder why the liberal left is so quiet? I remember when Bush's DWI from decades previously came out, and you couldn't shut the hypocrites up! 
It's hilarious.",Sarcastic,Sarcastic,Agree,167,29,True,Sarcastic
1660,"Since I don't believe believe that everything had a common ancestor , a rock , I consider all ancient reptiles dinosaurs. If that is incorrect in your book so be it. We are not debating the definition of dinosaurs.",Non-Sarcastic,Non-Sarcastic,Agree,214,39,True,Non-Sarcastic
1661,"But of course, according to one singularly deranged poster here, it's the Republicans  who are truly pro-gay (they just can't show it, doncha know), while the Democrats are just paying phony-baloney lip service to us...",Sarcastic,Sarcastic,Agree,219,35,True,Sarcastic
1662,You stand up for women..   I stand up for the child who has no choice   Who's being descrimatory here?,Non-Sarcastic,Non-Sarcastic,Agree,102,19,True,Non-Sarcastic
1665,"And my 8 year old sister thinks there are fairies at the bottom of the garden.
",Sarcastic,Sarcastic,Agree,80,16,True,Sarcastic
1666,"Well, it showed how it was physically possible to generate amino acids from inorganic material. That's rather impressive. Again, irrelevant and unrelated to the Scientific theory of Evolution, regardless of you trying to create that association. Your continued attempt at doing so despite having been shown and told multiple times that the two are unrelated, well that only shows one thing, namely that you are dishonest.",Non-Sarcastic,Non-Sarcastic,Agree,421,66,True,Non-Sarcastic
1669,"Without the Fall, Jesus would have no need to come to earth and be resurrected. Without Genesis, the entire bible-as-literal kinda falls apart.",Non-Sarcastic,Non-Sarcastic,Agree,143,23,True,Non-Sarcastic
1670,"Who is Allah, Alex? Great, I'll take 'things a terrorist god would do' for $1600 Alex.",Sarcastic,Sarcastic,Agree,86,16,True,Sarcastic
1671,"do you have any evidence of this that doean't come from a biased christian website? so here is where you are saying nanny, nannie, poo,poo my straight realtionship is better than your gay relationship. how? some big claims, can you provide some substance to them, in other words can you back this up with some data? that doesn't come from some christian baised study.",Sarcastic,Sarcastic,Agree,367,64,True,Sarcastic
1672,"WOO HOO.
So the main stream entertainment industry who brought us such great talent as Brittney Spears does not consider this film the cats meow? WEE HA - all the more reason to see it.",Sarcastic,Sarcastic,Agree,186,35,True,Sarcastic
1673,"Whoopity do! emoticonXRolleyes 
I see the plan is working to perfection.
Waxy",Sarcastic,Sarcastic,Agree,79,12,True,Sarcastic
1674,"depends. how big is the bear? if it was a gorilla, and he was 400 lbs, then he can xxxx anywhere he xxxxxxn pleases. i ain't messing with that.  :p",Sarcastic,Sarcastic,Agree,147,30,True,Sarcastic
1676,And the comments section is usually where the real comedy lies.,Sarcastic,Sarcastic,Agree,63,11,True,Sarcastic
1677,"Oh I quite agree. Unfortunately, not everyone is able to see it as such. I was admitting to those who don't that it does appear that God confirms their homosexual prejudices. To back Traveler up however, I don't buy the 'closet case' answer myself. People who are racist aren't secretly scared they are black, equally homophobes aren't necessarily closet homosexuals. Unfortunately such irrational prejudices just exist.",Non-Sarcastic,Non-Sarcastic,Agree,420,66,True,Non-Sarcastic
1678,Really? I don't think you know what you are talking about. Please provide evidence to back your claim. Thanks.,Non-Sarcastic,Non-Sarcastic,Agree,110,19,True,Non-Sarcastic
1679,"This whole riff where people talk about preventing employers from firing gays JUST cause they are gay as a ""special right"" is something that seems to fool those who are prejudiced against gays...... but for most people, they recognize it as a propagandic phrasing with little merit.I think our laws should include something that prevents people from firing employees based on the employee's sexual orientation.But to utilize your phrasing Archie, do you think that religion is something that deserves ""special rights""?",Non-Sarcastic,Non-Sarcastic,Agree,518,81,True,Non-Sarcastic
1680,"I wouldn't say most cjurches, because you cannot prove that. There is a long list of churches that are accepting of gay folks.",Non-Sarcastic,Non-Sarcastic,Agree,126,23,True,Non-Sarcastic
1683,"So in other words, your internal evidence trumps their internal evidence.
Seriously? Would any Muslim accept that ""fulfilled prophecies concerning Christ are the signature of God?"" Of course not.
You are so trapped by circular reasoning that it's amazing.",Sarcastic,Sarcastic,Agree,257,39,True,Sarcastic
1684," November 13  NOVA will be presenting a special two-hourdocumentary \""Judgment Day: Intelligent Design on Trial.\"" The film capturesthe turmoil that tore apart the community of Dover  Pennsylvania  in one ofthe latest battles over teaching evolution in public schools. Featuringtrial reenactments based on court transcripts as well as interviews withexpert scientists and Dover parents  teachers  and town officials  thistwo-hour special follows the celebrated federal case of Kitzmiller v. Doverthrough to the judge's stunning decision.\""Could be interesting  I plan on trying to catch it."" Just a reminder that this is on tonight. May provide interesting fodder for debate/commentary. ",Non-Sarcastic,Non-Sarcastic,Agree,687,96,True,Non-Sarcastic
1685,"What? Was she supposed to have him executed on sight or something? You have no proof that Palin condoned of this, or if she even heard it among the chatter for that matter.",Non-Sarcastic,Non-Sarcastic,Agree,172,33,True,Non-Sarcastic
1687,that gives no evidence what soever to counter claim his statements he made. instead of lashing out like some self loathing playground bully you actually try for once.... how is he resisting the holy spirit? he is debating scripture in an open minded manner. perhaps seeking to find more truth than fallacy and see the heavy account of personal faith in believing. but no you wouldn't dare to think this would you? you'd rather just scream i'm right! like a ranting child with a tantrum than debate in a methodical manner.... you really bring out the worst in people mr. saint.....,Non-Sarcastic,Non-Sarcastic,Agree,580,101,True,Non-Sarcastic
1688,"Welcome back! Going to stick around for a while to debate the issues? I hope so. Let's see. How am I going to stop the employee. Hmmm...perhaps proper pre-employment screening, proper security screening for all airport employees as they come to work, random surveilance of airport employees, tougher penalties for those commiting such crimes...etc. There are many ways to do this. Remember that no security measures are perfect. We will never be safe, only safer.And what is your point about weapons/guns? I don't get it.",Non-Sarcastic,Non-Sarcastic,Agree,521,85,True,Non-Sarcastic
1692,"No Doc. Obama will be happy for Reo. It is compassionate, Social justice stuff, and all!",Sarcastic,Sarcastic,Agree,88,16,True,Sarcastic
1694,"Great. Then define information. If it is unseen, how do you know that it didn't increase. Isn't it necessary that there should be a way to quantify informatiion before you can make claims as to whether it has or has not increased? Again, evolution doesn't account for the origin of life, only the origin of the changes in the heritable characteristics that are observed in populations of living organisms.",Non-Sarcastic,Non-Sarcastic,Agree,405,69,True,Non-Sarcastic
1696,"An independant perspective doesn't make it a good thing. Politicians that propose anti-gun legislation don't have to live in the real world with those of us that the bill will affect, they shouldn't be allowed to propose it.",Non-Sarcastic,Non-Sarcastic,Agree,224,38,True,Non-Sarcastic
1698,i love how you cons yell 'race card' when someone points out obvious ethnocentrism. yelling 'race card' does not make me any less right.,Sarcastic,Sarcastic,Agree,136,24,True,Sarcastic
1700,"Just like Obama is? Really? Have you researched it at all? 
",Sarcastic,Sarcastic,Agree,61,11,True,Sarcastic
1701,"So what does this have to do with the topic? Alcohol is legal, marijuana isn't, but they both serve the same purpose (getting high), so why should one be illegal and the other not?",Non-Sarcastic,Non-Sarcastic,Agree,180,34,True,Non-Sarcastic
1702,"And once again, is this a strong enough rebuttal to assert proof? no, Behe assumes that a biochemical system that exists today cannot have a precursor, or less complex state of existence. Clive did a good job of demolishing this notion with the mouse trap",Non-Sarcastic,Non-Sarcastic,Agree,255,45,True,Non-Sarcastic
1705,"It's one thing for the pot to call the kettle black, but here the cast iron cauldron is calling the porcelain basin black.",Sarcastic,Sarcastic,Agree,122,23,True,Sarcastic
1706,Really? Why don't you go out and start randomly hurting and killing people and see how far that argument gets you in court.,Sarcastic,Sarcastic,Agree,123,23,True,Sarcastic
1707,depends do you put any thought into writing your arguments? oh wait you don't never mind.,Sarcastic,Sarcastic,Agree,89,16,True,Sarcastic
1708,"And if there's one thing I can count on, it's your insistence that we can assume guilt and should make a public spectacle of the matter before even investigating any matter. 
",Sarcastic,Sarcastic,Agree,176,31,True,Sarcastic
1709,Any form of legislation is a voting matter. That's the way our system works.,Non-Sarcastic,Non-Sarcastic,Agree,76,14,True,Non-Sarcastic
1710,I didn't vote for a republican or a democrat in 2008 and in 2010 it doesn't matter because my rep is not challenged.,Non-Sarcastic,Non-Sarcastic,Agree,116,23,True,Non-Sarcastic
1711,"Yes, there are differences, but the claim is not that the other stories were identical, just that they preceded the time Jesus is claimed to have lived, and that elements of these various foreshadowing stories were very similar to those told about Jesus.Continuing for a second on the idea of the eucharist having been borrowed by Christians from earlier traditions:",Non-Sarcastic,Non-Sarcastic,Agree,366,60,True,Non-Sarcastic
1712,"with the way things are going for all the networks, jim, i'm surprised he's lasted as long as he did. his methods were deemed obsolete even before all the controversy. but, i like him. at least he's going out in style - march, i believe - the anniversary (40th ??) when he took over for walter. too bad one bobble got him thrown into the dungeon.",Non-Sarcastic,Non-Sarcastic,Agree,346,66,True,Non-Sarcastic
1713,"i am being real man i guess i got to be more specific answering debates at some points. it's ok to teach your kids the dangers of having sex when they a about 5 since they won't know nothing about it or letting boys or girls taking advantage of them but, far as getting more in dept about it, in my opinion can wait until they are much older.",Non-Sarcastic,Non-Sarcastic,Agree,342,69,True,Non-Sarcastic
1714,And that is different how? I told johnny to write that I'm infallible. Therefore the book that I told johnny to write proves I'm infallible. There is no difference.   You do realize that there are other religions out there? That science is constantly updating?   Your arguments have been nothing more then false dichotomies assuming there are only two choices despite history laughing in your face.,Sarcastic,Sarcastic,Agree,398,65,True,Sarcastic
1715,"wow, your just full of logical fallacies today. 'nature and newscientist' here, let me use your logic... ahem these magazines are unrecognized by the scientists i like to listen to so they must be junk. furthermore, they are full of hoaxes and contradictions and are actually quite entertaining. wow, i'm learning logic from nox0 :d pointless reply from redneck, try it again with some argument.",Sarcastic,Sarcastic,Agree,395,65,True,Sarcastic
1716,"along with the OTHERS, the point has been missed, gays whine for the RIGHT to adopt children to the exclusion of the RIGHT of children to be nurtured by heterosexual couples or individuals, adopted children who will otherwise be raised in an overwhelming and natural world of heterosexuality",Non-Sarcastic,Non-Sarcastic,Agree,291,48,True,Non-Sarcastic
1717,i'm not surprised anyone would interpret that way. who knew that protecting our daughters actually meant protecting them from harm?,Sarcastic,Sarcastic,Agree,131,20,True,Sarcastic
1719,"On Faith: The Killing of George Tiller: A ""Pro-life"" Murder? - Susan Brooks Thistlethwaite
Murder is murder and abortion is not, to steal a phrase from Rabbi Arthur Waskow:",Non-Sarcastic,Non-Sarcastic,Agree,173,29,True,Non-Sarcastic
1720,"Yeah, but now the special interests won't have access to congress' deep pockets emoticonXRolleyes (hopefully)",Sarcastic,Sarcastic,Agree,109,15,True,Sarcastic
1721,"oh yes that was very enlightening, could i get the stick drawing anyway?",Sarcastic,Sarcastic,Agree,72,13,True,Sarcastic
1722,"Oh relax for cripes sakes. This is the ""fun debates"" forum if you didn't notice.",Sarcastic,Sarcastic,Agree,80,15,True,Sarcastic
1723,"the important question is; do i care? hitler was elected. the fact people participate in a ritual ceremony to consecrate the government of the day every 3 or 4 years makes it no more or less valid in my eyes. explain why china would have any motivation to nuke europe. until you can do that, all this 'china's gonna get you unless you support us global hegemony!!' is tired old scare tactics, typical fascist fearmongering from those seeking any justification for us wrongs they can find. china is wrong in its actions against tibet. that doesn't mean we should support wrongful behaviour by the us.",Non-Sarcastic,Non-Sarcastic,Agree,599,105,True,Non-Sarcastic
1724,Said the person who has boobs danging in an avatar. The crazy thing is that gay rights are considered debate fodder at all.,Sarcastic,Sarcastic,Agree,123,23,True,Sarcastic
1725,"and what alternate fuel source do you reccommend, o divine oracles? i'd like to see something cheaper in my lifetime. so how long will it take to find something 'better'?",Sarcastic,Sarcastic,Agree,170,30,True,Sarcastic
1726,ok. so are you going to follow all the other laws about stoning people to death too? hmmmmmmmmmm. emoticonxfrazzled  guess i better go find a bunch  of rocks. next question being:'who do i throw at first?' what about 'glass houses?',Sarcastic,Sarcastic,Agree,232,40,True,Sarcastic
1728,"Wouldn't professing atheism cover that?
Or were you looking for something else? I'll call mine ""Bertrand"".",Sarcastic,Sarcastic,Agree,107,16,True,Sarcastic
1729,"Ostracise? You mean how the native American community ostracises someone (re: the article you mentioned above) for speaking out on abuse?
And you're the one who said one shouldn't take a verse out of any holy book!
",Non-Sarcastic,Non-Sarcastic,Agree,217,37,True,Non-Sarcastic
1731,"Not only would I throw the switch, I'd pay the electric bill, too. emoticonXGood",Sarcastic,Sarcastic,Agree,80,14,True,Sarcastic
1732,"you didn't even read the articles i posted did you? how does it feel to be a fraud, specifically a user of argument via laziness.  you are no better then the great deciever, satan. :p",Sarcastic,Sarcastic,Agree,183,35,True,Sarcastic
1733,"well, then again, we all know the kind of people the nmbla consists of. sick freaks, everyone of them. they have their reasons. chinese girls start their period at three years old hmmm? sorry for the skepticism, but i don't buy it. i can't imagine a three year old starting their period. how is a body like that supposed to sexually mature?",Non-Sarcastic,Non-Sarcastic,Agree,340,62,True,Non-Sarcastic
1734,"Nope. Wouldn't it be better to learn what you are talking about before you speak?
",Sarcastic,Sarcastic,Agree,83,15,True,Sarcastic
1735,"if his experience is thus, you'd prefer him to impose his own gag order? that certainly doesn't seem right. his experience is quite on par with other ex-gays i've read. it's pretty consistent. i know you don't like his experiences because it doesn't fit your political agenda, but he shouldn't be discouraged from sharing them anymore than you.",Non-Sarcastic,Non-Sarcastic,Agree,344,58,True,Non-Sarcastic
1737,"So scientists are doing science, lots of it. Check the August 2007 issue of Evolution, for example. On the other hand IDists produce nothing, do no lab work, but just harp and harangue against evolution. As the article says, ""Its passionate diatribes virtually advertise the program they attack. People must fight for something that they want to achieve, not simply reject an evil, however bad it may be. Shoe fits you lot, WW, not us.",Sarcastic,Sarcastic,Agree,435,75,True,Sarcastic
1739,The fact that it's the truth is why I keep repeating it.,Non-Sarcastic,Non-Sarcastic,Agree,56,12,True,Non-Sarcastic
1740,"Exactly. It is their fault, but they can do what they choose. It is punishment and you know it, and it is not your job to make sure no ""irresponsible"" pregnant woman goes unpunished.",Non-Sarcastic,Non-Sarcastic,Agree,182,34,True,Non-Sarcastic
1741,"You're the one who needs to get a grip. Lots could get worse, but not for the reasons you're stating.   But I take it you're finally admitting that (actually) 50 million uninsured human beings who could die or go bankrupt is a big problem.",Non-Sarcastic,Non-Sarcastic,Agree,239,44,True,Non-Sarcastic
1742,"boy howdy, it is getting where you can't get a lie in sideways isn't it brady? emoticonxkill well, it's been real brady. come back if you can keep from stepping on your nose. :)",Sarcastic,Sarcastic,Agree,177,34,True,Sarcastic
1743,To be honest I wouldn't mind too much missing old age...(whenever that starts).,Non-Sarcastic,Non-Sarcastic,Agree,79,13,True,Non-Sarcastic
1745,"Oh sinj.don't let it get you down,it don't mean nothing   (sorry couldn't help it)",Sarcastic,Sarcastic,Agree,82,14,True,Sarcastic
1749,"Liberal, not Democrat. Believe it or not, there are pro-gun ""thinking"" Democrats.",Non-Sarcastic,Non-Sarcastic,Agree,81,12,True,Non-Sarcastic
1750,Really. Some people would think I'm in cahoots with the creationists. I predict their behavior and then they go and do it.,Sarcastic,Sarcastic,Agree,122,22,True,Sarcastic
1751,Well I'm glad its no problem for your son. No child deserves to be harrassed.,Non-Sarcastic,Non-Sarcastic,Agree,77,15,True,Non-Sarcastic
1754,"So somebody try and tell us, that with stuff like this going on, that America still needs to overhaul its gun laws to bring them more in line with those of Mexico.",Sarcastic,Sarcastic,Agree,163,32,True,Sarcastic
1755,really?! cool!  can you tell me where to find one these places that will turn me into a lesbian? men have been such a pain in my xxx all these years. i am sick and tired of finding them attractive. emoticonxrolleyes,Sarcastic,Sarcastic,Agree,215,41,True,Sarcastic
1756,No I think YOU are the imbecile. And it's great to see you follow your buddy EZ and his ways.. I suppose you've been training with him for some time now.. You're almost identical twins .. give it a bit more time and we won't be able to tell you apart.,Sarcastic,Sarcastic,Agree,251,51,True,Sarcastic
1757,"Yes, the horror of voluntarily taking orders from someone in exchange for monetary rewards!!   If you hate your job that much, quit. You aren't being oppressed because someone offered you the option to do something. If you don't like it, don't do it. If you hate trade, you can go wander through the wilderness and eat berries and roots.",Sarcastic,Sarcastic,Agree,337,59,True,Sarcastic
1758,"I don't know if we can be as accurate as a couple of million years, but I agree that the age of the earth is just right for supporting man.",Non-Sarcastic,Non-Sarcastic,Agree,139,30,True,Non-Sarcastic
1759,"Yeah, cause there are sooo many 100 year old corks just kickin around.",Sarcastic,Sarcastic,Agree,70,13,True,Sarcastic
1760,"See above. Whether a couple is or isn't monogomous is not for you to determine or worry about. And speak for yourself if you don't mind. This member of the American public's mental health is just fine thank you very much. If gay marriage impacts YOU that much, well that sounds like your problem.",Non-Sarcastic,Non-Sarcastic,Agree,296,54,True,Non-Sarcastic
1761,"Given that the fetus can feel no pain (in the vast majority of abortions), whose pain should I be concerned about?
 
 Even if it could, why would its pain be more worthy of protection than the mother's?",Non-Sarcastic,Non-Sarcastic,Agree,204,37,True,Non-Sarcastic
1762,"what do you not understand about a republican 527 running a communist for kerry campagin? right....well, we know that iran expliciately endores bush....and lilkely the kkk as well. so... ball is in your court.",Sarcastic,Sarcastic,Agree,209,34,True,Sarcastic
1763,"Because of massive cultural differences. You might as well be asking ""if both Americans and British people speak basic english, why do British people refer to apartments as flats?""",Non-Sarcastic,Non-Sarcastic,Agree,180,29,True,Non-Sarcastic
1764,"Your signal to noise ratio was too low for my tastes: too much ""wackiness"" (I assume ""wackiness"" was what you were trying for) and irrelevant side discussions.",Non-Sarcastic,Non-Sarcastic,Agree,159,27,True,Non-Sarcastic
1765,"i totally agree, while 9/11 was a terrible tragedy, america has been involved in some very shady dealings with the government and people supporting terrorism in other countries throughout history so while i was shocked and appalled by what happened that day there was part of me that thought you reap what you sow",Non-Sarcastic,Non-Sarcastic,Agree,313,54,True,Non-Sarcastic
1766,"NOt true,California's ammendments are not doing as well as other states did. You are talking about a very liberal state. If it is decided that marriage is allowed by the courts, then you are talking about taking away rights people have been granted by the courts. I just don't think that will happen in Calf. much too liberal.",Non-Sarcastic,Non-Sarcastic,Agree,326,58,True,Non-Sarcastic
1767,"But what would he have learned from it? If you're going to use that analogy, then lets say the last thing he remembers is walking to the bar. What would he learn or have experienced?",Non-Sarcastic,Non-Sarcastic,Agree,182,35,True,Non-Sarcastic
1768,Jake good try at manipulating scriptures. Jesus is all about family values. The point of thsoe scriptures is that His gospel is above everything else. The only thing that comes before family is GOD. He loves families but won't let a family bring someone down. The US rescues kids from bad homes too because to be in an enviroment that is detrimental serves no one.,Non-Sarcastic,Non-Sarcastic,Agree,364,65,True,Non-Sarcastic
1769,"Very well said, but remember, Evolution doesnt mean atheism, but creationism means religion. I know Christians that believe in evolution, but i dont know atheists that believe in creationism.",Non-Sarcastic,Non-Sarcastic,Agree,191,29,True,Non-Sarcastic
1770,"The same thing it says about your spelling abilities, plenty. emoticonXRolleyes",Sarcastic,Sarcastic,Agree,79,11,True,Sarcastic
1771,"Me, too. I'd probably throw in some counseling as well, just for starters.",Non-Sarcastic,Non-Sarcastic,Agree,74,13,True,Non-Sarcastic
1772,"They can ""marry"" whomever they love. Benefits though, are a different matter. The state and society views marriage as an opposite-sex institution. It's not about anyone getting harmed; no one said it was.",Non-Sarcastic,Non-Sarcastic,Agree,204,33,True,Non-Sarcastic
1773,"Waxy, don't you have better things to do than cruise gay threads. ;)",Sarcastic,Sarcastic,Agree,68,13,True,Sarcastic
1780,"Being new isn't a problem. Nor is uncertainty about a position. The way to learn is to ask questions in appropriate places. However, a problem with message boards is that, without experience, it may be difficult to tell who is speaking from knowledge and who is speaking from ignorance or faith.",Non-Sarcastic,Non-Sarcastic,Agree,295,51,True,Non-Sarcastic
1781,What about people who believe in something so much they are willing to suffer - even die - for it? I thought you Christians were really into that kind of thing! emoticonXAngel I ask because the history of the Documentary Hypothesis is filled with those who were persecuted for daring to suggest that evidence led away from the tradition that Moses had written the entire Pentateuch. Another case of the church strangling free thought!,Sarcastic,Sarcastic,Agree,434,74,True,Sarcastic
1784,So you yourself could have gone gay but chose to be attracted to women?,Sarcastic,Sarcastic,Agree,71,14,True,Sarcastic
1785,"This applies only when men strive...that is fight. If a man ""Accidently"" hits a woman while in a fight and causes her to lose her child then all he has to do is pay a fine. But if he keeps fighting and hurt other people he gets killed. Even in the Bible you dont get punished so severly on accidents.",Non-Sarcastic,Non-Sarcastic,Agree,300,60,True,Non-Sarcastic
1786,I think such a move would qualify as a recognized declaration of war.,Non-Sarcastic,Non-Sarcastic,Agree,69,13,True,Non-Sarcastic
1788,"Let's not confuse our readers. supersport is not saying it's evolution; he's saying that ""evolutionists"" say that it's evolution. It should be clear now to the readers that scientists recognized perfectly well that this is an example of plasticity.",Non-Sarcastic,Non-Sarcastic,Agree,248,39,True,Non-Sarcastic
1789,"And you offer none for your's. Heteros engage is risky business as well. Therefore on the same grounds we ban straight marriage.   It's not just STD's, it's all sorts of physical issues as well. Cancers, hepatitus, bacterial infections, that result from anal and vagina sex. Add one word and BAM, it works aganist you.",Sarcastic,Sarcastic,Agree,318,54,True,Sarcastic
1790,"Doggone! I wonder how it is that those poor little old ill-educated New Yorkers send tax dollars to the really intelligent and enterprising Southern states, cuz the real intelligent, well-educated Southerners never seem to be able to take care of themselves so us Blue-States have to Nannystate them.
",Sarcastic,Sarcastic,Agree,302,48,True,Sarcastic
1792,"You bring up a very interesting point.   All those state level marriage amendments which were voted on also made civil unions illegal as well. When polled, residents in those areas were actually unaware that the amendments also outlawed civil unions.   So, not only are the anti's disingenuous as far as what they promoted, but were so in HOW these amendments were promoted.",Non-Sarcastic,Non-Sarcastic,Agree,374,62,True,Non-Sarcastic
1793,that's ...... well i'm not surprised really. have you ever watched 2 1/2 men? it's content is all about charlie's character's sex life.,Non-Sarcastic,Non-Sarcastic,Agree,135,23,True,Non-Sarcastic
1794,oh really? then why don't we go naked and live in a forest or jungle? ................ i did not mean to say that i say we are different but the same.,Sarcastic,Sarcastic,Agree,150,31,True,Sarcastic
1795,"After what the Fins been through, fighting the mother country, the Soviet Union under Lenin and then Russia and Germany and finally Germany, I doubt they are going to let their own government take away their guns??   Most folks have learned to leave those Finns alone.",Non-Sarcastic,Non-Sarcastic,Agree,268,46,True,Non-Sarcastic
1796,"And I think that if I fall off a tall cliff, I'll die. Does that mean that gravity and science are either evil or incorrect?",Sarcastic,Sarcastic,Agree,124,25,True,Sarcastic
1798,"Actually Electro, do you remember this thread?   Evidence for a flood? Oddly enough it took 20 pages before one of them even tried to argue against the reasons why the flood did not occur.",Non-Sarcastic,Non-Sarcastic,Agree,188,34,True,Non-Sarcastic
1799,"Actually, I don't ask how the idea occurred. As I mentioned, Darwin suggested it. I'm not sure what the rese of that paragraph means.",Non-Sarcastic,Non-Sarcastic,Agree,133,24,True,Non-Sarcastic
1800,"Balderdash! Atheism isn't science. That's nonsense. And science is atheistic in the same way that plumbing is.
",Sarcastic,Sarcastic,Agree,112,17,True,Sarcastic
1801,"Yeah, it is really difficult to cut and paste a news article onto the forum. Look at the gun page, he is nothing more than a bot.",Sarcastic,Sarcastic,Agree,129,27,True,Sarcastic
1802,"Because if evolution cannot explain all changes it is false, Unless you propose some creatures evolved and some were specially created. Is that what you mean?  Genesis says that all creatures were specially created. It fits with the observational eviden",Non-Sarcastic,Non-Sarcastic,Agree,253,40,True,Non-Sarcastic
1804,"he also quoted liberally (get it) from the unabomber manifesto. norway suspect borrowed from unabomber's manifesto - yahoo! news so, the attacker is now linked with the university of berkeley??? if this keeps up i am sure we will find out it was all kevin bacon's fault...",Sarcastic,Sarcastic,Agree,272,47,True,Sarcastic
1805,"Simone, read the sentence again please. It was ""Saving lives is ""not just"" a Republican goal."" It concerns the subject of abortion.   The only way it relates to the politics of Iraq, is that abortionist would rather kill our kids before they get to ""volunteer"" their services for Iraq.   I can't let one statement you made go though. Terrorist continue to terrorize us? Where have they attacked in the U.S. since 9-11? Consider continuing this in an appropriate thread.",Non-Sarcastic,Non-Sarcastic,Agree,469,79,True,Non-Sarcastic
1806,"So, you're just an anti-geologist, anti-cosmologist, anti-archaeologist, anti-physicist, and probably a few more that I can't be arsed to think of right now. *shrugs* Might as well get it over with and just say you're an anti-science religious nutter.",Sarcastic,Sarcastic,Agree,251,39,True,Sarcastic
1808,it was a little hectic when you came in last night but i guess we could do it today in choir if you wanted to.,Non-Sarcastic,Non-Sarcastic,Agree,110,25,True,Non-Sarcastic
1809,"winston's from australia where guns are banned and abuse of women is almost 10x higher than the us. maybe there's a correlation there? emoticonxkill  either way, i'm not surprised that you started yet another male bashing thread. emoticonxrolleyes",Sarcastic,Sarcastic,Agree,247,38,True,Sarcastic
1810,"much of the land you propose that people should just move to is uninhabitable. yeah, let's all go live in deserts and mountains. let's build cities, schools, and factories on the sides of mountains and in grasslands where resources are low to continue living our industrialized lives.",Sarcastic,Sarcastic,Agree,284,47,True,Sarcastic
1811,Well obviously you don't go to KKK meetings so you don't know the wonderful things KKK members do for mankind.,Sarcastic,Sarcastic,Agree,110,20,True,Sarcastic
1812,"You guys are going WAY overboard on this. The changes to the board of education standards will NOT materially change the way evolution is taught in Kansas, nor does it allow the teaching of creationism or intelligent design in our classrooms.   Our districts scientific advisory board says the changes to the curriculum make it ""more factually accurate"", and even the folks who drafted the original curriculum could find no factual fault with the new draft.   The chicken littles out there need to get a grip.",Non-Sarcastic,Non-Sarcastic,Agree,509,85,True,Non-Sarcastic
1815,"I suppose if you Truly Believe its not dishonest to repeat anothers ideas as if they were your own. I will keep this in mind the next time I have to write a paper. Woe betide any professor who accuses me of plagiarism, for he is trampling my religious freedoms!
",Sarcastic,Sarcastic,Agree,263,50,True,Sarcastic
1816,"thats total baloney. one has nothing to do with the other. you are trying to confuse the subject with this drivel. when a powerful leader makes a decision peoples lives are effected. bush decision hurt people, period. why? so he can have the luxury of compliance with his silly religious beliefs.",Non-Sarcastic,Non-Sarcastic,Agree,296,51,True,Non-Sarcastic
1817,"No, it doesn't. It is an example of how one part of the theory of evolution works to effect changes in a population.",Non-Sarcastic,Non-Sarcastic,Agree,116,23,True,Non-Sarcastic
1818,You mean like a tapeworm? Should removing tapeworms be illegal too?,Sarcastic,Sarcastic,Agree,67,11,True,Sarcastic
1819,"wow, that's a huge blanket statement which you haven't bothered to qualify. guess that means it's just a personal attack because you had no better argument, huh?  just because someone does not like what society has become does not necessarily mean one hates the concept of structural society. unfortunately you haven't qualified either concept in your ad hominem attack of jake.",Non-Sarcastic,Non-Sarcastic,Agree,378,61,True,Non-Sarcastic
1821,"That's probably true. Creationists believe that theories are ad hoc stories. Creationist have been raised to know the answers before they have asked the questions. Thus, any assertion that supports the ""theory"" is considered valid evidence, even though there is no evidence to support the assertion and even though plain logic and real science show the assertion to be nonsense.",Non-Sarcastic,Non-Sarcastic,Agree,378,60,True,Non-Sarcastic
1822,"Well let's see . . . the last time a state started recognizing gay marriages, suddenly there was more support for a Federal Marriage Amendment than ever, Democrats lost more seats in Congress, the minority Democratic leader was defeated after years in office, a protestant presidential candidate carried the Catholic vote against a Catholic candidate, evangelicals in the country were energized, the pro-FMA candidate WON re-election even though his approval rating was 50%, and the state that recognized gay marriage fell under a slew of legal challenges to the point where it's up in the air again.The more you push you agenda through activist judges, the closer you get to the people having to pass an amendment. At least New York was smart enough not to do it right before an election.",Non-Sarcastic,Non-Sarcastic,Agree,789,132,True,Non-Sarcastic
1823,i love how it is 7 to 1.................. this is just the best.,Sarcastic,Sarcastic,Agree,64,13,True,Sarcastic
1824,Ha. Those must be the same folks who believe in the missing link like you do.,Sarcastic,Sarcastic,Agree,77,16,True,Sarcastic
1825,"don't you insult african americans!  i have posted a number of times links and comments by prominant black leaders who infact do support gay marriage. when will you stop your 'don't insult african americans' lies when you know all too well just how wrong you actually are?  oh that's right...never, because you just don't care what anyone thinks if it at all differs from your opinion.  weren't you spanked enough in the 'banned people' forum?",Non-Sarcastic,Non-Sarcastic,Agree,443,75,True,Non-Sarcastic
1828,"You think ""the unborn child is worthy of protection""...""but not more so than the mother, probably less""...yet you believe ""in most circumstances the child should be carried to term?""",Non-Sarcastic,Non-Sarcastic,Agree,182,29,True,Non-Sarcastic
1831,"you ever seen 'schindler's list?' how about ever read a book about the holocaust? i'm guessing not, because you have no clue what you're talking about. there is a huge difference between using psychological 'torture' if you wanna call it that for the purposes of extracting information and what the nazis did. not providing a detainee air conditioning is as bad as the nazis? playing rap music too loud? hell, even chaining someone in a room for long periods of time...sure, it's unpleasant, perhaps to a great degree. but come on, i'd rather go through all of that than endure a nazi pow or concentration camp.",Non-Sarcastic,Non-Sarcastic,Agree,611,106,True,Non-Sarcastic
1832,"Tell that to CDC pathologists. Or just read this post.   ETA: Alternatively, let's look at the logic in this way: because the field of quantum mechanics is useless for helping me describe classical physical systems, quantum mechanics must be wrong. I think this illustrates the fallacy satisfactorily.",Non-Sarcastic,Non-Sarcastic,Agree,301,47,True,Non-Sarcastic
1833,"which leaves us with? if you said 'an appeal to majority' you win teh prize! you're not really leaving it to them when you're talking about enacting legislation based on a theory which is still under debate. most doctors won't prescribe marijuana in this country either. i guess we should just leave that to them though, since they're more qualified.",Sarcastic,Sarcastic,Agree,350,60,True,Sarcastic
1834,Have you stopped beating your wife yet?Give it up! Good grief! emoticonXDonno,Sarcastic,Sarcastic,Agree,77,12,True,Sarcastic
1836,thank you. i discussed with a friend earlier that some moron would take the bait and waste their own time by saying what you just said. it is fantastic as my friend said nobody would be so stupid to waste their time commenting about their disagreement of the debate.,Sarcastic,Sarcastic,Agree,266,49,True,Sarcastic
1837,"That ain't the way it works slick, nice try anyway.
Hello simone honey emoticonXLove",Sarcastic,Sarcastic,Agree,85,14,True,Sarcastic
1838,"What people say does not matter.
 There is simply no legitimate rational basis for this assertion.",Non-Sarcastic,Non-Sarcastic,Agree,99,16,True,Non-Sarcastic
1839,"you're joking, right? supporting tradition family values means devaluing any other type of family. by doing this, millions of lgbt individuals are denied equal rights. you cannot support heterosexual family structure and be apathetic toward gay rights at the same time. supporting heteronormitive ideals goes completely against giving equal civil rights to all gays.",Non-Sarcastic,Non-Sarcastic,Agree,366,54,True,Non-Sarcastic
1840,"The point being that nobody is spoiling Christmas for the children, you paranoid fruit cake.",Sarcastic,Sarcastic,Agree,92,15,True,Sarcastic
1841,It's nice to see you beginning to give your sources. All translated into English and everything!,Sarcastic,Sarcastic,Agree,96,16,True,Sarcastic
1842,"Trebor can't cough up the missing link so he changes the goalposts.
And FYI, Jesus is risen. You'll see him soon enough I suspect.
Now, who's yo (evolutionary) daddy?",Sarcastic,Sarcastic,Agree,168,29,True,Sarcastic
1844,"Dude, you only figured that out now? 
I'm disappointed in you. 
just joking. Everything he states has a hidden agenda.",Sarcastic,Sarcastic,Agree,120,20,True,Sarcastic
1845,That should get the natives milling around looking for victims. Fundamentalist Christianity does not take kindly to criticism.,Sarcastic,Sarcastic,Agree,126,18,True,Sarcastic
1848,"""feminazi groups"", eh.
Sounds like a Dittohead.
Do you worship at the shrine of Lord Gush Limpbutt?emoticonXClown",Sarcastic,Sarcastic,Agree,115,17,True,Sarcastic
1850,"Mach, your ability to make the wrong argument on the wrong post continues. I ask a question of this person, you reply not to them, but to me, and with ad hominem, and a 'just-so' statement.",Non-Sarcastic,Non-Sarcastic,Agree,189,36,True,Non-Sarcastic
1851,"Are you like a Chinese government official or something? Oh wait. I forgot, the Chinese government controls what you say anyway, so I guess it matters not.",Sarcastic,Sarcastic,Agree,155,27,True,Sarcastic
1852,"supporting administration's doctrine of pushing iraq deeper into civil war at us expense no longer has public appeal and that's where the votes are. with growing public distrust of administration and congress now at a majority, it'll take a brave or politically suicidal republican congressional member to stay the full course with current administration policy.  i'm somewhat surprised al qaeda hasn't mounted another attack on the us to keep administration in place as their fiscal irresponsibility is al qaeda's best ally. but that could backfire as administration is using iraq to display how they've kept terrorism in the us at bay and another exposed deception could further distance them from public support. al qaeda needs current administration.",Non-Sarcastic,Non-Sarcastic,Agree,754,117,True,Non-Sarcastic
1853,"And because this man said it, it must be true? A simple appeal to authority.",Non-Sarcastic,Non-Sarcastic,Agree,76,15,True,Non-Sarcastic
1855,and you believe that to be what? you really need to just say who/what you think the creator is to save us from having to make all these clarification posts.,Non-Sarcastic,Non-Sarcastic,Agree,156,30,True,Non-Sarcastic
1856,"Says the one who calls everyone who disagrees with him about politics a ""Bush hater"" and then cowardly runs away. emoticonXRolleyes",Sarcastic,Sarcastic,Agree,131,21,True,Sarcastic
1857,"The article as a whole never made that argument either.   Lie number.... oh I can't keep track anymore, let's just call it 40.",Sarcastic,Sarcastic,Agree,126,23,True,Sarcastic
1858,"Unlike your stiff-necked, Neanderthal mockery of God, Christ, the Bible, and everything noble, which is well documented in these fora, you've never been able to back that claptrap up. You just run off at the mouth like your spiritual father, the Devil (John 8:44).",Non-Sarcastic,Non-Sarcastic,Agree,264,44,True,Non-Sarcastic
1859,"Which wouldn't make a darn bit of difference - apart from the tiny matter of women dying and suffering permanent harm, but don't let that bother you. you'll also have to amend the constitution to remove any references to bodily autonomy. get ready to donate your kidney!",Sarcastic,Sarcastic,Agree,270,47,True,Sarcastic
1860,Ted Kennedy was on the no fly list or in other words a terrorist. How he got there was not known. It took him with all the weight he had a struggle to get off. Weasel hole out of that.,Sarcastic,Sarcastic,Agree,184,40,True,Sarcastic
1861,"the question still remains: do they really [change]? control is one thing, change is another.",Sarcastic,Sarcastic,Agree,93,15,True,Sarcastic
1862,"Maybe you should have not slept through American History class. The Declaration of Independence isn't law. emoticonXRolleyes
",Sarcastic,Sarcastic,Agree,126,17,True,Sarcastic
1863,"Observations? Like the posts I have made? Which would be documented via quotes?....emoticonXConfused You demanded 'links' for your recurring rudeness, I produced them. I demand 'links' for my creationism.",Non-Sarcastic,Non-Sarcastic,Agree,204,29,True,Non-Sarcastic
1864,"But AA's not responsible for that, because he is an A-rab.",Non-Sarcastic,Non-Sarcastic,Agree,58,11,True,Non-Sarcastic
1865,"If this is what passes for American healthcare, then your need for change is even more desperate. None of these ""treatments"" is available on the NHS.",Non-Sarcastic,Non-Sarcastic,Agree,149,26,True,Non-Sarcastic
1866,thank you my dear. i am going to fight like hell for happiness. i am damn stubborn like that.,Sarcastic,Sarcastic,Agree,93,19,True,Sarcastic
1867,"Not even for the sake of argument? Are you that limited in your debate skills? You and jyoshu?
That's really sad.",Sarcastic,Sarcastic,Agree,114,21,True,Sarcastic
1868,"I think you could teach gun-control at a gun-free school, too.
Sex-education is also taught in schools that forbid their pupils to couple on the school yard :p .",Sarcastic,Sarcastic,Agree,162,29,True,Sarcastic
1870,"Anyone speaking English could well be an illegal from the UK then, right? 
I guess Puerto Ricans better watch out too.",Sarcastic,Sarcastic,Agree,119,21,True,Sarcastic
1871,"Well, then, I guess that in America we can't possibly be safe from kill-happy gunners can we?",Sarcastic,Sarcastic,Agree,93,17,True,Sarcastic
1873,"Socialsim and Communism in the Soviet Union failed because the USSR spent its entire existence recovering from war. The country was bombed to hell by Germany twice, around the time of the world wars. The united states put unspeakable amounts of money into their war machine, which forced the Soviets to do the same. I, for one, would buy a gun If I knew my neighbor had six, and he wanted me dead.The CIA and American military carried out immoral operations in 60+ countries since 1945. The soviet KGB, as far as I know, has only been in Germany, korea, China, and Afgahnistan.",Non-Sarcastic,Non-Sarcastic,Agree,577,103,True,Non-Sarcastic
1874,"Sorrowfully, you are so right. That's exactly why we have all ""suffered"" for 8 long years. Sheer. . . . .no I refuse to write it!! :)",Sarcastic,Sarcastic,Agree,133,27,True,Sarcastic
1875,And here the assi once again refuses to respond to a valid post as he personally insults a member who shows more intelligence and wisdom than he does in every post COBHC writes. And this coming from a guy who is barely out of his teens himself. Hypocrite much assipiter? emoticonXRolleyes,Sarcastic,Sarcastic,Agree,288,51,True,Sarcastic
1877,"we do......most fossils found are surface finds -- which means anything found on the ground probably contradicts uniformitarian principles because every fossil found laying on the ground probably -- according to ToE -- did not die at the same time. For example, many mammal bones are found on the surface -- yet so are dinosaur and other ""ancient"" bones from animals that supposedly lived millions of years beforehand. Of course evolutionists will come back and claim ""erosion"" with no evidence of such, not to mention how rock can be removed from bone after millions of years of being cemented to it.I've got a 900-page book called ""Hidden Archeology"" (Cremo) that dives into hundreds of fossils and artifacts that are in the ""wrong"" strata. Your assertion is blatantly false.",Non-Sarcastic,Non-Sarcastic,Agree,777,128,True,Non-Sarcastic
1878,"i'm not making fun of you lol i'm honestly amazed at how different people can be though the same age.  and srom, it's the internet. don't take anything you read off the internet seriously. and have you realized that maybe it's you that's the problem? i mean not the problem, but causing it. you may want to refine your debating techniques if you want respect on this site.",Non-Sarcastic,Non-Sarcastic,Agree,372,68,True,Non-Sarcastic
1879,"Archie, you have said so many incorrect things about evolution on this thread that it's hard to know where to begin. The idea that 'evolution teaches essentially that a fish walked out of the ocean and survived long enough to become a mammal 'springs readily to mind.
",Non-Sarcastic,Non-Sarcastic,Agree,269,47,True,Non-Sarcastic
1881,i just love how deliciously ironic this statement here is. well done.,Sarcastic,Sarcastic,Agree,69,12,True,Sarcastic
1883,"Really, fetal persons are born. Science has demostrated that birth really occurs into the womb, not when one leaves it.",Sarcastic,Sarcastic,Agree,119,20,True,Sarcastic
1885,In England we have a sack with a couple of bricks inside it.,Non-Sarcastic,Non-Sarcastic,Agree,60,13,True,Non-Sarcastic
1886,Well it's more efficient than the bill we just passed...I think we agree that much.,Sarcastic,Sarcastic,Agree,83,15,True,Sarcastic
1887,"Proof for a non-event? What century did your purported non-event supposedly occur, Einstein?",Sarcastic,Sarcastic,Agree,92,13,True,Sarcastic
1888,go back to the part in which we were discussing a specific case and stop trying to encompass the universe in your justification. (you know there are mothers in bokoboko that don't have enough lizard eggs to feed their babies so they eat them)emoticonxbanghead  i'm not surprised that a moral definition of selfish disgusts you. splat! :),Sarcastic,Sarcastic,Agree,337,57,True,Sarcastic
1889,"We've posted this excellent piece before. The anti-gay crowd (even the anti-gays who surreally style themselves as ""pro-gay"" -- so they can bash gays and still get into heaven...they think) NEVER respond to it, so thoroughly does it explode all their pitiful ""arguments.""",Sarcastic,Sarcastic,Agree,271,43,True,Sarcastic
1890,"Really? Why can't you ""disprove"" what it actually is instead of someone's explanation of it? It's a standard scientific tool, the procedure is well documented. If you can ""prove"" that it's wrong somehow you should be able to do it right off the bat, you shouldn't need to be primed with someone's explanation.",Non-Sarcastic,Non-Sarcastic,Agree,309,53,True,Non-Sarcastic
1891,"Oooh, I see. Only some presidents get experience, eh? And you think that Bush learns from his mistakes?! He doesn't even admit he makes any!Let me guess, only Republican presidents learn from their first terms, don't they? Pfft.",Sarcastic,Sarcastic,Agree,228,38,True,Sarcastic
1893,"**   Silly thinking. Evolution is a natural phenomenon that requires explanation; it explains nothing, it simply is what it is, i.e., a plain fact of life. It is an effect, not a cause, and except among some darwinian true-believers, effects are never their own causes. In this particular instance certain organisms we call eubacteria have evolved inter- and intra-cellular communication systems--a phenomenon not found in, say, grains of sand or salt or the various molecules, atoms, quarks and other 'things' that 'bits of stuff' can be reduced to by materialist/mechanist darwinists.   **   Forgive me, but I'm the one laughing now!! That you find this behaviour non-indicative of intelligence only points to a certain lacune on your part as far as that quality is concerned.   **   Sorry, just can't stop laughing. Foolish words do that to me every time.",Sarcastic,Sarcastic,Agree,858,138,True,Sarcastic
1895,"That is a nice little pistol with lots of smack for only 11 onces. Also, I like DA automatics.",Non-Sarcastic,Non-Sarcastic,Agree,94,19,True,Non-Sarcastic
1896,wow! i've never thought about it like that. you've given that a lot of thought ;),Sarcastic,Sarcastic,Agree,81,16,True,Sarcastic
1897,"emoticonXRolleyesThe problem with that?What Obama was saying wasn't a lie... The healthcare legislation Obama was talking about clearly forbids providing services to illegal immigrants.And furthermore, the whole ""showed some guts to speak the truth""???ROFLMAO!There are MILLIONS of people saying all sorts of stupid things about the president.9/12 project???I suppose you think those guys were cowering in their closets refusing to ""show some guts to speak"" (what you think is) ""the truth""...",Sarcastic,Sarcastic,Agree,492,71,True,Sarcastic
1899,No its federal property and falls under AR190-11 and other applicable regulations.   If they live off post I believe so if they follow policy and regulations. If they live on post then the POWs must be stored in unit arms rooms and only drawn out with the commander's permission.,Non-Sarcastic,Non-Sarcastic,Agree,279,49,True,Non-Sarcastic
1900,"If the justification for morality is obedience to a divine authority, it has no place in a public school. Those without religious beliefs are not by definition immoral.",Non-Sarcastic,Non-Sarcastic,Agree,168,28,True,Non-Sarcastic
1901,"If you think stating the inherently obvious is somehow a ""laughable standard"" ...
emoticonXDonno
",Sarcastic,Sarcastic,Agree,99,14,True,Sarcastic
1902,"Oh, so business owners don't make ""real"" contributions to society?",Sarcastic,Sarcastic,Agree,66,10,True,Sarcastic
1903,which will push crude oil prices up in line with the benchmark usd devaluation? treasury interest rates could become interesting. i'm already seeing conventional cd and money market rates on the rise.,Non-Sarcastic,Non-Sarcastic,Agree,200,32,True,Non-Sarcastic
1904,"That's right! Let them burn and murder the people who work in abortion clinics. It's all for a good cause, so why not? After all it has been done before and it worked as the murdered doctor never carried out anymore abortions.",Sarcastic,Sarcastic,Agree,226,42,True,Sarcastic
1906,"if someone is an attorney or in law enforcement, would you please give an interpretation? thank you.",Non-Sarcastic,Non-Sarcastic,Agree,100,17,True,Non-Sarcastic
1907,So what? The fact remains that Britain is still four times as dangerous as America in terms in crime rates. Or are you arguing that their crime level is acceptable and that you're alright with so many more people being a helpless victim unable to do anything?,Sarcastic,Sarcastic,Agree,259,47,True,Sarcastic
1908,No. you're not making any sense. Where is symbiote? I got a horrible argument for him to dispell.,Non-Sarcastic,Non-Sarcastic,Agree,97,18,True,Non-Sarcastic
1909,"it's not just alcohol and tobacco, but marijuana too; we're just still in prohibition where cannabis is consumed. organized crime surrounding its traffic? check. violent crime associated with the above? double check. lack of quality control resulting in questionable, even dangerous product? triple check! high government spending that doesn't even put a dent on the issue? you get the idea. government scare-tactic campaigns? yeah.... the overwhelming majority of us citizens try marijuana at some point in their lives, and nearly a third are believed to use it somewhat regularly- and it appears to be increasing. some limit!",Sarcastic,Sarcastic,Agree,627,97,True,Sarcastic
1910,"No it isn't. There was an incident here in the states last year that had an elderly woman beaten and raped, and several days later her rapist came back to do it again and she killed him on the spot. She wasn't brought to court to face trial even know she killed someone.THAT is how something like this should be handled.",Non-Sarcastic,Non-Sarcastic,Agree,320,61,True,Non-Sarcastic
1911,"now, if we're talking natural insemination by donor, that would likely be morally unacceptable in most circles, though certainly not all. really? i mean that sincerely. sometimes i am really surprised by what people find immoral. most people seriously object to that? why? o.o",Non-Sarcastic,Non-Sarcastic,Agree,276,44,True,Non-Sarcastic
1912,"Soooo, um, pregnancies are solely a factor of a woman's behavior, eh?   No males involved?   Um, have you ever been exposed to any level of sex ed?",Sarcastic,Sarcastic,Agree,147,27,True,Sarcastic
1913,"To be constantly told I've been defeated by pseudo intellectuals who constantly claim victories when there is absolutely nothing to be gained from debating here shows just how lacking of any actual intelligence you people possess. But you sure feel smart after patting each other on your sanctimonious backs after convincing yourselves that what you know is actually correct when it is no more correct in reality than your warped and very corrupted World views.   I will proudly stand alone against your combined self perceived intellect, and most importantly, I will confidently place my beliefs against yours at the end of this life when the true answers to the questions we debate will finally be known. And at that time, this ignorant christian will be standing tall in his knowledge as you all regret everything you have ever believed in your lives.",Non-Sarcastic,Non-Sarcastic,Agree,854,142,True,Non-Sarcastic
1914,Senior citizen yachties stand little chance of defending themselves against pirates.   Piracy needs to be dealt with using military might.,Non-Sarcastic,Non-Sarcastic,Agree,138,20,True,Non-Sarcastic
1915,"Actually it wasn't sitting somewhere since there was no ""where"" to ""sit"" and ""always"" and ""eternity"" have no meaning outside of time and no ""time"" existed prior to the ""Big Bang"", maybe.",Non-Sarcastic,Non-Sarcastic,Agree,186,32,True,Non-Sarcastic
1916,"assuming you're telling the truth, i have to say, i'm surprised. i truly thought you'd support something like this. i'd be interested in hearing you elaborate on your reasons for why you join with any conservative that thinks it's a bad idea.",Non-Sarcastic,Non-Sarcastic,Agree,242,42,True,Non-Sarcastic
1917,U.S. Guns Behind Cartel Killings in Mexico - washingtonpost.com   No wonder Mexico is complaining about US guns being smuggled into their country.,Non-Sarcastic,Non-Sarcastic,Agree,146,22,True,Non-Sarcastic
1918,"baby, i am going to publicly say that if it wasn't for you i would be so out of here . oh yeah and for merlin too",Non-Sarcastic,Non-Sarcastic,Agree,113,27,True,Non-Sarcastic
1919,"so what? jefferson is a prime example in opposites and double standards. he believed in freedom but owned slaves. wrote the declaration of independence yet only believed in freedom for white men not women or people of color. this stance is very consistent with his double standard. he was also an adulterous, womanizer who had sex with his slave women and producing children who would remain slaves. so there again is his double standard he enslaved his own children.",Non-Sarcastic,Non-Sarcastic,Agree,467,79,True,Non-Sarcastic
1921,"quote from johnhanks: 'quote: originally posted by inri ...sex is nothing but animalistic until it is practiced in accordance with the eucharist...  i'm fascinated. how is this done, exactly? (and just for the record - you're really saying making sex less animalistic is a good thing?)' i wouldn't even ask!!",Sarcastic,Sarcastic,Agree,308,50,True,Sarcastic
1922,"You'd think that to be safe they'de let the fetus live. But no, they kill it. Smart.",Sarcastic,Sarcastic,Agree,84,17,True,Sarcastic
1926,He has a persecution complex. He thinks that every intelligent white male is out to put chains on him and make him sing Gospel songs. ;),Sarcastic,Sarcastic,Agree,136,26,True,Sarcastic
1927,"Yes, homo habilus was a monkey. I've been telling people that for years.",Sarcastic,Sarcastic,Agree,72,13,True,Sarcastic
1928,I'm glad you made the same correlation I did. ToE is a substitute for #### in this case.,Non-Sarcastic,Non-Sarcastic,Agree,88,18,True,Non-Sarcastic
1930,"FSM is not world-wide yet, but it is growing. Thank you for the consciousness raising by bringing attention to this glorious belief system. It has the advantage of being every bit as valid and supportable as either creationism or ID. More importantly, it's scripture is unambiguous on the origins of the universe.
It looks like you may have attracted a new adherent.
Ramen!",Sarcastic,Sarcastic,Agree,375,63,True,Sarcastic
1932,"Today's students are tomorrow's scientists. They are unlikely to study something that, if they hear about it at all, they hear about it on a less serious level than they do the happenstance origins of atheist evolution. To reduce ID to other classes like literature or social sciences, etc. (where poetry, fiction, and prehistoric beliefs are the subject matter) is nothing more than a clever, dishonest attempt to belittle it.",Non-Sarcastic,Non-Sarcastic,Agree,427,70,True,Non-Sarcastic
1933,"So Simone, if the shooter had instead driven his Toyota Prius into a crowd, killing many as a result, would you call for banning Toyota Priuses?",Sarcastic,Sarcastic,Agree,144,26,True,Sarcastic
1935,It's evidence of EAM. Probably she comes from a large family. Her mother always had her hands full and was on her feet day and night.,Sarcastic,Sarcastic,Agree,133,26,True,Sarcastic
1938,"leroyjames, i am just shocked at your blatantly sarcastic response to kelly ;)",Sarcastic,Sarcastic,Agree,78,13,True,Sarcastic
1939,"My gosh, ER writes a proverb that refers to himself.. and then uses it to attack someone else.
How ironic is that.",Non-Sarcastic,Non-Sarcastic,Agree,115,22,True,Non-Sarcastic
1940,"i've spoken favorably of religious believers who stand up for gay rights against a tyrannical version of christianity. what more do you want? blood? look, i disagree with the entire concept of religion. my view is that when religious believers support something that's right, they do it despite their religion, because it makes sense to them on the basis of humanitarian instincts, not religious ones. maybe sometimes their religion coincides with humanitarianism. all i can say to that is i wish it would do it more often than it does in practice!",Non-Sarcastic,Non-Sarcastic,Agree,548,92,True,Non-Sarcastic
1942,"That's right, why should everyone contribute when a few can support the many!",Non-Sarcastic,Non-Sarcastic,Agree,77,13,True,Non-Sarcastic
1944,Methinks it's rather obvious that mintaka is JimIrvine because no rational newbie would come here and agree with Irvine's ridiculous and juvenile attacks/assertions out of the box. emoticonXRolleyes,Sarcastic,Sarcastic,Agree,198,28,True,Sarcastic
1945,"Where is your ""proof"" that a magical being in the Heavens created us ?",Non-Sarcastic,Non-Sarcastic,Agree,70,14,True,Non-Sarcastic
1947,"Hi Archie! How's the fact checking going? Same as usual?
Look at Cash's posting history. You should recognize it, it's similar to yours. I even outlined it above for you.
Oh, so he didn't insult Pandion in this specific instance, so I was therefore wrong to say that his usual repertoire consists of insulting those who disagree with him? No, I don't think that's the way it works.",Sarcastic,Sarcastic,Agree,383,68,True,Sarcastic
1948,"Then you are probably a bit older than I. My mother was 45 in 1963, the year I entered the Army. My mother will be 86 next month and we have a party planned with her older sister, nieces, grand nephews, grandchildren, and great grand children.   I am so sorry for your early loss. My father died at 73 from complications after a ""successful"" surgery. It was still difficult.",Non-Sarcastic,Non-Sarcastic,Agree,374,69,True,Non-Sarcastic
1954,"Actually the kid was on a panel, all pretty much saying the same thing. 
 
 Why didn't YOU cite them?",Sarcastic,Sarcastic,Agree,103,19,True,Sarcastic
1957,"i love how the right accuses the left of star f---ing, yet it's the right who is always electing celebrities...",Sarcastic,Sarcastic,Agree,111,20,True,Sarcastic
1959,"Many of the Christian denominations are ignoring them the same way they ignore the prohibitions against pork, mixed cloth, and stoning your children to death because they sass you.",Sarcastic,Sarcastic,Agree,180,29,True,Sarcastic
1963,"Keep rolling on the floor, Mr. Bowels. When you're sober and have your medicine for your Tourette's Syndrome, you can try rejoining the human race.",Sarcastic,Sarcastic,Agree,147,25,True,Sarcastic
1964,"and how do you know?? let's see evidence of this. or, it is just one of your proclamations?? that statement says to me 'i can close my eyes to all evidence, all common sense, because i believe in god'.",Sarcastic,Sarcastic,Agree,201,39,True,Sarcastic
1965,"I guess I'd rather live among them, too, than have a hot poker shoved up my bottom.",Sarcastic,Sarcastic,Agree,83,17,True,Sarcastic
1968,"Just to be sure you understood, it was the picture below that picture you were supposed to look at.",Non-Sarcastic,Non-Sarcastic,Agree,99,19,True,Non-Sarcastic
1971,"Actually, the majority of my first post in this thread came from Robert H. Churchill's article who is an advocate of the individual rights interpretation.",Non-Sarcastic,Non-Sarcastic,Agree,154,25,True,Non-Sarcastic
1972,"this is rather naive. who would willing condemn themselves to hell? many people commit sins regardless of the punishment. here's a little conversation to save time... i understand texas has the death penalty. are there any muders still going on? yes. why? who would condemn themselves to death? some people don't think they're going to get caught. they don't want to die themselves, but they just plain think what they do, they can get away with.",Non-Sarcastic,Non-Sarcastic,Agree,446,76,True,Non-Sarcastic
1973,really?? i'm surprised you would want it to be true.,Sarcastic,Sarcastic,Agree,52,10,True,Sarcastic
1974,Just as soon as peddler's cheek stops stinging and he picks the glove up...,Sarcastic,Sarcastic,Agree,75,14,True,Sarcastic
1977,I have noticed he seems content to drop a Ad Hominem neglecting to actually argue.,Non-Sarcastic,Non-Sarcastic,Agree,82,15,True,Non-Sarcastic
1980,No more or less than Jebus when he did the same....emoticonXChickenemoticonXChicken,Sarcastic,Sarcastic,Agree,83,11,True,Sarcastic
1984,"Just trying to bring some consistency to the debate. You love it when Democrats pander but not when Republicans do it. Why am I not surprised? ;) 
",Sarcastic,Sarcastic,Agree,148,27,True,Sarcastic
1985,"i was thinking the same thing. i've yet to meet a homosexual who didn't play the perpetual victim card, so what will he do when he advertises his sexuality and some red neck hater remodels his car? oh wait, he's in law school, what better way to build a career as a liar, er i mean a lawyer. emoticonxrolleyes",Sarcastic,Sarcastic,Agree,309,59,True,Sarcastic
1988,"Why don't we do the same for straight marriages then?Why doesn't a straight couple that gets married in Colorado, and then moves to Virginia, have to get their divorce ""remotely"" from Virginia.Or maybe you should start thinking about what AUTHORITY Colorado has to grant a divorce to Virginian RESIDENTS.",Non-Sarcastic,Non-Sarcastic,Agree,304,49,True,Non-Sarcastic
1990,At least now we know what happened to EZridden when he was young..,Sarcastic,Sarcastic,Agree,66,13,True,Sarcastic
1993,"Careful now, Simone. A lesser man might report you to the moderator.;)
",Sarcastic,Sarcastic,Agree,72,12,True,Sarcastic
1995,you'd be hard-pressed to get me to agree with your definition of 'conservative' . and i'd love to tell them. do you have their e-mail addresses? i'll start with chickenshit kennedy.,Non-Sarcastic,Non-Sarcastic,Agree,181,31,True,Non-Sarcastic
1996,"A master baiter like you should present your thesis to be taken seriously, you haven't and you aren't. ",Sarcastic,Sarcastic,Agree,103,18,True,Sarcastic
1997,"No, but I can't lose. Either he shows up at IIDB and gets smacked around beyond belief (we have some really well-educated people here, but IIDB is a whole different level), or we get to repeatedly ask him why he won't present his ideas to qualified reviewers.
P.S.: He claims not to be a creationist, only a non-""Darwinist.""",Sarcastic,Sarcastic,Agree,325,58,True,Sarcastic
1998,And you think this a good thing? It just shows the weak cowardly position of the creationist.,Sarcastic,Sarcastic,Agree,93,17,True,Sarcastic
2001,"What makes you think I am using them as a source? I would suggest you read the story you read about again. It is Nathanson, not people, who makes the claim. However saying someone lied and proving that they did are two entire",Sarcastic,Sarcastic,Agree,225,43,True,Sarcastic
2003,"emoticonXRolleyes Drink Kool-Aid often? 
No major party in the US supports the mass murder of an entire race of people.",Non-Sarcastic,Non-Sarcastic,Agree,120,20,True,Non-Sarcastic
2004,"So you see, Brady, you're wrong again. The McDonald ruling wasn't an issue of guaranteeing white men their ability to feel safe in the face of growing minority groups. Quite the opposite. The McDonald ruling was about striking against those with racist and evil intentions who would use the law to render innocent people helpless for no good reason. It was as much about protecting minorities from harm as anything.",Sarcastic,Sarcastic,Agree,415,70,True,Sarcastic
2007,"Because all scientists hate god. Again, this is a fact.",Sarcastic,Sarcastic,Agree,55,10,True,Sarcastic
2008,"how do you explain your position, on this thread, that torture is always wrong, and the americans are so f'ed up for torturing -- when you supported a military dictatorship that tortured hundreds of thousands of your fellow citizens, and in a manner that was far more brutal than what you refer to, for the u.s.? note; i've already stated my opposition to torture in any form. this is about you and your severe doublestandardistis, winston_smith.",Sarcastic,Sarcastic,Agree,446,76,True,Sarcastic
2009,"I think even the Court knows that the Fourteenth was not well crafted, at least in terms of forsight. However, once it was ratified the Court really had no choice but to try to work it into the legal landscape.Certainly State power needed to be curtailed to stop such institutions such as slavery, but I don't think restructuring how the entire Constitution works was the right move.",Non-Sarcastic,Non-Sarcastic,Agree,383,67,True,Non-Sarcastic
2013,You offer no positive evidence towards Creationism nor did you deny that the idea of Creationism as scientific was destroyed long ago.,Sarcastic,Sarcastic,Agree,134,22,True,Sarcastic
2015,It stops us from saying we ara a rational people. I don't support any laws that would allow a father not to have a say so about his child being aborted. Are there any?? If it were a life or death thing for the mother no question.  As I stated I don't li,Non-Sarcastic,Non-Sarcastic,Agree,253,53,True,Non-Sarcastic
2016,The critical factor here is punishing women.   Women must be punished. For whatever strikes the fancy of Cybererratus.,Sarcastic,Sarcastic,Agree,118,18,True,Sarcastic
2018,"seven demons, huh? is that a lot? small chance of clean living with those guys on board, huh? interesting. i am intrigued that you believe in demons. do they still exist? if so, how are they manifest and how would you know that?",Sarcastic,Sarcastic,Agree,228,43,True,Sarcastic
2019,gee our reasoning challenged one has shown up. let me see we have a ny slimes article on the problems liberals have caused in children. then we leap to they never grow up. and then the leap to they get guns. wonder what study or studies back that up? from there we go into male hatred mode via hormones. of course these are all white kids too eh? not to mention being of the republican persuation no doubt. ,Non-Sarcastic,Non-Sarcastic,Agree,407,78,True,Non-Sarcastic
2022,"what extended family interference? even mass same-sex marriages can't get ss benefits. you should research joint tenants in common becasue that isn't true that isn't a gaornment decision. that is a business decision. businesses can decide to allow it if they want to, so marriage wouldn't change that. i'm saying what can't you do without it. not about marriages in mass. also the federal government wouldn't recognize it anyways because of defense of marriage act. so far you haven't named one yet. also as couples you don't have that right but individually you have the rights as any citizen.  calling me full of **** while i just showed you have you're wrong.. funny.",Non-Sarcastic,Non-Sarcastic,Agree,670,113,True,Non-Sarcastic
2023,"agreed, and they are really grasping at straws now. i'm surprised that anyone still takes kennedy seriously. emoticonxrolleyes",Sarcastic,Sarcastic,Agree,126,18,True,Sarcastic
2026,"Indeed.  If a teacher teaches 'the controversey' correctly, and lays out the facts and let's kids decide for themselves (is that done for ANY subject?), certainly, the most indoctrinated will say creation wins. But what about the open-minded? What about",Non-Sarcastic,Non-Sarcastic,Agree,253,40,True,Non-Sarcastic
2027,"**True, and the confusion was my bad, as explained already. However, the fact of revertant mutation in eusocial bacteria colonies, as demonstrated by Ames and by Cairns, still shoots great big holes in the darwinist assumptions arising out of your old war-horses, Luria & Delbruck '43, and its ""clone"", Lederberg and Lederberg '52.",Sarcastic,Sarcastic,Agree,331,53,True,Sarcastic
2028,"wow, i'll make sure not to waste my time typing any more arguments for you from now on.",Sarcastic,Sarcastic,Agree,87,18,True,Sarcastic
2033,"what made you think i was responding to you? did i quote you? mention you anywhere?  i'm continually surprised that your inability to reply to any post without personal insults, 'foul' language, and broad generalizations hasn't caught the attention of the admins. of course, if you eliminated that part of your posts and left only the valid contributions and actual facts, there'd be nothing left. emoticonxrolleyes  waxy",Non-Sarcastic,Non-Sarcastic,Agree,421,67,True,Non-Sarcastic
2042,"I guess I should ask why you think the ""less evolved"" chimpanzee should have gone exinct?What happened is that common ancestor to chimpanzees. for some reason, was divided into at least two populations which did not come into contact with each other much. One population evolved into the modern chimpanzee (a forest animal), and the other into modern humans (a savannah animal).",Non-Sarcastic,Non-Sarcastic,Agree,378,62,True,Non-Sarcastic
2043,"Show of hands, how many people think that is the same story?   Flood Stories from Around the World",Sarcastic,Sarcastic,Agree,98,18,True,Sarcastic
2047,I think the energy( essence of the human life) always was,Non-Sarcastic,Non-Sarcastic,Agree,57,11,True,Non-Sarcastic
2051,"You still don't get it do you, Smiley... emoticonXBanghead If cupcakes were human? It would.",Sarcastic,Sarcastic,Agree,92,15,True,Sarcastic
2052,"Good, good, good, good and good. You should also know that Ron Paul will personally club one baby seal for every vote Hillary gets in the primary. He will then consume all socialists with fire from his eyes.",Sarcastic,Sarcastic,Agree,207,38,True,Sarcastic
2053,"The comic relief doesn't even recognize it has passed in on, or attempted to!",Sarcastic,Sarcastic,Agree,77,14,True,Sarcastic
2055,I was about to take a sip of coffee when I read that! Would have lost the keyboard and monitor!!!,Sarcastic,Sarcastic,Agree,97,20,True,Sarcastic
2057,Over the Internet that can be a particularly difficult call...,Non-Sarcastic,Non-Sarcastic,Agree,62,10,True,Non-Sarcastic
2065,"Speak of the Devil! And, speaking of hate speech and insults, OS is the ultimate master.",Sarcastic,Sarcastic,Agree,88,16,True,Sarcastic
2068,"i've no problems with gay couples marrying if they have kids
 straight couples can adopt as well",Non-Sarcastic,Non-Sarcastic,Agree,97,17,True,Non-Sarcastic
2073,The horsehoe bend was cretaed by the flood in the image of the immaculate horseshoe. repent heathen!,Sarcastic,Sarcastic,Agree,100,17,True,Sarcastic
2074,"Just helping something live doesn't affect evolution unless it affects the ability to reproduce viable offspring.   If there was no nylon before the 1940s and there is an organism that can survive by eating NOTHING else, what does that tell you? There could not have been a population of nylon-eating bacteria before 1940. This is a new population that did not exist before.",Non-Sarcastic,Non-Sarcastic,Agree,374,63,True,Non-Sarcastic
2078,Well lets speculate about how many possible explanations we could concoct if left to supposition. I'm talking about the only two explanations for the origins of life that have ever been entertained as viable empirically testable concepts in modern science.,Non-Sarcastic,Non-Sarcastic,Agree,256,40,True,Non-Sarcastic
2080,how could you?! :'( all i wanted was to contribute to a fantastic community of geniuses!,Sarcastic,Sarcastic,Agree,88,16,True,Sarcastic
2082,"Yes, that was one of Galileo's more absurd leaps of logic.",Sarcastic,Sarcastic,Agree,58,11,True,Sarcastic
2083,"Doctors ARE schooled in nutrition, however inadequately, this doesn't mean they're going to recommend crackpot ""raw food"" dietary schemes to prevent destructive ""lamarckian evolution"" on the basis of a single flawed experiment on cats.",Non-Sarcastic,Non-Sarcastic,Agree,235,34,True,Non-Sarcastic
2087,"You obviously got your opinions second hand. Read the sequel to Mein Kampf and you will never be able to say Hitler was not absolutely driven by Darwinism. At least not honestly.   If Hitler believed we were all God's children he could not have believed in evolution and therefore the master race or the need to attack America , or anyone for that matter.",Sarcastic,Sarcastic,Agree,355,64,True,Sarcastic
2090,"well...., i hope you're kidding because i don't think that's a fair assessment.",Non-Sarcastic,Non-Sarcastic,Agree,79,13,True,Non-Sarcastic
2091,"Bryan, You got my respect. You are the funniest of the lot. I am still laughing while reading the above.
NATO is funny but your hilarious. :)",Sarcastic,Sarcastic,Agree,142,27,True,Sarcastic
2093,i love how i am getting under your skin. it really amuses me and your wish is my command.,Sarcastic,Sarcastic,Agree,89,19,True,Sarcastic
2094,They are not exactly the same. See the examples above. It is not random.,Non-Sarcastic,Non-Sarcastic,Agree,72,14,True,Non-Sarcastic
2096,"I think you are right.
 
 One of my favorite Sidney Harris cartoons was two scientists coming out of a conference presentation, and one, absolutely thrilled, says to the other, ""What a wonderful talk - everything we know is wrong!""",Sarcastic,Sarcastic,Agree,233,39,True,Sarcastic
2097,I see. Sounds too nebulous to stand up to scrutiny in the US. I'm guessing that the SCOTUS would strike down such as law as being too vague.,Sarcastic,Sarcastic,Agree,140,28,True,Sarcastic
2098,And yet all you do is present your own opinions without supporting facts. ,Non-Sarcastic,Non-Sarcastic,Agree,74,13,True,Non-Sarcastic
2100,Does this mean that you have finally repented of your multiple divorces??,Non-Sarcastic,Non-Sarcastic,Agree,73,12,True,Non-Sarcastic
2103,"Just like it's the job of the gun control lobby to try and pass an overwhelming, unreasonable level of fear of an inanimate object?",Sarcastic,Sarcastic,Agree,131,24,True,Sarcastic
2104,"You have such a low satisfaction quotient, except for when it comes to reality. Any more false prophecies and con jobs to post yet?",Sarcastic,Sarcastic,Agree,131,24,True,Sarcastic
2106,"Plain with the benefit of hindsight. I love how you're able to determine, not having been there, precisely what was said and precisely where it fell in relation to the law. If it was so clear, we'll see the prosecution for wrongful arrest in due course, I'm sure. ",Non-Sarcastic,Non-Sarcastic,Agree,264,48,True,Non-Sarcastic
2107,"Yes, it is very hard, even for theologians, to explain.",Sarcastic,Sarcastic,Agree,55,10,True,Sarcastic
2109,No. I never mentioned grades. You brought that one up. I'm saying that having guns on school campus isn't a good plan due to the high level of emotions in the area.,Sarcastic,Sarcastic,Agree,164,32,True,Sarcastic
2110,"Yes, but an adult asking such a question is not capable of understanding the answer. ;)",Sarcastic,Sarcastic,Agree,87,16,True,Sarcastic
2111,"Atheism is a religion? Pray tell, where would I find the atheist church?
Ridiculous.",Sarcastic,Sarcastic,Agree,85,14,True,Sarcastic
2112,"And so on. Yes. a lie generated by creationist liars is what you use as source for what scientists are claimed to adhere to? Your dishonesty is actually rather startling. This is the worst attempt at dishonesty I have seen from lying creationists yet, and your gleeful introduction of that lie shows how truly and completely dishonest you are. Would you stop your lies. You are pathetic.",Non-Sarcastic,Non-Sarcastic,Agree,387,67,True,Non-Sarcastic
2114,"first off, i love how you celebrated america's birthday in alaska with mexican food. lol. also, why 1am? what time does the sun set there? i know it's late, but how late? i went to holland in june 2003 and the sun was up well after 10. it was amazing.",Non-Sarcastic,Non-Sarcastic,Agree,251,50,True,Non-Sarcastic
2116,"Well, we'll ignore the fact that you think dinos are the same as modern day reptiles, and we'll ignore the fact that you are assuming that what goes today must have gone before (something you rant against on a daily basis). Who said anything about reptiles or dinosaurs?",Non-Sarcastic,Non-Sarcastic,Agree,270,48,True,Non-Sarcastic
2121,"Now you are being insulting. Evolution makes no statments about your god. For that matter, neither does cosmology, astronomy, chemistry, physics or geology.",Non-Sarcastic,Non-Sarcastic,Agree,156,23,True,Non-Sarcastic
2122,"oh dear god, marry me! just kidding, i agree. .",Sarcastic,Sarcastic,Agree,47,10,True,Sarcastic
2125,"You lost this debate Skeptic, why drag it back up again? There are plenty of other subjects that we could debate instead. Pick one of them and let's debate again. Alternatively, how about a formal debate on ID in which you never once mention Behe? That'll be a completely different one and worth considering.",Non-Sarcastic,Non-Sarcastic,Agree,308,54,True,Non-Sarcastic
2127,Right. I'm damaged because I'm not a Christian wing-nut. I'm still looking for at least some refutation.,Sarcastic,Sarcastic,Agree,104,17,True,Sarcastic
2128,"Origins of science, whether truly started by those of faith or not, is irrelevant. Whatever science was, it has become a body of knowledge, through application of reason.",Non-Sarcastic,Non-Sarcastic,Agree,170,28,True,Non-Sarcastic
2131,Didn't a famous gangster once escape from jail using a gun he carved from soap? Maybe OZ should ban bars of soap?,Sarcastic,Sarcastic,Agree,113,22,True,Sarcastic
2134,"So the main disagreements between fundamentalists and theistic evolutionists are what are, and are not first (primary) causes. And atheists believe everything is a second cause (or first cause) with no intelligence behind it. It still doesn't make any sense to me why theistic evolutionists are in such agreement with atheists, and so far apart from ""fundamentalists"". ",Non-Sarcastic,Non-Sarcastic,Agree,369,57,True,Non-Sarcastic
2135,"I'd say there were a lot of stones going both ways.
 
 Do you know the Rev. well enough to be able to make that claim, that he's a bigot? Or is it he represents the system?",Non-Sarcastic,Non-Sarcastic,Agree,174,36,True,Non-Sarcastic
2137,"Well he can defend his tax difficulties by claiming he is a creationist and thus cannot be trusted with quantitative processes involving a bit of mathematics. Then again he can tell IRS that GOD will provide and they should contact Bush to get Gods cell number. I am sure that IRS, GOD, and Hovind can work it all out.",Sarcastic,Sarcastic,Agree,318,59,True,Sarcastic
2142,So? The point was that people who support gun control are not necessarily communists.,Non-Sarcastic,Non-Sarcastic,Agree,85,14,True,Non-Sarcastic
2143,"To force women to have babys that they dont even want is even more ""preposterous"".",Non-Sarcastic,Non-Sarcastic,Agree,82,15,True,Non-Sarcastic
2144,"And your solution to the current economic crisis is?
Wait, you don't HAVE one; it's easier to be an armchair warrior and criticize rather than propose.emoticonXAngry",Sarcastic,Sarcastic,Agree,166,26,True,Sarcastic
2145,"Dude, it's, like, all over the Bible, man! Maybe if you hit your forehead with Bibles more often, you would know these things!",Sarcastic,Sarcastic,Agree,126,23,True,Sarcastic
2148,"typical strategy of the gay movement when challenged, resort to name calling ""trolls"" bigot etc, - project this form of abusive behavior on the adopted child who rebels against his gay 'carers' once he understands the reality of a heterosexual world.   Placing children with gay couples is unnecessary and harmful - if group homes are the only alternative then it is argued such environments are more healthy and indeed normal than farming kids out to gays",Sarcastic,Sarcastic,Agree,456,76,True,Sarcastic
2149,"Again with the common sense, but that is another issue alltogether. You're arguement that the brain is a fundamental unit of life is just plain wrong, considering the majority of all organisms don't have one. Bacteria, Protists, Plants, Fungi, and some animals are all without brains. Brains are required for motion and fast response to immediate changes in environment, for example a falling rock. Brains cluster nerves so that appropriate action can be taken. Some brains are amazingly simple while others like our own are immensly complex.   Your arguements all show a general lack of study in biology and my common sense is appalled by yours. I am reminded of Bill Maher who once said about the intelligent design debate: ""Because you don't have to teach both sides of an arguement when one side is retarded.""",Sarcastic,Sarcastic,Agree,813,136,True,Sarcastic
2151,"the reason that halo has been restricted to xbox is because microsoft bought bungie. they want to give people a reason to get a 360. that reason? halo. modern warfare, on the other hand, is owned by neither microsoft or sony. quite frankly i'm surprised that nintendo doesn't own everything already.",Non-Sarcastic,Non-Sarcastic,Agree,299,51,True,Non-Sarcastic
2153,Might be something to be said for that. Are there any studies that show possible causes of suicide?,Non-Sarcastic,Non-Sarcastic,Agree,99,18,True,Non-Sarcastic
2154,What seems to be mountains to other gay rights supporters are just mole hills to youemoticonXHoho,Sarcastic,Sarcastic,Agree,97,16,True,Sarcastic
2155,"neither; he was a deist who felt that the bulk of christianity was ridiculous. [source] clearly, jefferson's 'real christian' is hardly at all a true christian. in fact, jefferson felt that the beliefs that evangelicals hold today were absurd and irrational. rather than address my points in the slightest manner, your response consists entirely of this. (think i'm surprised?) and you somehow think that i'm the one being defeated? but then, with your 'understanding' of logic, nobody's surprised.",Sarcastic,Sarcastic,Agree,498,78,True,Sarcastic
2156,"As JP pointed out, Canadian, and you better believe I'll ""mouth off"" my opinions. 
Kinda difficult in a forum such as this don't you think?
",Sarcastic,Sarcastic,Agree,142,25,True,Sarcastic
2158,"Not the same thing at all! Most gay pride floats are moade of crate paper and glue guns. Not gold. I think you have stratched this one really far. Nice try, thanks for playing. Try again soon! Wow, nicotine cravings make me a mean person!",Sarcastic,Sarcastic,Agree,238,45,True,Sarcastic
2169,"Now, now...
You should KNOW hypocricy is wrong...except when I engage in it!",Sarcastic,Sarcastic,Agree,77,13,True,Sarcastic
2170,"you are brainwashed, actually. i'm surprised you can't see that. i mean really, pretend you are an atheist. if you read what you just wrote, you'd think you're brainwashed too.",Sarcastic,Sarcastic,Agree,176,30,True,Sarcastic
2174,"Bravo, Penfold! You are the neatest pricker of balloons with the shortest of needles whom I have come across!
-",Sarcastic,Sarcastic,Agree,112,20,True,Sarcastic
2175,"You know what else doesn't have any hope/potential of maturing into sentient beings, Archie? Aborted fetuses.   Game-set-match.",Non-Sarcastic,Non-Sarcastic,Agree,127,17,True,Non-Sarcastic
2177,"Actually, that story was an invention after the fact. It never happened. At least that is what the witnesses who were there said. Why do christians feel that it is OK to invent such stories to support their point? Isn't that lying? Isn't lying wrong?",Non-Sarcastic,Non-Sarcastic,Agree,250,45,True,Non-Sarcastic
2180,"Yea the legalizatioin of drugs would cause an epedimic of problems. Crime, suicide, mental health problems, and physical health problems.",Sarcastic,Sarcastic,Agree,137,20,True,Sarcastic
2182,"Regardless of the name change, the calendars are still keyed on the birth and death of Christ...and that will be so at least until the atheists are able to come up with another numbering system and force it on everyone else just to pacify their own baby mentalities.",Sarcastic,Sarcastic,Agree,266,48,True,Sarcastic
2184,Well it depends he could always be a sperm donor or make some Lesbian couple happy :),Non-Sarcastic,Non-Sarcastic,Agree,85,17,True,Non-Sarcastic
2187,What I marvel at is that you say the bolded as if it's a fact. You are in for a rude awakening my lost friend. emoticonXBanghead,Sarcastic,Sarcastic,Agree,128,26,True,Sarcastic
2189,"Actually, with more data that changes the number of assumptions required, it is possible to reach a greater degree of certainty about something. The greater degree of certainty you reach, the better you will be able to apply your findings.",Non-Sarcastic,Non-Sarcastic,Agree,239,40,True,Non-Sarcastic
2191,"--------------------------------------------------------------------------
 I do not believe that the supreme court adressed the the problem of convicted fellons having the death penelty reduced to life in prison and going on to kill in prison.",Non-Sarcastic,Non-Sarcastic,Agree,245,32,True,Non-Sarcastic
2192,That distinction may be irrelevant since they do say that no god that any religious person believes in exists. And that is what I was getting at originaly. Still I think that the idea that the existence of all religious gods can be ultimately refuted based on the logic you bring up is invalid.,Sarcastic,Sarcastic,Agree,294,54,True,Sarcastic
2195,"Be wary of names. 'junk' DNA is not rubbish ... it's called 'junk' because we don't know entirely what it is used for... But just look at all the blank spaces on this post. They are nothing, but they are keeping the words in order.   Evolutionaries are putting too much faith in names of words - such as human embryonic 'gill slits'   or   'transitional' fossil",Sarcastic,Sarcastic,Agree,361,65,True,Sarcastic
2197,Heck Doc what job is that?little job?.And he is very informed because Comrade P see's to it.emoticonXGood,Sarcastic,Sarcastic,Agree,105,17,True,Sarcastic
2198,"You did when you talked about someone loving objects, or a mokey, etc.",Sarcastic,Sarcastic,Agree,70,13,True,Sarcastic
2205,Which falls to logic I laid out in my thread-starting post...,Sarcastic,Sarcastic,Agree,61,11,True,Sarcastic
2206,That's why the Second Amendment protects the private ownership of arms like the .50 BMG and other such powerful weapons.,Non-Sarcastic,Non-Sarcastic,Agree,120,20,True,Non-Sarcastic
2208,you know why? because God touches our hearts like nothing you have ever felt before. it is amazing,Sarcastic,Sarcastic,Agree,98,18,True,Sarcastic
2211,"my dear, i can see the wood for the trees. no-one expects perfect parents, but no parent should dictate school policy. and this guy was a bad example.",Sarcastic,Sarcastic,Agree,150,28,True,Sarcastic
2212,"Yeah, because in the in europe, nobody cares about women who are murdered... emoticonXRolleyes",Sarcastic,Sarcastic,Agree,94,14,True,Sarcastic
2215,"they must suffer terribly in the deep snows of the canadian winter, eh? no wonder they're pouring south over the border. little emoticonxcensored ers.",Sarcastic,Sarcastic,Agree,150,24,True,Sarcastic
2217,"maybe, but see, that does not match the materialist universe?",Sarcastic,Sarcastic,Agree,61,10,True,Sarcastic
2219,They are the people who dont get their boilers serviced regularly:),Sarcastic,Sarcastic,Agree,67,11,True,Sarcastic
2222,"But what about the hypothetical?  I can't think of a single child on this planet that has never been exposed to the ideas of the supernatural.  So, what I was asking is whether faith is nature or nurture.  That's why I brought up kids being afraid o",Non-Sarcastic,Non-Sarcastic,Agree,249,47,True,Non-Sarcastic
2223,This looks like something from Bible Code. In other words bull.   Edit: Interesting though.,Sarcastic,Sarcastic,Agree,91,14,True,Sarcastic
2224,"Congratulations, guys: you've unwittingly explained the principles behind the Copenhagen interpretation of quantum mechanics: superposition!",Non-Sarcastic,Non-Sarcastic,Agree,140,15,True,Non-Sarcastic
2226,"So if you were attacked by a 250 pound man who is an 8th Degree Blackbelt, you'd prefer a fair fight?",Sarcastic,Sarcastic,Agree,101,21,True,Sarcastic
2229,"how does making 'the woman's responsibility' solve anything? some women have irregular periods or take contraceptive pills (which sometimes fail) that stop them having periods. i agree it is not the norm, but it is hardly unheard of. there have been recorded cases of people not knowing until the birth.",Non-Sarcastic,Non-Sarcastic,Agree,303,50,True,Non-Sarcastic
2231,"this is supposed to be meaningful, coming from someone who won't even read the replies in his own train wreck threads? get real.",Sarcastic,Sarcastic,Agree,128,23,True,Sarcastic
2232,"what are they doing at the marshals service anyway besides losing two way radios? maybe, they should just radio it in to find them, oh wait, they can't, they are lost.",Sarcastic,Sarcastic,Agree,167,31,True,Sarcastic
2233,"This seems to be the central argument: the article continues to give many examples of moral disapproval of neglecting or murdering your children. However, it ignores the fact that parenthood is a relationship which is not defined simplistically by genetic relation or by being in the womb (it is unclear if he thinks surrogate mothers should be able to have abortions).We can be prosecuted for neglecting an adopted child or step-child, or anyone we have parental responsibility for. On the other hand, if a person gives their child up for adoption then they cannot be charged with negligence if the child is deserted by its new parents.One interesting part:",Non-Sarcastic,Non-Sarcastic,Agree,658,109,True,Non-Sarcastic
2234,"Wow, I really had a great laugh...thank you!
Then I stopped and remembered that some people actually feel this way.
Now I'm getting angry.
Must be my hormones, no other explanation for it! :p",Sarcastic,Sarcastic,Agree,194,34,True,Sarcastic
2239,"Not being a jew, I suppose I'll opt for the Christian Devil.",Sarcastic,Sarcastic,Agree,60,12,True,Sarcastic
2240,"But the belief that 'its gotten us far' is itself a 'scientific' type belief, in fact it has less proof on the empirical assumptions than the science itself. Justifying the validity of experience by experience is the intellectual equivalent of saying'God must exist, because God is good and would not allow a world without God'.",Sarcastic,Sarcastic,Agree,328,55,True,Sarcastic
2244,"This is just plain dumb. Abortion is NOT the primary means of birth control. If it is used as birth control, it's because others have failed or haven't been tried.",Non-Sarcastic,Non-Sarcastic,Agree,163,30,True,Non-Sarcastic
2245,"Actually both are relative in every situation. Especially ""The Truth"" as espoused by religious fundamentalists such as yourself, as there are as many different versions of the truth as there religious fundamentalists.",Sarcastic,Sarcastic,Agree,217,32,True,Sarcastic
2250,"i love how every line, except number 3, has a winking emoticon at the end. haha",Sarcastic,Sarcastic,Agree,79,16,True,Sarcastic
2251,"This is a separate issue, Voice of Reason. Some didn't understand how pro-choice people can say they personally wouldn't do something and/or think something is wrong but still support other's right to do it, and that's what I was answering.",Non-Sarcastic,Non-Sarcastic,Agree,240,40,True,Non-Sarcastic
2252,"Wooh!   A bunch of shot up bodies are drivel.   Nice, really nice, Sarge!",Sarcastic,Sarcastic,Agree,73,13,True,Sarcastic
2253,"Actually, Mega didn't make any claims. He just reposted an editorial.",Non-Sarcastic,Non-Sarcastic,Agree,69,11,True,Non-Sarcastic
2254,Oh no an open minded church that doesn't hate? GASP! And sorry but the bible has many interpretations as is clearly seen in the WIDE and VAST amount of differing denominations. Just because their not closes binded right wing bigots doesn't mean you can grill them cause their interpretation is different...,Sarcastic,Sarcastic,Agree,306,51,True,Sarcastic
2255,So taking peoples rights away is an american value? I think I will push for legislation to make cancer surgery illegal. After all cancer cells are human life too and with modern medical tech they could become a human being also.,Sarcastic,Sarcastic,Agree,228,41,True,Sarcastic
2256,Wow ehat a brave new world you live in.... Now lets say just 1% of all gun owners resisted (in the us that is several hundred thousand peppered through the land). With media attention to such infighting between government and citizens how do you deal with this?,Sarcastic,Sarcastic,Agree,261,47,True,Sarcastic
2257,It is our civic duty to convince these people that they are SICK!,Sarcastic,Sarcastic,Agree,65,13,True,Sarcastic
2258,"you choose to distort my post by your suggestion about a 'primitive land': i neither said nor intended to imply as much. try not to let your tendency towards political correctness seek hidden meanings in what are attempts a giving a balanced account of historical events. british imperialism happened: it was not a completely baleful phenomenon. it had some beneficial outcomes even if they were not intended. english happens to be the lingua franca of science, economics, etc. i don't know whether it's uniquely suited to it. do you ? it's obvious that other languages have an input: i'm not making a judgement about them.",Non-Sarcastic,Non-Sarcastic,Agree,623,105,True,Non-Sarcastic
2259,"ron: i'm not confident that my argument is irrefutable: far from it. but i don't think your objection that evil could not exist without an all-good and omnipotent god existing, is a fatal flaw. why can't evil exist in a godless world ? those of us who inhabit such a world do not deny the existence of evil.",Non-Sarcastic,Non-Sarcastic,Agree,307,58,True,Non-Sarcastic
2260,"If that were the case, you'd sure know how to recognize it! :p",Sarcastic,Sarcastic,Agree,62,13,True,Sarcastic
2261,"How right you are to,and given the forum here, make it a crime to own to own a gun,well I think most of us are automatically criminals.It's like the signs you see...SHOPLIFTERS WILL BE PROSECUTED!lot a good they do.emoticonXBanghead,yeah know matter how illegal their will be crime.",Sarcastic,Sarcastic,Agree,282,47,True,Sarcastic
2262,"Oh my goodness, yes. I had forgotten that scenario. How silly of me.",Sarcastic,Sarcastic,Agree,68,13,True,Sarcastic
2263,"uh huh. you prefer to be left alone so you can butcher all the unborn babies you want. besides engaging in infanticide, do you know what's wrong with your liberal mentality? you've slaughtered a whole generation of future scientists, teachers, and taxpayers - the latter in sufficient numbers that they would have been able to fund your invasive obamacare in its entirety, along with other nanny-state entitlement programs. turkeys. you losers ought to be caned and deported.",Sarcastic,Sarcastic,Agree,475,77,True,Sarcastic
2264,"And, I'm sure that Terri Schiavo was fully aware of all that Bush and radical rightwing religionists did for her and appreciates what they did.",Sarcastic,Sarcastic,Agree,143,25,True,Sarcastic
2265,But we weren't discussing either monkies or hell. One can only wonder at your thought processes that makes such irrelevant and disconnected thoughts pop up.,Sarcastic,Sarcastic,Agree,156,25,True,Sarcastic
2267,"""Hopium"" is the eternal addiction by gun grabbing anti Constitutionalists to hope they can change the Constitution so all their laws and ideas will be adopted. Note I marked your spelling mistakes. Any excuses other than lack of an education?
",Sarcastic,Sarcastic,Agree,244,40,True,Sarcastic
2268,"talk about proving you're a dedicated evolutionist by making yet one more massive assumption to add to your religion of evolution, how about you prove this absolute statement which you are so boldly making while offering no proof at all of it? but hey, paulie; you really impressed tq, so you're doing well with simpletons. emoticonxgood",Sarcastic,Sarcastic,Agree,337,56,True,Sarcastic
2270,"wow. way to pull the worst thing on here. haha. ban someone for debatin? what kind of person does that? why would you do that? i mean really. but honestly, i think she's right. shut up you homo.",Sarcastic,Sarcastic,Agree,194,38,True,Sarcastic
2271,Why are you dishonest enough to claim that you aren't trying to get YEC into the schools.,Sarcastic,Sarcastic,Agree,89,17,True,Sarcastic
2272,"Obviously, your family loses all its marbles past the age of 40 and you have never known any wise old people.",Sarcastic,Sarcastic,Agree,109,21,True,Sarcastic
2273,"What is it that you disagree with? My statement of fact? Or the fact that I made a politically incorrect assertion? emoticonXConfused 
",Sarcastic,Sarcastic,Agree,136,22,True,Sarcastic
2274,I think you are on to something.The problem I see is that any proponent of a plan such as this will have toi take on both the health insurance lobby and the pharma lobby and their bottomless well of $$$ and propaganda.Here's hoping now that there's a new sheriff in town.,Non-Sarcastic,Non-Sarcastic,Agree,271,51,True,Non-Sarcastic
2275,"Wow, what a great argument! We can use the same ""logic"" for rabbits: take their current population and doubling rate and ""prove"" they didn't even exist 100 years ago!   I love those ""common sense"" arguments.",Sarcastic,Sarcastic,Agree,207,35,True,Sarcastic
2276,Contribute? Oh please.... Take your crying act somewhere else. Like I said no one is buying your Bull anymore....,Sarcastic,Sarcastic,Agree,113,19,True,Sarcastic
2277,"Atheism doesn't have that standard because it's not that encompassing a thought. All athiesm is, is a lack of theism, period. It says nothing about morals or ethics. Your typical athiest, though, looks within to find what's moral or ethical and it usually just stems from what's acceptable behavior within the human species. This is also where religion gets its morality and ethics. But times change, and eating shellfish won't kill you, and eating meat on friday won't make the farmers go broke, so the morals and ethics change to fit the society.",Non-Sarcastic,Non-Sarcastic,Agree,548,93,True,Non-Sarcastic
2279,"Well, as usual the Creationist is trying to make an arguement against science using their moral viewpoint. Forget about all that pseudo science trying to discredit evolution and geochronology, all it comes down to is this: ""My religion has the exact answers to questions about my origins, I do not like what science has to say on this subject"".Its so much more succinct that way, I just wish they could be up front about it.",Sarcastic,Sarcastic,Agree,424,75,True,Sarcastic
2301,"How about the individual's offspring? Is a ""subtract 10 years"" gene encoded in the genome just because of one marriage?Still no evidence.",Non-Sarcastic,Non-Sarcastic,Agree,137,22,True,Non-Sarcastic
2302,"**
 This is the best response you've got!?! What a loser!!",Sarcastic,Sarcastic,Agree,59,11,True,Sarcastic
2303,i am surprised people wanted m-80s and stuff like that legal. they accounted for most of the injuries due to fireworks and most of the fires. probably not a smart idea to have them.,Non-Sarcastic,Non-Sarcastic,Agree,181,34,True,Non-Sarcastic
2304,"Fetal genocide, enjoy it while you can. emoticonXKill 
I guess some of us just don't share your spin. emoticonXRolleyes",Sarcastic,Sarcastic,Agree,120,19,True,Sarcastic
2305,i'm sure i will get bored with the site long before 13000 points. lol! i'm surprised he hasn't.,Sarcastic,Sarcastic,Agree,95,18,True,Sarcastic
2307,"Obviously because they're not chickens yet XD 
Oh wait they're chicken EGGS right *thinks* no matter they have absolutely nothing to in common with chickens they're some freaky alien species! 
I like eggs! They're good especially with yellow cheese and salt and pepper. *stomach growls* Oh Sinjin now I'm hungry! Thanks a lot. emoticonXCry",Sarcastic,Sarcastic,Agree,341,54,True,Sarcastic
2308,"come on, everyone knows that uzi's are used for hunting and target practice!   [btw- if you were shooting for french it's ""libert"" but who cares]",Sarcastic,Sarcastic,Agree,145,25,True,Sarcastic
2309,i love how the apple fan is illiterate. what exactly is the great thing that apple invented?,Sarcastic,Sarcastic,Agree,92,17,True,Sarcastic
2310,"None of these alternate views go outside the framework of evolution. They all use poor wording, though, and try to lead one to some conclusion about ""information"" or something.",Non-Sarcastic,Non-Sarcastic,Agree,176,29,True,Non-Sarcastic
2312,So taking away all their guns would have been better? The ruling party was certainly well armed how about the other parties?,Sarcastic,Sarcastic,Agree,124,22,True,Sarcastic
2313,"As ""special"" as being one of over 100Million makes me. emoticonXRolleyes",Sarcastic,Sarcastic,Agree,72,11,True,Sarcastic
2314,"And there you have the ""***** Eye for the Straight Guy"" review of the inauguration. :p 
Never mind the expense, the protests, the rather scary IMHO precendent Bush has set in terms of the inauguration, let alone his foreign policy, let's talk about Laura Bush's outfit. emoticonXRolleyes 
Waxy",Sarcastic,Sarcastic,Agree,295,48,True,Sarcastic
2315,"I believe you, OTHERS pick and choose what you believe. What is sad is how many lose their faith when they find how much they have been mislead.",Non-Sarcastic,Non-Sarcastic,Agree,144,28,True,Non-Sarcastic
2317,"But if you actually take time to read the study that is posted on that website it appears that the claims of the NSPOF are doubtful, inconsistent with other studies, and likely biased in favor of people answering that they had used a gun to defend themselves. ",Non-Sarcastic,Non-Sarcastic,Agree,260,47,True,Non-Sarcastic
2318,"It's interesting that you mention this because this was actually prophesied right from the beginning by God. Down through the centuries, women have been mistreated and often considered to be second-rate humans. This is because of imperfection, an imperfection that God could foresee:Your craving will be for your husband, and he will dominate you. (Genesis 3:16)Obviously men are not without blame too, but ultimately, due to disobedience to God, both Adam and Eve have had to pay the price and so have their offspring.",Non-Sarcastic,Non-Sarcastic,Agree,519,84,True,Non-Sarcastic
2319,"Sounds like an abortion bill amendment to restrict all travel by minors is needed by those demanding that young girls give birth after being impregnated by rapists, fathers, uncles, etc. Might as well include adults, just to simplify matters and enhance state police power. Bubbah will be pleased.",Sarcastic,Sarcastic,Agree,297,48,True,Sarcastic
2320,Of course anyone can cite exceptions.....did you see the baby? Probably not.......As long as the mother is OK the baby does not count....... emoticonXRolleyes,Sarcastic,Sarcastic,Agree,158,24,True,Sarcastic
2321,I see no mention below of any judges in Mass.,Sarcastic,Sarcastic,Agree,45,10,True,Sarcastic
2324,"I see. So physical punishment for sin is now unnecssary? Intriguing. Do tell. Seriously, I am curious where you go with this.And finally:",Non-Sarcastic,Non-Sarcastic,Agree,137,23,True,Non-Sarcastic
2325,Are you saying that given enough time you can come with answers? That's a statement of faith.,Sarcastic,Sarcastic,Agree,93,17,True,Sarcastic
2326,Not this time. That was the previous attempt by the good people of Kansas.,Sarcastic,Sarcastic,Agree,74,14,True,Sarcastic
2327,"i don't know if you're joking or not but you made me laugh, thank you :)",Sarcastic,Sarcastic,Agree,72,16,True,Sarcastic
2328,holy ####.   It took 20 pages before a creationist tried to address the first post.   So much for a argument disproving the flood...,Sarcastic,Sarcastic,Agree,132,23,True,Sarcastic
2329,So it is perfectly legal to shoot someone whom you think might possibly attack you in the future with a gun...seems if anything it is far more like removing the guns from people who can't be trusted with them.,Sarcastic,Sarcastic,Agree,209,39,True,Sarcastic
2330,"Congratulations. You are now part of a minority group. Marriage tends to either work or it doesn't. I know, brilliant observation. What I mean is either the couple is together for decades or spend x amount of years being unhappy until the unhappy is more than the baggage of divorce.",Sarcastic,Sarcastic,Agree,283,50,True,Sarcastic
2333,"Well, maybe the pistol and the hunting rifle, what do you need an automatic weapon? Have the deer gotten faster?",Sarcastic,Sarcastic,Agree,112,20,True,Sarcastic
2335,"You are the only one in this discussion that shows a predominant lack of logic or reason. Your position has been proven wrong, get over it .",Sarcastic,Sarcastic,Agree,140,27,True,Sarcastic
2336,"Considering your previous comment, that isn't you. Once again, that opinion is based upon who you read.",Non-Sarcastic,Non-Sarcastic,Agree,103,17,True,Non-Sarcastic
2340,"Thanks god we sorted that out! I mean, the whole South America - Africa thing is just a coincidence right? Right?",Sarcastic,Sarcastic,Agree,113,21,True,Sarcastic
2341,"so, you admit defeat to a child? you have no argument and can only name call. answer my posts with something other than ad hominem or admit defeat.",Sarcastic,Sarcastic,Agree,147,28,True,Sarcastic
2342,"Well I think that god must be a bit confused since he also says....Now therefore kill every male among the little ones, and kill every woman that hath known man by lying with him. But all the women children, that have not known a man by lying with him, keep alive for yourselves.  Numbers 31:17-18He doesn't seem to mind at least some retroactive abortions....",Sarcastic,Sarcastic,Agree,360,64,True,Sarcastic
2343,a double helping of insulting spam? i'm honoured....emoticonxgood how interesting that you selectively belittle crick's comments on panspermia while lauding his debunked tornado in a junkyard conjecture.,Sarcastic,Sarcastic,Agree,203,27,True,Sarcastic
2345,"I think I posted that awhile ago. Its huge BS. Thats like saying ""Civil rights hurt blacks"". Even though abortion may have some unwated side affects, its no where near the emotional and physical pain and suffering for the rest of your life than a forced pregnancy. Just goes to show that the pro-life movement is desperate.",Sarcastic,Sarcastic,Agree,323,57,True,Sarcastic
2347,"is that what penfold was saying? that is why antis can't be trusted with gun control laws! they use them to criminalize the law-abiding, for doing common sense things. however i guess that should be of little surprise to me. he is english and england has for all intent and practical purposes criminalized self defense.   uk: once more, once more into the morass, my friends...  ",Sarcastic,Sarcastic,Agree,379,65,True,Sarcastic
2348,"The only conservitave i know with common sense is my imaginary friend Alfred.
And im not THAT much of a Left winger, im more of a Liberatarian. But i still do believe in a lot of Liberal Ideas.",Sarcastic,Sarcastic,Agree,194,38,True,Sarcastic
2350,"so, no answering argument, then. thought not. after all, why argue when flinging insults is so much easier? odd, though, that you should be so thin-skinned about others insulting you.",Sarcastic,Sarcastic,Agree,183,30,True,Sarcastic
2351,"Funny how more heterosexuals have anal sex than homosexuals. emoticonXGood (what was it - 40% of heteros have had anal sex?)
As for ""moral centers"", you really aren't one who should talk.",Sarcastic,Sarcastic,Agree,188,32,True,Sarcastic
2352,"So you being unwilling to back up your AD HOMINEM is somehow like a serial killer being nice?
What a pathetic deflection attempt! 
",Sarcastic,Sarcastic,Agree,133,23,True,Sarcastic
2353,"Well, the question I am asking is for you to provide a valid scientific prediction based on creationism.",Non-Sarcastic,Non-Sarcastic,Agree,104,18,True,Non-Sarcastic
2354,Everyone is welcome to give their opinion on public gun possession here-whether you're for or against gun control (or does gun possession justifies itself) and please state the reasons as well. I would really appreciate it if you guys could include some extra informations regarding this issue.,Non-Sarcastic,Non-Sarcastic,Agree,294,47,True,Non-Sarcastic
2355,"small explosive device 3' from your butt, eh? i'm guessing that if you make a mistake, you'll be singing soprano. emoticonxwow emoticonxwow  my son and i have been mounting a kirkey racing seat in his car, getting it ready for its first outing next weekend in bama. emoticonxgood",Sarcastic,Sarcastic,Agree,279,48,True,Sarcastic
2356,It doesn't make sense because no one makes that claim. There are some random events that take place that may have an effect on evolution. That does not mean that evolution is random.,Non-Sarcastic,Non-Sarcastic,Agree,182,33,True,Non-Sarcastic
2358,"As compared to ""Truth"" (capital T). Yes, creationist theocrats have this tendency to portray their subjective beliefs as truth, their wishful thinking as facts. No surprise there.
",Sarcastic,Sarcastic,Agree,181,27,True,Sarcastic
2360,"Rights do not necessarily imply responsibilities. That this is true is seen clearly in the fact that an infant one hour after birth indisputably has rights, but also indisputably has no corresponding responsibilities.",Non-Sarcastic,Non-Sarcastic,Agree,217,33,True,Non-Sarcastic
2362,"well, based on this argument, why shouldnt we kill mute, paralysed, vegetable, comatose, and very very drunk people, since they all cant think, or if they can they cant communicate that they are thinking. How about new-born babies that dont know anything? how about retarded children?   you are fooling yourself if you think that women undergo abortions because they dont like that particular ""part of their body"". women undergo abortions because they dont want to raise the child when its born. until you face that truth, you'll be arguing under a dellusion",Sarcastic,Sarcastic,Agree,558,92,True,Sarcastic
2363,"Don't be hatin' my friend. We have to deal with ""criminals freely walking the streets"" here. There goes one now.emoticonXKill
I like the snow. Especially in a paper cone with some syrup.",Sarcastic,Sarcastic,Agree,187,32,True,Sarcastic
2367,"too right. l. ron hubbard is the closest thing the modern world has to jesus: skeezy, probably un-bathing, secretly greedy but always with a generous front. well, i guess mother theresa would be a close second to l.ron h. xenu.",Sarcastic,Sarcastic,Agree,227,40,True,Sarcastic
2369,"wow, if you honestly believe that then you have been brainwashed by fear mongering and propaganda and you dont think for yourself, how does religion not do that? anyone who uses religion as an excuse for violence is extremely misled and should rethink their views, that doesnt mean religion itself is bad.",Sarcastic,Sarcastic,Agree,305,52,True,Sarcastic
2375,"Well, considering how ambiguous and contradictory the Christian scriptures are, I guess this interpetation makes as much sense as any of the others.",Sarcastic,Sarcastic,Agree,148,23,True,Sarcastic
2376,"Your definition of ""Godly wisdom"" is agreeing with your political positions and your spurious theological justifications for them, so it's hardly surprising you don't encounter any liberals who you think have ""Godly wisdom""",Sarcastic,Sarcastic,Agree,223,33,True,Sarcastic
2377,"So now you're freely and willingly admitting that you'd take pleasure in inflicting pain and suffering on innocent people who have never done anything to you?
 
 Good God! No wonder you don't like guns and want to see everyone disarmed!",Sarcastic,Sarcastic,Agree,238,40,True,Sarcastic
2379,"Please, you're welcome to her. A real shame you couldn't have taken her 30 years ago before she did too much damage.",Sarcastic,Sarcastic,Agree,116,22,True,Sarcastic
2381,"Well either the Pottenger cat/pig/mouse thing is either the truth or they made the whole thing up. I think we are seeing a mirror of this experiment in society today...please notice how diseases are striking people at younger and younger ages....it's not going to get any better, either because people are not taught the reality about nutrition -- and that what they eat not only effects them, but their offspring as well.",Non-Sarcastic,Non-Sarcastic,Agree,422,72,True,Non-Sarcastic
2382,"So they had guns that could shoot down planes even before they had planes?
 Their primitive muskets were that powerful? I am not that easy to fool!",Sarcastic,Sarcastic,Agree,148,27,True,Sarcastic
2383,"So, it's a proven fact that children denied the act of abortion suffer negative effects? Hmmmmmm",Sarcastic,Sarcastic,Agree,96,16,True,Sarcastic
2384,".... i can make up one just as prophetic emoticonXAngel. ""The sky is black, the shadows powerful,God's domain judged by the unseen""Obviously this a prophetic for 26th dimensional superstring theory and how it governors the universe's physical properties in unforseen ways. Don't you see it? It's quite obvious! To the RATIONAL world, that is completely absurd, just like your analysis of how the scriptures work in your opninion. ",Sarcastic,Sarcastic,Agree,430,68,True,Sarcastic
2385,"I always thought that NPR was an acronym for National Propaganda Radio.
I tune in once in a while when my blood pressure is low. emoticonXRolleyes",Sarcastic,Sarcastic,Agree,147,26,True,Sarcastic
2386,I was right wasnt I? You do have buck teeth and play the banjo...look see if the Sesame street web site has a definition of zombie..what an arsehole lol,Sarcastic,Sarcastic,Agree,152,29,True,Sarcastic
2387,"oh yeah, and robert a. heinlein for his amazing sci-fi work; most notably starship troopers and puppet master",Non-Sarcastic,Non-Sarcastic,Agree,109,18,True,Non-Sarcastic
2388,"having been raised in texas as a child and teen, with many relatives still residing there, i'm surprised their educational system hasn't gone to the bible as its primary textbook. perhaps things have changed, but fundamentalist hypocrisy was at one time the law of the land in texas. maybe since texans are no longer served by oklahoma and louisiana bootleggers the fire and brimstone circuit has relaxed, but i'd find that difficult to believe as religion is a very effective control technique.",Sarcastic,Sarcastic,Agree,495,82,True,Sarcastic
2389,"Then thats as far as we can go on it, and thats fine. Not being a science worshiper myself, I simply dont automatically take this type of blanket statement as automatically true. What largely prompted this thread happened last Tuesday - 6:30 AM, and a six-figure weather forecaster scientist guy assured everyone watching him that a pretty nice day was ahead, largely cloudy yet with peeks of sun, with a slim chance of very spotty rain. 2 hours later, the beginning of widespread heavy rain, for three solid hours. Unusual of course, but if we have scientific blunders concerning a few miles, I can imagine we could have a few blunders concerning hundreds of thousands of light years. ",Non-Sarcastic,Non-Sarcastic,Agree,686,118,True,Non-Sarcastic
2390,you never played myst? damn!!! i must be really old ;),Sarcastic,Sarcastic,Agree,54,11,True,Sarcastic
2392,Beg pardon. I guess that after a re-read that did sound pretty pompous.,Non-Sarcastic,Non-Sarcastic,Agree,71,13,True,Non-Sarcastic
2395,"Oh, I see that Easyrider wants me to post some more. Anything for my old pal EZ!
",Sarcastic,Sarcastic,Agree,82,17,True,Sarcastic
2399,"Well as long as you ignore the evidence, why do you need proof. Blind faith works just fine.",Sarcastic,Sarcastic,Agree,92,18,True,Sarcastic
2400,"Because you still can't understand the concept that the militia had absolutely no connection with the private ownership of firearms. You just don't get that serving in the militia wasn't a requirement for a person to be armed. And you've chickened out at elaborating on the shortcomings of your own theory because you have no answers.
Cluck, cluck.",Sarcastic,Sarcastic,Agree,349,58,True,Sarcastic
2404,Well it came from somewhere and presumably changed as it went along.,Non-Sarcastic,Non-Sarcastic,Agree,68,12,True,Non-Sarcastic
2405,yeah but i don't hate gays because they are still people i just hate the sin and the lifestyle that they are in.  wow i have never seen an atheist who is against gay marriage. i am impressed.,Sarcastic,Sarcastic,Agree,191,38,True,Sarcastic
2407,ROFLMAO! Nice way of restating the 'inaccurate' statement basically the same way.,Sarcastic,Sarcastic,Agree,81,12,True,Sarcastic
2408,"Thats great, thanks for telling me how much of a vast knowledge you have in this subject. As for ""poking insults"", I was simply returning your ""insult"" to Duo. I saw alot of credible evidence in that ""claim"" if you will call it that also.
",Sarcastic,Sarcastic,Agree,240,45,True,Sarcastic
2409,Most of the time one should be able to tell the sex of the baby by about 20 weeks and very often even at sixteen. Second trimester starts at 12 weeks. You cant get an abortion after determining the sex because its illegal.Where are you getting your data?,Non-Sarcastic,Non-Sarcastic,Agree,254,48,True,Non-Sarcastic
2410,"Well right there, you used an oxymoron, ""Great"" and ""Evangelist"" got together about as well as Military Inteligence.   Secondly, as I stated before...you left too many other questions unanswered about the ""Preacher.""",Sarcastic,Sarcastic,Agree,216,32,True,Sarcastic
2412,"Careful, or a spiritually-inspired passage might just pop up and tweak your carnal conscience!",Sarcastic,Sarcastic,Agree,94,14,True,Sarcastic
2413,"You're a Bush-man, aren't you, gnojek? Come on, admit it. With that stance, you'll be in the White House before sunrise.
(You do realize that I was being sarcastic - right?) emoticonXRolleyes",Sarcastic,Sarcastic,Agree,192,32,True,Sarcastic
2416,"Oh yeah right, like sociopaths who are bent on killing and slaughtering everyone around them, can be fixed with something as stupid as school counseling.",Sarcastic,Sarcastic,Agree,153,25,True,Sarcastic
2417,"In other words, Archie cannot show ANY money raised by ""pro-gay churches"", so he's going to ignore that...
emoticonXRolleyes
",Sarcastic,Sarcastic,Agree,127,19,True,Sarcastic
2418,"''they'll come up with hundreds, sometimes even thousands of products relating to homosexuality [and promotion of] the agenda of the homosexual community,' sharp told christian publication agape.' i would be fascintaed, and probably highly amused, to see what products they think are promoting the homosexual agenda. it would probably be a wonderful peek inside their rather twisted little minds. i mean, what are they talking about? astroglide? silk boxers? potted ferns? the mind boggles at what they might be afraid of here. oh noes! my son just saw a teletubbies tape on that rack, now he's going to catch gayness!!",Sarcastic,Sarcastic,Agree,619,100,True,Sarcastic
2419,Bad comparisons. A fair comparison would be comparing the total number of defensive gun uses to the total number of gun crimes (not just limiting it to gun homicides).,Non-Sarcastic,Non-Sarcastic,Agree,167,29,True,Non-Sarcastic
2422,"So given that there are cases where both dies... we just have to give up the mother's right to live over a fetus (which will die)? What if the mother isn't physically ready to have a baby. In the case of a young female (I'm talking age of 9 and younger, c",Non-Sarcastic,Non-Sarcastic,Agree,255,52,True,Non-Sarcastic
2424,"to be replaced with a more or less clone...why do people beg so dearly to be ruled...
O whoopie our old slave master will be replaced with another, I'm beside myself!",Sarcastic,Sarcastic,Agree,167,31,True,Sarcastic
2429,"Just as you are uninformed on the other subject?
 I honestly believe that is the only reason you don't at least partially accept evolution.",Non-Sarcastic,Non-Sarcastic,Agree,140,24,True,Non-Sarcastic
2432,"Cannot be helped. You make it far too easy. But do not think of yourself as a loser, think of yourself as a student with significant learning deficets.",Sarcastic,Sarcastic,Agree,151,28,True,Sarcastic
2435,"As you both also ignore the fact that it was TQ who first posted in the largest red bolded font possible. But hey, since when do you children care about facts or truth. emoticonXRolleyes
",Sarcastic,Sarcastic,Agree,188,34,True,Sarcastic
2436,"Just because we interpret the available evidence differently, for you to assume from that, that we believers know nothing about the universe we inhabit is arrogance to the max.",Non-Sarcastic,Non-Sarcastic,Agree,176,29,True,Non-Sarcastic
2440,"Oh you do love to do the psychological technique known as 'transference' don't you...or is it 'projection'??? 
You are so obsessed with gay sex, I would not be surprised if you and Ted Haggard have a lot to talk about.",Sarcastic,Sarcastic,Agree,219,40,True,Sarcastic
2442,"wow, you're only 17? i definately had you in mid 30's maybe early 40's.",Sarcastic,Sarcastic,Agree,71,14,True,Sarcastic
2443,"It looks like just Mucusaur, you and me, along with an entire thread of bots! (I'm not too sure about Mucusaur, to be honest!) ;)",Sarcastic,Sarcastic,Agree,129,25,True,Sarcastic
2445,how? which does not change the fact that government theft is not.,Non-Sarcastic,Non-Sarcastic,Agree,65,12,True,Non-Sarcastic
2446,"Although I'm not keen on them describing things as living fossils (the term is misleading) the possibilities and implications of this are fascinating. I'd be interested to see the paper if anyone has a PDF. It would seem to suggest that the origins of this particular molecule go back to the Ordovician at least, prior to the reptile/mammal split. Anyway, thought people might be interested :)",Non-Sarcastic,Non-Sarcastic,Agree,393,66,True,Non-Sarcastic
2447,And what would that prove? It would certainly show that an animal adapted to survival above the Arctic circle was not adapted to the Arizona desert. Maybe it would indicate that the environmental conditions necessary for the change aren't present in Arizona. How is that relevant to evolutionary theory?,Non-Sarcastic,Non-Sarcastic,Agree,303,49,True,Non-Sarcastic
2448,"I did not say that violent crime ""rarely"" occurs, merely that the risk of being a victim of such is lower relative to other risks. I am genuinely curious if you care as much about protecting your heart as you care about protecting yourself from criminals.",Non-Sarcastic,Non-Sarcastic,Agree,255,46,True,Non-Sarcastic
2450,"I could have labeled my post ""TRAP"" and you wouldn't notice. Tell me, are these two contradictory:
",Sarcastic,Sarcastic,Agree,100,17,True,Sarcastic
2451,"what a shocker. let me paraphrase: anyone: not following you aa, can you support or clarify what you're saying here? aa: nope!",Sarcastic,Sarcastic,Agree,126,22,True,Sarcastic
2452,From your own link it is very clear the NRA DID NOT say that or publish that. Your clearly very wrong.,Non-Sarcastic,Non-Sarcastic,Agree,102,21,True,Non-Sarcastic
2453,"Simone is quite right...women will no longer breed to order according to the dictats of outdated religion. British Muslim women will follow at some point (many already are). There are a few hothead extremists who sit on London street corners with placards stating that ""UK will be Islamic"", ""Sharia Law for UK"" etc. etc. But those nutters are ignored along with all the other (non-religious) nutters currently walking the streets of London. (For the record, Muslims make up 2.1 per cent of the total United Kingdom population. They are hardly ""taking over"" ).""muslims are taking over the world"" is a poor excuse of a reason to be anti-abortion and shows desperation, IMO!",Non-Sarcastic,Non-Sarcastic,Agree,671,112,True,Non-Sarcastic
2454,and you shouldn't forget the thousands of gays incinerated at this death camp!!!,Non-Sarcastic,Non-Sarcastic,Agree,80,13,True,Non-Sarcastic
2455,"Wow BIOLOGISTS have been working on strteches of DNA of previously unknown function and found what they went looking for - function. That sure knocks genetics and evolution off its feet. Yep no question about it at all. Darwin will be trashed when junk DNA is explained, all his predictions about junk DNA being functionless will be falsified. Oh, oh wait a second. Darwins theory and the NDS make zero predictions about ""junk"" DNA! Guess that if one has nothing to falsify then falsification is pretty unlikely. ",Sarcastic,Sarcastic,Agree,513,87,True,Sarcastic
2458,This is absurdity. I suppose then that medicine should wreak my body. How about viruses? Am I destroyed by them?,Sarcastic,Sarcastic,Agree,112,20,True,Sarcastic
2459,"Yes it is, police aren't obligated by the US Constitution to protect individual citizens. If they were, lawsuits could be filed every time a crime is committed, and the police would go bankrupt really quick.",Non-Sarcastic,Non-Sarcastic,Agree,207,35,True,Non-Sarcastic
2483,"Oh come on. If those words were hateful, then you need to 'investigate' probably millions of people, because those are pretty normal sentiments. Canada must have a LOT of tax dollars. I don't entirely agree with what he said either, but I think it's downright scary that your govt. investigates something like that.",Sarcastic,Sarcastic,Agree,315,53,True,Sarcastic
2484,"So much for choice. Obama's little socialist minions want to use the tax system to collect healthcare premiums if you don't comply. After all, getting employers to collect income taxes before you even see your money has worked for these leeches in the pas",Sarcastic,Sarcastic,Agree,255,44,True,Sarcastic
2486,"you're kidding, right? i mean, you really don't know who i am? what am i missing? is this some alternate reality? where's the camera :)",Sarcastic,Sarcastic,Agree,135,25,True,Sarcastic
2487,"Nope. No souces or links @ #98 either.
Do you seriously think that merely repeating a statement over and over makes it more credible?",Non-Sarcastic,Non-Sarcastic,Agree,134,24,True,Non-Sarcastic
2488,"I believe science can indeed tell us when it cannot be considered a ""person"" as we define a person legally. No mental existence for the simple reason that the hardware has yet to form. Protecting ""potential"" persons is beyond the scope of our Constitution IMO.",Non-Sarcastic,Non-Sarcastic,Agree,260,45,True,Non-Sarcastic
2489,"the argument has nothing to do with whether the bible is true or not, and everything to do with how certain concepts and interpretations are deduced from reading a piece of literature. i'm not arguing that i believe in a rapture, but rather that there is biblical support for a rapture event. i hope you see the difference",Non-Sarcastic,Non-Sarcastic,Agree,322,58,True,Non-Sarcastic
2490,"And who makes the decision, Rich? That's the issue, as I see it. I don't believe the government has any business in a woman's body.",Non-Sarcastic,Non-Sarcastic,Agree,131,25,True,Non-Sarcastic
2491,"Oh, dear. I seem to have lost you again. 'Peer' just means a group of people holding the same biases.",Sarcastic,Sarcastic,Agree,101,20,True,Sarcastic
2494,It stops us from saying we ara a rational people. I don't support any laws that would allow a father not to have a say so about his child being aborted. Are there any?? If it were a life or death thing for the mother no question.As I stated I don't like the idea but making it illegal would simply put more unwanted kids in state homes. Lets take care of the living first!,Non-Sarcastic,Non-Sarcastic,Agree,372,74,True,Non-Sarcastic
2495,"oh hun i am sorry, i'll get right on that :) but yes i retouched her scars, she's a cutter for sure...",Sarcastic,Sarcastic,Agree,102,22,True,Sarcastic
2496,"i love how the athesists respond, they claim to not debate thesists, but they follow debate religion like it's their religion. we (this writer) has never professed not to debate theists. this is a debating society. there are theists within it. therefore no illusion can be made that atheists do not herein debate theists.",Sarcastic,Sarcastic,Agree,321,54,True,Sarcastic
2498,"Nice raising the bar. Fallacies are a creationist's best friend. You claimed:""have never shown to add any new structure or even a new part to any existing structure.""Now you are changing your argument away from structure as new proteins and especially enzymes (which are proteins) don't count.",Sarcastic,Sarcastic,Agree,293,47,True,Sarcastic
2499,"Well, I'm not sure if he consumed alcohol or not, but his doctor gave him daily ""vitamin"" shots that contained vitamins as well as amphetamines and maybe other drugs that doctors at the time thought were mentally beneficial.And I've never heard of him being a vegetarian. I saw some show that talked about his voracious apetite, but I don't think they mentioned his being a veggie.",Non-Sarcastic,Non-Sarcastic,Agree,381,66,True,Non-Sarcastic
2500,"Crammed with them, sure, why not? It's easy, only a few million light years. The scientific method is used in weather forecasting too.",Sarcastic,Sarcastic,Agree,134,23,True,Sarcastic
2501,"Even if it was murder, do you really expect me to side with the party that broke into Martin's house and robbed him?",Non-Sarcastic,Non-Sarcastic,Agree,116,23,True,Non-Sarcastic
2502,"Apparently Archie thinks this is golf, where the lowest score wins. Who wants to clue him in?",Sarcastic,Sarcastic,Agree,93,17,True,Sarcastic
2503,Who's God ? Vishnu ? Buddha ? The Great Spirit ? Allah ? Or God ?Waiting............,Sarcastic,Sarcastic,Agree,84,16,True,Sarcastic
2504,"Of course not, but I fail to see how atheists are using science as its god, can you please explain that to me directly? Evolution doesn't refute god at all. In fact with evolution, intelligent design is entirely possible. But that still doesn't make it science.",Non-Sarcastic,Non-Sarcastic,Agree,261,46,True,Non-Sarcastic
2505,"The anti-abortionists claim a load of **** on many issues. I don't listen to them. To put the ""life"" of an unfertilized egg above that of a person is grotesquely sick IMO. I support any such stem cell research wholeheartedly.",Non-Sarcastic,Non-Sarcastic,Agree,225,40,True,Non-Sarcastic
2506,"Well, that's generally true of any process that uses energy. Some is wasted.",Non-Sarcastic,Non-Sarcastic,Agree,76,13,True,Non-Sarcastic
2507,only one of you i guess this is when the score card will come in handy,Sarcastic,Sarcastic,Agree,70,16,True,Sarcastic
2508,You mean other than the fact that Mr. Pocketwatch and Mrs. Pocketwatch don't meet up for a night of whoopee and end up with little baby pocketwatches some time later? How about: I know that humans manufacture pocketwatches.,Sarcastic,Sarcastic,Agree,223,38,True,Sarcastic
2509,"you are aware that according to the koran such actions have the death penalty? you may disagree with the principle of that or carrying out the directives of some sacred text. frankly i couldn't give a rats arse about your faith or theirs. if the accusation is accurate someone acted recklessly which cost 8 lives and that is what matters, not someone's ideas about the basis of the universe.",Non-Sarcastic,Non-Sarcastic,Agree,391,69,True,Non-Sarcastic
2510,You may be correct. My point still stands. Simone's argument is wholly based on stereotype.,Non-Sarcastic,Non-Sarcastic,Agree,91,15,True,Non-Sarcastic
2512,"Confucius, that is one of the biggest puddles of sentimental puppy dribble that has ever been manufactured.",Sarcastic,Sarcastic,Agree,107,17,True,Sarcastic
2513,"It's called a dictionary. They're really nice, but of course first you need to open one up and actually read what it says emoticonXGood 
Clickity-click.
",Sarcastic,Sarcastic,Agree,155,25,True,Sarcastic
2515,"That's what I thought. You can't back up your pathetic lies. 
Get thee behind me, 'O Spawn of Beelzebub.",Sarcastic,Sarcastic,Agree,105,19,True,Sarcastic
2516,"why convince me of something i already know? however, the homosexual community does have more of a problem..just like africa has more of a problem then the us.",Non-Sarcastic,Non-Sarcastic,Agree,159,28,True,Non-Sarcastic
2517,"Those damn black people! All wanting respect and equal opportunity! They should just be happy with what they got!Why should they work for the same pay? They are just selfish! [/end sarcasm]
This argument is tired *yawn*",Sarcastic,Sarcastic,Agree,220,37,True,Sarcastic
2518,"Just so you know Peach, the 167 death row inmates are now serving life in prison. At least that one who's not guilty might now have a chance to be free.",Non-Sarcastic,Non-Sarcastic,Agree,152,31,True,Non-Sarcastic
2521,"And compare that to an equivalent sized human - if you compared the skill to a 10-13 year old boy, the erectus skeleton's cranial capacity would be significantly smaller. Doesn't contradict in the slightest other than the bizarre positions you decide other people should hold.",Non-Sarcastic,Non-Sarcastic,Agree,276,45,True,Non-Sarcastic
2522,"The 7 day creation I am referring to, not merely the possibility of divine creation through the Big bang etc",Non-Sarcastic,Non-Sarcastic,Agree,108,20,True,Non-Sarcastic
2523,"Apparently, all them dinosaurs were just too dumb to climb to higher ground or swim (despite the fact that animals are among the first to do so in disasters - example would be the tsunami in Christmas 2004) All of this also avoids the flying reptiles such as the Pteranodons.   Also, apparently humans are unique in that they are the only ones whose corpses bload and float to the water's surface.   What garbage will they come up with next?",Sarcastic,Sarcastic,Agree,441,79,True,Sarcastic
2524,"The whole religion is FAKE. Not just some shroud or a tortilla with the face of Mary on it. I thought the bible taught us not to worship idols anyways?
And here comes EZ's idol gay sex zinger in 3...2..1... *snore*",Sarcastic,Sarcastic,Agree,215,41,True,Sarcastic
2525,Well then it sounds like you don't even know what a SM is seeing as the 3rd one is the main one that people like you bring up when debating this isse.,Non-Sarcastic,Non-Sarcastic,Agree,150,32,True,Non-Sarcastic
2526,"Congrats, may your marriage continue to be a happy one.If I may deviate from the original thread a bit I have a couple of questions that pertain to your specific situation. If they are too personnal please feel free to say so.Do you consider yourself to be any particular branch of Christian? ie. Lutheran, Catholic, Apiscopal (sp), etc.How do you reconcile your Christianity with the portions of the bible that specificly deal with homosexual activity as a sin? (If this question sounds rude please excuse me, I couldn't think of a better wording.)Thanks",Non-Sarcastic,Non-Sarcastic,Agree,555,93,True,Non-Sarcastic
2527,"So, you see the UN and other extra-British authorities as being better than the UK's? The sun sure does set on the British Empire nowadays. emoticonXWow",Sarcastic,Sarcastic,Agree,152,26,True,Sarcastic
2528,"Thats rich. No evidence huh?
Here: Global warming, photography, pictures, photos, climate change, impact, science, weather, arctic, antarctica, climate zones, glacier, arctic warming, antarctica warming, documentation, effects, effects of climate change, paleoclimate, mountain glacier 
the country of Bangladesh is losing its land mass to the encroaching ocean and water is becoming very scarce there. Now, Ill have your rebuttal to that evidence. Epoch; (chuckle); like millennium??
",Sarcastic,Sarcastic,Agree,488,66,True,Sarcastic
2529,And one of these assumption has not been proven incorrect.,Non-Sarcastic,Non-Sarcastic,Agree,58,10,True,Non-Sarcastic
2530,"And it is. The ToE is a theory, however. It explains evolution, which has been observed. Do not attempt to deny that.",Non-Sarcastic,Non-Sarcastic,Agree,117,22,True,Non-Sarcastic
2531,"I've never heard anyone say this other than you guys.
 
 Btw it's a town of 2000 people.",Non-Sarcastic,Non-Sarcastic,Agree,90,17,True,Non-Sarcastic
2533,"Actually, it's not. Mutations are random. Selection is differential reproductive success.",Non-Sarcastic,Non-Sarcastic,Agree,89,11,True,Non-Sarcastic
2534,i love when differing from someones opinion is 'weak'. such a convincing argument.,Sarcastic,Sarcastic,Agree,82,13,True,Sarcastic
2536,I'm not against concealed carry in principle but open carry seems silly to me. I smell posers.,Non-Sarcastic,Non-Sarcastic,Agree,94,17,True,Non-Sarcastic
2537,"And for what it's worth, plants have clearly won it, insofar as their terrestrial biomass has us animals beat by at least ten to one. And the ""competition"" between ""plants"" (in general) and humans (literally specifically) is even more lopsided -- vastly so, in fact.
Ah, such fun we can have with this notion of ""superiority!""...",Sarcastic,Sarcastic,Agree,330,56,True,Sarcastic
2539,"Oh, I think you take delight in spelling it out in excruciating detail. Otherwise, you'd reply on point.
",Sarcastic,Sarcastic,Agree,106,18,True,Sarcastic
2540,"Funny, I thought Heribert Nilsson was a botanist. Don't let little details like that get in your way though.",Sarcastic,Sarcastic,Agree,108,19,True,Sarcastic
2541,I hardly see why you feel called upon to explain how a hypthetical entity that does not in fact exist requires an explanation at all! There is no evidence of any sprititual entity or spiritual component to any physical entity.,Non-Sarcastic,Non-Sarcastic,Agree,226,40,True,Non-Sarcastic
2542,"i love it when straight, christian folk who disapprove of gays seem to know so much about what it is to be gay - how it feels, how they became that way, the nature of their relationships and whether or not its something they can control. hey archangel - if you ever need brain surgery i know a fantastic auto mechanic you can talk to. emoticonxrolleyes",Sarcastic,Sarcastic,Agree,352,66,True,Sarcastic
2543,"No. That's not what I said. I said that natural selection is differential reproductive success. I said that those organisms that possessed advantageous characteristics would tend to reach reproductive age more frequently and therefore they will tend to produce more offspring, while those with disadvantageous characteristics will tend to produce fewer offspring. As a result, the heritable characteristics of the population will change over time.",Non-Sarcastic,Non-Sarcastic,Agree,447,65,True,Non-Sarcastic
2544,I guess it's okay to lie for Jesus just so long as He ain't intently watching.,Sarcastic,Sarcastic,Agree,78,16,True,Sarcastic
2545,"I heard that as well. That civil rights activist was looney tunes. ""You'd steal a TV too if it meant bartering for formula so your baby could eat."" 
Puhleeeeze...... emoticonXRolleyes 
Gimme a break.",Sarcastic,Sarcastic,Agree,201,33,True,Sarcastic
2547,"of course it crossed my mind, but logic isn't allowed; this is religion. jesus isn't showing up or walking away from their bread munching wine drinking rituals. i am supposed to be surprised that jesus supposedly said just one more thing which makes no sense what so ever? the early church wasn't called catholic because there were no other protestants running around to differentiate between. if imagination alone could generate heaven, you would be right. i have no reason to believe heaven exists. which are based on the beliefs of the early church, which you have already admitted existed during jesus's life time.",Sarcastic,Sarcastic,Agree,618,103,True,Sarcastic
2548,"Okay, so if we only need 10 laws then they must be, without any doubt, the 10 most important rules possible that would serve mankind throughout history. Not coveting your neighbor's oxen made the list? Why is not creating any graven images more important than not enslaving people? That didn't even make the list. If those 10 things were all that God intended to impart on mankind I have to question his mental competance.",Sarcastic,Sarcastic,Agree,422,74,True,Sarcastic
2551,"And how would Bush look if his own people hated him so much that they revolted? That would be very bad publicity, and quite an embarrassment that I wouldn't want as a country leader.",Non-Sarcastic,Non-Sarcastic,Agree,182,34,True,Non-Sarcastic
2553,"So the huge amount of men and material that the US contributed to the war was just not necessary. Thats your argument?
Well that makes perfect sense.
What's a BBS?",Sarcastic,Sarcastic,Agree,165,30,True,Sarcastic
2554,"Oh, I get it.
That's what permitted Governor Gidget to say that Senator Obama ""palled around with terrorists.""",Sarcastic,Sarcastic,Agree,111,18,True,Sarcastic
2555,"Oh, so cranky, Dittoboy! Maybe you need some zanax too. Or pray some more to your pagan deities.
Little hint: Listening to too much Rush Limbaugh will give you ulcers - all that sustained outrage and all. Plus the morally superior preening... not healthy.
emoticonXAngel",Sarcastic,Sarcastic,Agree,272,45,True,Sarcastic
2556,Well its possible I suppose that GOD created the apple and endowed it with low levels of cyanide for the specific purpose of punishing man should he consume too many. Perhaps at the time the apple being referenced was a special one much like the one in Snow White.,Sarcastic,Sarcastic,Agree,264,49,True,Sarcastic
2557,"We need to have far better prenatal and obstetrical care for all women in the world. All truly caring human beings would endorse such care for women, as well as access to contraceptive education and access to reliable contraception to prevent such horrible consequences from pregnancy.",Non-Sarcastic,Non-Sarcastic,Agree,285,46,True,Non-Sarcastic
2558,"Because the purpose of the US Bill of Rights is to grant or guarantee rights, not to prohibit or curtail personal freedoms.",Non-Sarcastic,Non-Sarcastic,Agree,123,22,True,Non-Sarcastic
2560,"Ok...many many people have been killed in Africa because of the policies of the countries in the EU, South America, Asia, and so on....this hypocrisy annoys me.",Non-Sarcastic,Non-Sarcastic,Agree,160,27,True,Non-Sarcastic
2562,"really? wow! my parents did the same thing! we had a water-cooler bottle that my dad put change into for years, and when we were little kids we went to cash it in, all of us helping to roll the hundreds of pounds of coins, and it ended up being worth over $900! ever since then, i've been a coin fanatic. people are so quick to throw away change. my friends know that i'll always take a nickel or a few pennies if they don't want to carry them around.",Non-Sarcastic,Non-Sarcastic,Agree,451,90,True,Non-Sarcastic
2563,wow. okay. photons apparently do not create light? well then i guess i have penetrated the core of your religion.,Sarcastic,Sarcastic,Agree,113,20,True,Sarcastic
2565,oh yeah? tell that to the next person you see running down the street wielding a knife. ;),Sarcastic,Sarcastic,Agree,90,18,True,Sarcastic
2566,"You know that under most public healthcare systems you can still buy private care if you really want to, don't you?As for OldSarge's claim of bean pushers deciding what care you get, isn't another name for them ""claims adjustors""? When I go to see a doctor he's the one who decides my treatment, not anyone else. He doesn't have to call anyone to check the funding is there, if it's covered for anyone, it's covered for me as well.",Non-Sarcastic,Non-Sarcastic,Agree,431,79,True,Non-Sarcastic
2567,"gee, i wonder why the liberal left is so quiet? i remember when bush's dwi from decades previously came out, and you couldn't shut the hypocrites up!  it's hilarious.",Sarcastic,Sarcastic,Agree,166,29,True,Sarcastic
2570,The Scandinavians always have been a multi-cultural society as the uncouth Vikings were so good at stealing culture from us Brits ;),Sarcastic,Sarcastic,Agree,132,22,True,Sarcastic
2571,"How's that coming along, by the way? Because IIRC Jesus said he'd be returning before the generation that saw him died out. And then every century afterwards, his return has been ""just around the corner"".emoticonXRolleyes",Sarcastic,Sarcastic,Agree,221,35,True,Sarcastic
2572,"Contraceptives (for example a condom/ the pill) aren't going to last a month effectively. Then there's the fact that contraceptives, given the above data, can still be 99% effective, as it doesn't mention how many pregnancies they've prevented.   What does the writer make of this though? ""According to this, condoms have a high failure rate for pregnancy.""",Non-Sarcastic,Non-Sarcastic,Agree,357,57,True,Non-Sarcastic
2575,i'm not surprised. that's a typical response when someone calls your bluff. waxy,Sarcastic,Sarcastic,Agree,80,13,True,Sarcastic
2576,"you mean preponderance of nothing. there is no preponderance of evidence, especially physical evidenc, to support the existance of any god.  guess what? historians can't replicate historic events and personalities than scientists can either.",Non-Sarcastic,Non-Sarcastic,Agree,241,34,True,Non-Sarcastic
2577,"Is North Korea a bastion of peace and good-living? Nope. Is it religious? Nope. Therefore obstacles to 'peace' don't necessarily have to be tied in with religiosity.
Hope that's spelt out enough for you. Try to keep up.",Sarcastic,Sarcastic,Agree,220,38,True,Sarcastic
2579,"Yeah, the lesbians. emoticonXRolleyes It would also mean the end of the human race. emoticonXGood",Sarcastic,Sarcastic,Agree,97,15,True,Sarcastic
2580,"i'm shocked! how could hunter mislead me so? emoticonxrolleyes given his previous output, i have to confess that i'm not at all surprised that this was a garbage in, garbage out moment. i feel slightly embarrassed at not stopping to consider the preposterous nature of a 14% figure though emoticonxembarrassed",Sarcastic,Sarcastic,Agree,309,50,True,Sarcastic
2583,I think you just made the point that they're people after a certain degree of development takes place.,Non-Sarcastic,Non-Sarcastic,Agree,102,18,True,Non-Sarcastic
2584,"But you need proof to back up a explantion. If you didn't, all you'd have a creationism. Explanations without any support.",Non-Sarcastic,Non-Sarcastic,Agree,122,21,True,Non-Sarcastic
2585,"Just as you make certain assumptions that never change regarding evo, so does the Creationist hold that certain absolutes exist regarding Creation, such as a personal God created all that is. We understand science can't prove God which is a huge stumbling block for the evolutionist, but isn't one at all for us because we can see the spiritual which evades the scientific perspective at all levels of understanding. And ID would insist that it is evolution that's the atheistically motivated pseudo science, so we will continue to disagree there also.",Non-Sarcastic,Non-Sarcastic,Agree,552,91,True,Non-Sarcastic
2586,We gotta GET them law-abiders for having the audacity to believe the Constitution's Bill of Rights! Huh Brady!,Sarcastic,Sarcastic,Agree,110,18,True,Sarcastic
2588,"Yeah, your potential spouse will like you for your personality after you meet the prerequisite of being the proper gender for them.",Sarcastic,Sarcastic,Agree,131,22,True,Sarcastic
2589,Your wrong. Airplanes and courthouses are gun free zones but these places never have massacres.,Non-Sarcastic,Non-Sarcastic,Agree,95,15,True,Non-Sarcastic
2590,"maddow is pretty fantastic! she's smart, prepared, funny. puts a story in context, and knows how to do an interview - almost always one-on-one, she lets the other person speak, asks pointed questions, etc. best pundit on tv.",Non-Sarcastic,Non-Sarcastic,Agree,224,38,True,Non-Sarcastic
2591,"Really? A human can be determined scientifically. Personhood is a human legal construct. You cannot prove scientifically what a ""person"" is.",Non-Sarcastic,Non-Sarcastic,Agree,140,21,True,Non-Sarcastic
2592,"It's probably defensive to some extent on both sides. A lot of atheists I've run into seem to be out to prostlytize as well--they are basically evangelists for the atheist way of thinking. Religiously atheist, you might say. They're looking for opportunities to assert the atheist message. And I've read some pretty darn hateful things said about Christianity right here in these forums, and just chalking it up to be ""defending"" or ""kicking back"" doesn't really fly. Who knows who threw the first punch? It's to the point that it doesn't really matter anymore, because both sides should be showing respect.",Non-Sarcastic,Non-Sarcastic,Agree,607,101,True,Non-Sarcastic
2593,They don't live in an environment where such events are likely. At one time there were several species of hominini living at the same time. Evolution is more bushlike that ladder like. It just so happens that we are the only species that remains.,Non-Sarcastic,Non-Sarcastic,Agree,246,44,True,Non-Sarcastic
2594,"Well, if you claim you can give 95% of Americans a tax cut then you'd have to be on par with Jesus.",Sarcastic,Sarcastic,Agree,99,22,True,Sarcastic
2595,oh yeah same here. i sadly have no more tolerance for prodigee anymore. i highly dislike him. hopefully this doesnt sounds harsh.,Non-Sarcastic,Non-Sarcastic,Agree,129,22,True,Non-Sarcastic
2596,"It is horribly oppressive of women, though, to oppose both abortion and contraceptives. That means that women will have no control over their pregnancies at all.",Non-Sarcastic,Non-Sarcastic,Agree,161,26,True,Non-Sarcastic
2597,Well excuuuuse me if I screwed that up in this post. Have a nice day. :),Sarcastic,Sarcastic,Agree,72,16,True,Sarcastic
2598,no i sure don't need to. i made an observation that gun free zones don't work verstanden sie? you need to prove they do if you don't agree. the shooter sure knew there wouldn't be any firearms around from his military experience. it is quite evident to anyone with an iq above room temp who he bore a grudge against. try again slim.,Sarcastic,Sarcastic,Agree,332,63,True,Sarcastic
2599,"Three questions:   What country operates under an ""unbridled capitalism"" system?   Can you name any nation that has operated under your idea of socialism successfully?   If the American system of government is so terrible, why do we have one of the highest standards of living on earth?   Just because you think you are entitled to what I earn doesn't make it so. Earn your own.",Non-Sarcastic,Non-Sarcastic,Agree,378,64,True,Non-Sarcastic
2600,"i think your post brings up a good point, and that's that to discuss torture, there needs to be a good understanding of what constitutes torture.  what are we talking about, exactly? just listening to loud music? loud music at 125 db 24/7 resulting in sleep deprivation? physical torture? or how about humiliation, like forced nakedness? simple prisoner punishment? having to eat a different diet? i think some things could be torture and some not, depending on the person being tortured, as well. it's a complicated subject--too complicated just to throw out some all-inclusive word like 'torture' and be able to adequately discuss it.",Non-Sarcastic,Non-Sarcastic,Agree,636,104,True,Non-Sarcastic
2601,"The continents didn't move around much at all, smart one.emoticonXRolleyes God made the continents close to the way they are today just 4000-8000 years ago.
The Tower of Babel is fact. The Bible never lies.",Sarcastic,Sarcastic,Agree,207,35,True,Sarcastic
2602,Well I am polishing my grave dancing shoes as these people in their 70's can not live forever.,Sarcastic,Sarcastic,Agree,94,18,True,Sarcastic
2603,"and bill clinton didn't? obama doesn't? emoticonxdonno let me help you with that. emoticonxangel she's a conservative! i'll bet her upcoming debate with biden will get far more attention than mccain/obama did! i'll sure be watching! word has it that the moderator is an obama lover.  i'm just surprised that so many consider it so important how one performs in these quick witted, personality contests. just because a person is slightly off the mark in wits doesn't mean he/she would not be a good leader - able to make sound political decisions.  looks aside, pelosi's a dingbat compared to palin. she gets a free pass from the news media - ho hum.",Sarcastic,Sarcastic,Agree,649,112,True,Sarcastic
2604,And it is much easier to have an abortion than to be a mother.,Non-Sarcastic,Non-Sarcastic,Agree,62,14,True,Non-Sarcastic
2605,"Like evolution, right? You have your conclusion, so everything else must adhere to it. Just answer the question. How to you account for the statements above?",Sarcastic,Sarcastic,Agree,157,26,True,Sarcastic
2606,"Wow that statement was so full of knowledge! I BOW TO YOU OH MOST KNOWLEDGABLE SIMONE!!! I AM NOT WORTHY OF THY GREAT UNDERSTANDING OF THE WORLD! IN FACT, YOU MUST BE GOD BECAUSE YOU KNOW EVERYTHING!!!!!!!!!!!!!!!!!!!!!!!!!!!!!!!!!!!!!!",Sarcastic,Sarcastic,Agree,236,37,True,Sarcastic
2607,Is there something wrong with choosing to have a cheese sandwich as opposed to peanut butter and jelly? Do you prefer actually having to make personal moral choices or do you need a rigid and inviolable instruction manual to run your life?,Sarcastic,Sarcastic,Agree,239,42,True,Sarcastic
2608,"Yes, we shouldn't let those slaves be citizens, they will burden our legal system since they will now have...OMG...rights!",Sarcastic,Sarcastic,Agree,122,19,True,Sarcastic
2609,"where were you when we discussed this twice previously?  nice slur, good way to show your false 'compassion' emoticonxcry depends where it hits. two to the center and one to the head is the accepted protocol. i posted dr. fackler's, the leading authority on 'wounds', previously. did you miss it and the miami dade shooting events? scroll back dearie.",Sarcastic,Sarcastic,Agree,351,59,True,Sarcastic
2610,Which is precisely why the law must needs be silent when it comes to women choosing whether or not to continue their pregnancies.emoticon_xhoho,Non-Sarcastic,Non-Sarcastic,Agree,143,23,True,Non-Sarcastic
2611,"his lies, his media darling status, my post above answers your question for you.",Non-Sarcastic,Non-Sarcastic,Agree,80,14,True,Non-Sarcastic
2612," as their having guns doesn't serve the state.\""--Heinrich HimmlerFor pledging their support of Nazi ideals  we proudly award \""Yes\"" the Medal of Holocaust and Genocide. Congratulations  you're now a supporter of Hitler."" and you win the PINK PANTIES award!I got news for you PUNK - my family fled the Nazi's on foot in WWII ",Sarcastic,Sarcastic,Agree,326,54,True,Sarcastic
2613,"care to support that with statistics? oh wait, you can't. why? because there isn't a global census on what people believe. so unless you've interviewed 7 billion people on their faith (at which point you could inform the un and several other governing bodies), i don't see how you can be in any position to claim 'religion is slowly fading.'",Sarcastic,Sarcastic,Agree,341,60,True,Sarcastic
2615,"Well, I guess you can refuse to see something that's pretty obvious. It's up to you.",Sarcastic,Sarcastic,Agree,84,16,True,Sarcastic
2616,you're kidding right? the quangbar tangrians will be abducting you and the rest of the human souls at the end of the world. everyone knows this.,Sarcastic,Sarcastic,Agree,144,26,True,Sarcastic
2617,"and how is it a red herring? bearing in mind that forcing one person to harm themselves physically for another is illegal in the us, it's illogical to make this rule apply only to pregnant women. as pregnancy is always harmful, the woman cannot be forced by law to go through it even if you think a zef is a baby.",Non-Sarcastic,Non-Sarcastic,Agree,313,61,True,Non-Sarcastic
2618,"bravo, i'm impressed (i tried to come up with some clever rhyme but i couldn't think of anything)",Non-Sarcastic,Non-Sarcastic,Agree,97,18,True,Non-Sarcastic
2619,Well I know that's where your people got their start. Right out of the left rear flank of a large fore-headed knuckle-dragger.,Sarcastic,Sarcastic,Agree,126,22,True,Sarcastic
2621,"So then the law is flawed because criminals could just as easily get their hands on select firearms, ban or no ban. You've just admitted that the bill did nothing and thus there's no justification for it to be reinstated.",Non-Sarcastic,Non-Sarcastic,Agree,221,40,True,Non-Sarcastic
2622,"yeah just like you and your idols Glenn Beck, Rush Limbaugh, etc.",Sarcastic,Sarcastic,Agree,65,12,True,Sarcastic
2623,"I know these statements are a bit hostile, but arrogant ignorance just ticks me off.   What makes you think you have the knowledge to post on a thread like this if you didn't know that the Buddha never even claimed to be God?",Non-Sarcastic,Non-Sarcastic,Agree,225,43,True,Non-Sarcastic
2625,glad to know you bring spelling into this. Shows where you are in the argument. And where did the life saving question come from?,Sarcastic,Sarcastic,Agree,129,24,True,Sarcastic
2626,"Misunderstanding or misrepresentation? Biologists and geneticists do not claim that DNA is isolated from the environment. We are well aware that the environment can cause mutations under many conditions (cosmic radiation, x-ray, etc.). What is denied is t",Non-Sarcastic,Non-Sarcastic,Agree,255,38,True,Non-Sarcastic
2627,Being put in a cell with Howard Dean for life? emoticonXCry,Sarcastic,Sarcastic,Agree,59,11,True,Sarcastic
2628,"Actually, this (if what that article is true, which I am not quite sure) is a healthy part of science. Old theories are disgarded and new ones come in as more evidence is brought to bare. Every theory made by fallible man is prone to being disproven and destroyed. Man's theories change everyday, while God's word has remained the same.",Non-Sarcastic,Non-Sarcastic,Agree,336,60,True,Non-Sarcastic
2629,"I was being sarcastic to a gargantuan degree. Why you little rebel, you! Are you proposing that individuals should choose the spiritual dicta we agree with and toss those that don't make sense?",Sarcastic,Sarcastic,Agree,193,33,True,Sarcastic
2630,Were you drunk or were you high on hallucinogens...speed? lsd? crack?,Sarcastic,Sarcastic,Agree,69,11,True,Sarcastic
2631,Really? Do all your views depend on somebody else changing them for you?,Sarcastic,Sarcastic,Agree,72,13,True,Sarcastic
2632,"As far as insults go, this one makes no sense, except in your little mind.And I made your ignore list?Finally! I am getting somewhere!",Sarcastic,Sarcastic,Agree,134,24,True,Sarcastic
2633,"He was big on ""Turn the other cheek"", the pacifist non-gunner.",Non-Sarcastic,Non-Sarcastic,Agree,62,11,True,Non-Sarcastic
2634,"I think the FSM threw these guys a bone. They cherrypicked which taxa would give them the most statistically significant results. If they were to expand the method to include more and more taxa, they'd see the Noodly Appendage of the Flying Spaghetti Monster. Ramen.",Sarcastic,Sarcastic,Agree,266,45,True,Sarcastic
2635,"You got it wrong Daewoo. The ban was put in place by the 1986 Firearm Owners Protection Act, designed to correct the erronius Gun Control Act of 1968. The machinegun ban provision was slipped in at the last minute, during a time when those that would oppose it weren't there to debate it.",Non-Sarcastic,Non-Sarcastic,Agree,288,53,True,Non-Sarcastic
2636,If the woman wants one than yes to all three.,Non-Sarcastic,Non-Sarcastic,Agree,45,10,True,Non-Sarcastic
2637,"I have no idea what ""women's rights"" might be either. You could try to explain that to me while you are at it.",Sarcastic,Sarcastic,Agree,110,23,True,Sarcastic
2640,"""He who laughs last thinks slowest.""
I think that applies here; what about you?",Sarcastic,Sarcastic,Agree,80,14,True,Sarcastic
2641,i love how brown got shut down. nom is a bigoted organization full of people who put out hateful and misleading propaganda that hurts and tearsat the struggle for equality tolerance in this country.,Non-Sarcastic,Non-Sarcastic,Agree,198,34,True,Non-Sarcastic
2642,"You should make opinions basedon God, not the way other people act. People can be right and still have annoying attitude.",Non-Sarcastic,Non-Sarcastic,Agree,121,21,True,Non-Sarcastic
2643,"is the legal aspect of it disputed or only whether it is immoral? i may be tooting my own horn, but this thread discussed the moral aspects of abortion in general, and this was my contribution. is that sort of what you're looking for?",Non-Sarcastic,Non-Sarcastic,Agree,234,44,True,Non-Sarcastic
2645,"""humble ape?"" LOL! Do they keep them in separate cages at the zoo?",Sarcastic,Sarcastic,Agree,66,13,True,Sarcastic
2646,I wish you could put your hands on that poll as well. Until then I'll remain skeptical. Let's remember that Democrats and liberals hunt. Remove that group and what's left? Something less than 20% of Americans that own only handguns.,Non-Sarcastic,Non-Sarcastic,Agree,232,40,True,Non-Sarcastic
2647,"The article continues to comment that this mechanism serves as a mechanism tailored for evolution? Irrespective of its origins, somehow, life utilizes evolution FOR evolution.
 
 B. Convergence
 As seen in the docking simulation, the solutions all converg",Non-Sarcastic,Non-Sarcastic,Agree,258,37,True,Non-Sarcastic
2649,totally agree. i'm surprised to see how many people think it's funny.,Non-Sarcastic,Non-Sarcastic,Agree,69,12,True,Non-Sarcastic
2651,"Gee, you're such an example to Americans, CU. Perhaps you, instead of Wendell Potter, should testify to Congress. If you're not laid up in a gutter, God forbid, with a brain tumor. emoticonXRolleyes
",Sarcastic,Sarcastic,Agree,200,33,True,Sarcastic
2652,He didn't! I hope you reported that to the admin,Non-Sarcastic,Non-Sarcastic,Agree,48,10,True,Non-Sarcastic
2653,I've seen people (on TV:)) who would actually know about such things say that the fact that these things passed in these states pretty much spels doom for any possible constitutional ammendment. Don't ask me how they figure this. It's just what they were saying.,Non-Sarcastic,Non-Sarcastic,Agree,262,45,True,Non-Sarcastic
2654,"That's not what he said. Why do you find it necessary to lie? But of course, you are quoting a news story. I have had experience with news stories that purport to quote what someone has said.",Non-Sarcastic,Non-Sarcastic,Agree,191,37,True,Non-Sarcastic
2655,LOL no kidding. If you took all the nut jobs out of political rallies there would only be eight people left...and the candidate might be gone as well.,Sarcastic,Sarcastic,Agree,150,28,True,Sarcastic
2656,"My IQ is more than two digits, is that what you mean?",Sarcastic,Sarcastic,Agree,53,12,True,Sarcastic
2657,"thomas jefferson, often the darling of the liberal left, once had this to offer: sect. xiv. whosoever shall be guilty of rape, polygamy, or sodomy with man or woman, shall be punished; if a man, by castration, a woman, by boring through the cartilage ofher nose a hole of one half inch in diameter at the least. - a bill for proportioning crimes and punishments",Non-Sarcastic,Non-Sarcastic,Agree,361,65,True,Non-Sarcastic
2659,"Even a teacher should be able to understand that when you spend more, your debt goes up. emoticonXRolleyes
Obama Budget Pushes Sweeping Change - WSJ.com",Sarcastic,Sarcastic,Agree,153,25,True,Sarcastic
2660,"What's sick is your theological comprehension.God took Ananias and Sapphira (Acts chapter 5) off the earth just for lying. And you want to give JFK, the serial adulterer, a pass? That's how lame your theological thinking is.",Non-Sarcastic,Non-Sarcastic,Agree,224,37,True,Non-Sarcastic
2664,howard -  who do you say jesus christ is? the long awaited jewish messiah? your resurrected savior for the remission of your sins? the great god and savior (2 peter 1:1)? simple yes's or no's will suffice. p.s. you can probably buy that book i recommended on your argument at amazon.com.,Non-Sarcastic,Non-Sarcastic,Agree,287,51,True,Non-Sarcastic
2665,"I say, since there are medical uses for the stuff, the drug is not pure harm (as the authoritarians assert.) Marijuana has its benefits and harms, and some of these benefits boil down to a matter of personal preference. Illegalizing it, in effect, dictates a personal preference.",Non-Sarcastic,Non-Sarcastic,Agree,279,47,True,Non-Sarcastic
2668,"Let me add a little extension to what you have accurately portrayed: or 'bring back the gallows and the guillotine:emoticonXSmilie
",Sarcastic,Sarcastic,Agree,132,20,True,Sarcastic
2669,"I was thinking moreso Canada, Great Britain, and Israel rather than ""Happyland"" but whatever floats your boat.
",Sarcastic,Sarcastic,Agree,112,17,True,Sarcastic
2670,"You want to explain to me what the age of consent was in 1st century Palestine?
And rejoicing really sounds like fear and intimidation to me. emoticonXRolleyes",Sarcastic,Sarcastic,Agree,160,27,True,Sarcastic
2672,Well you'd know fascist wingnuts for sure. Hitting a meeting tonite?,Sarcastic,Sarcastic,Agree,68,11,True,Sarcastic
2673,"Yes, but if seen from space (something the ancients couldn't do) it LOOKS like it hangs on nothing. Don't worry, I don't mind spelling it out for you.",Sarcastic,Sarcastic,Agree,150,28,True,Sarcastic
2674,"It's clear to me that you are rather desperately in need of facts and direction! 
emoticonXSmilie 
",Sarcastic,Sarcastic,Agree,101,16,True,Sarcastic
2676,60% accepting Roe v Wade is a high figure don't you think? More people support abortion then the president.,Non-Sarcastic,Non-Sarcastic,Agree,107,19,True,Non-Sarcastic
2677,"i noticed..., you got a public apology. i'm impressed ;)",Sarcastic,Sarcastic,Agree,56,10,True,Sarcastic
2678,"You must be assuming that the entire story is true. Again, how can anyone possibly answer this?",Non-Sarcastic,Non-Sarcastic,Agree,95,17,True,Non-Sarcastic
2680,oh really? anybody can say that they are a always a guest on here and then all of a sudden come . nice try for an excuse.,Sarcastic,Sarcastic,Agree,121,27,True,Sarcastic
2681,"They didn't. Simple as that.Now, let's look at the post you keep quoting (although it has already been addressed by others).First one, Job 40: 15-24, seems to describe a Hippo (possibly an elephant).As to the second one, please show me a fire breathing dinosaur and you'll be in business with your claim that they described dinosaurs. Otherwise, there'll be quite a bit of mocking and scoffing at their claim of fire-breathing creatures.Aside from the fire breathing thing, it sort of sounds like the Nile Crocodile or something of the sort.",Non-Sarcastic,Non-Sarcastic,Agree,541,90,True,Non-Sarcastic
2684,** so i don't like your lies and deliberate distortions. do i have to admire your mendacity? live with the fact that my opinion of your personal integrity is so low that i'd rather ignore you completely from now on.,Non-Sarcastic,Non-Sarcastic,Agree,215,40,True,Non-Sarcastic
2685,"If you thought I was agreeing with JPSarte on that, apparently YOU have a problem reading my posts.
My original statement on the matter: ""let's not assume SCOTUS wouldn't take it on. They've proven numerous times that they are willing to take on cases that are deemed controversial."" (read carefully now)",Non-Sarcastic,Non-Sarcastic,Agree,305,51,True,Non-Sarcastic
2686,"Odd. I can't seem to find any racial slurs or racist ideology in those sentences. In fact, I don't see any race or races in general even mentioned. You're just one of those people who thinks you can win a discussion by accusing your opponents of being racist. Sorry simone, but in the real world, people can disagree with your leftist views (which are barely existent) without being racist.",Non-Sarcastic,Non-Sarcastic,Agree,390,69,True,Non-Sarcastic
2687,"oh yeah! i remember you man! welcome back. oh, thethinker may be gone but there's a few whack-jobs who have taken his place.",Sarcastic,Sarcastic,Agree,124,23,True,Sarcastic
2688,"so no one thinks we are headed for a collapse of society as we know it? historically, great, well-run and governed empires always collapsed after a time, usually from corruption from within (most likely for us if it happened), or outside conquest. are we the new golden-age? -mach",Non-Sarcastic,Non-Sarcastic,Agree,280,48,True,Non-Sarcastic
2689,"These ""infants"" do. My mother could have aborted me and she chose to have me.   And if the state decides to keep abortion legal? Then you don't care if these ""gifts from God"" have a chance or not?",Non-Sarcastic,Non-Sarcastic,Agree,196,38,True,Non-Sarcastic
2690,"oh yeah..., how long does it take to walk from one end of the country to the other? ;)",Sarcastic,Sarcastic,Agree,86,19,True,Sarcastic
2692,But you know that this is not what I was saying: We have a basis for comparison.,Non-Sarcastic,Non-Sarcastic,Agree,80,17,True,Non-Sarcastic
2693,I believe it is merely all known living species against those known by the fossil record and extinct. There are undoubtedly more extinct species that we are unaware of than living ones.,Non-Sarcastic,Non-Sarcastic,Agree,185,32,True,Non-Sarcastic
2694,"i'm not playing word games. you said congress doesn't have the power to declare war; how else am i supposed to read that? you meant congress doesn't run the war...you clarified, end of story.",Non-Sarcastic,Non-Sarcastic,Agree,191,34,True,Non-Sarcastic
2695,"ER, you're doing the God complex again. Sandra Fluke might not even use birth control because she may very well be celibate. Only God ... and ER who thinks he's God ... know.",Sarcastic,Sarcastic,Agree,174,33,True,Sarcastic
2696,"Just some interesting information I learned when we went caving a couple years ago (a real cave, not one of the commercialized ones). Bats actually have better eyesite than humans, but even they can't see in pitch black. No eye can.",Non-Sarcastic,Non-Sarcastic,Agree,232,41,True,Non-Sarcastic
2697,"If substantial shouldn't be a percentage, how should it be quantified? How would you determine whether or not their prop 8 efforts were a substantial portion of their activities? And yes, as the law is currently written, it does matter how large the church is. I would suggest that those that don't like it lobby to get it changed.",Non-Sarcastic,Non-Sarcastic,Agree,331,59,True,Non-Sarcastic
2699,"perhaps you should smoke a lot less crack? funny isn't it how the people who say that invariably want a larger government? btw adam smith, aka 'miguel sanchez', is a prominent mexican free market economist and spiritual leader of the latino pride movement, with suspected ties to people smuggling and drug trafficking operations along the californian border. his magnum opus the wealth of mexicans details an insidious plot to bring down racial equality through free market principles, estabilishing a millenium of full spectrum mexican dominance of the american financial, legal and industrial systems. the only barrier to his evil plot? patriotic americans who understand the benefits of government control in all aspects of their lives. i'm surprised someone as educated on such a diverse array of issues as yourself hasn't come across him.",Sarcastic,Sarcastic,Agree,843,133,True,Sarcastic
2701,"If a square is opposite to a circle (and it isn't, by the way), then gas/liquid/solid must be opposites therefore you contain opposites (by your own argument), in that you contain elements that are in these 'opposite' states. It's an argument I raised before, you said they weren't opposites, now you cite non-opposites! Why do you keep refuting previous arguments they YOU have made?",Non-Sarcastic,Non-Sarcastic,Agree,384,64,True,Non-Sarcastic
2702,"Are you saying that without emotional investment in not believing in evolution, evolution makes sense?",Non-Sarcastic,Non-Sarcastic,Agree,102,15,True,Non-Sarcastic
2703,"We're laughing even harder. We don't go to church because of people like you and we're not religious and would rather spend the day ""sinning"" than worshipping something we don't believe in. 
Guess you forgot how God said ""Love thy neighbor""",Sarcastic,Sarcastic,Agree,241,41,True,Sarcastic
2704,"Fossils are evidence, not theory. They can be used in the construction of any theory, including creationism. Whether this is 'just' or not, is another issue. I point this out as many seem confused about evidence, and think that it just points to something without interpretation",Non-Sarcastic,Non-Sarcastic,Agree,278,46,True,Non-Sarcastic
2706,"Because you asked me to quote your lies. I did. Not only can you not find whichever source you claim speaks of birds' infrared vision, you apparently can't find any source that does so. Despite this, you've been whining about how visible and UV camouflage must be moot because of birds IR vision.   And to top it off, rather than admit to your mistaken memory, you're blaming the imaginary source:",Non-Sarcastic,Non-Sarcastic,Agree,397,70,True,Non-Sarcastic
2710,"PROJECTION, again.... I'm amazed you can't recognise the amount you do it.... ",Sarcastic,Sarcastic,Agree,78,12,True,Sarcastic
2712,"Oh deary me, no. Where do I even start?  The bacteria and enzymes in your gut and intestinal tract that digest food are every bit as microscopic, and they thrive on specific compounds, not elements. Sugars and fats are plain old carbon, hydrogen and oxy",Sarcastic,Sarcastic,Agree,253,45,True,Sarcastic
2715,"darling, i'm in the 10th year of my committed relationship. and since i haven't seen anything approaching his perfection, i think not. but thank you, though. i asked the question because enquiring minds want to know...if you have a 'hair stylist', ifn you not gay, then you metro. you don't want the label, then don't divulge that bit of info.",Sarcastic,Sarcastic,Agree,343,60,True,Sarcastic
2717,"So newborn babies only have no Christian beliefs because Satan has removed them?   My position would be that the 'natural' (read:before external influences) state of a person is atheism, for the same reason that you 'naturally' have no belief in gremlins. People aren't born with beliefs, they are naturalised into them - whatever that belief may be.",Non-Sarcastic,Non-Sarcastic,Agree,350,57,True,Non-Sarcastic
2718,If you dont believe that muslims love life they will cut your head right off! Its an easy choice if you ask me.,Sarcastic,Sarcastic,Agree,111,23,True,Sarcastic
2719,So you're a perfect clone of one your parents with zero copying errors? Amazing.,Sarcastic,Sarcastic,Agree,80,14,True,Sarcastic
2720,You yourself said you don't even know what the gun laws in California are. Yet you're saying there you believe they have legitimate tests?,Non-Sarcastic,Non-Sarcastic,Agree,138,24,True,Non-Sarcastic
2721,"Did you notice the word ""tend"" in there?
 
 Humans (in general) are actually very careful about protecting their young. Many organisms just produce a few thousand offspring and leave. Obviously, all of those offspring cannot survive.",Non-Sarcastic,Non-Sarcastic,Agree,235,36,True,Non-Sarcastic
2722,"and what are the choices of the so called 'pro-life' people? suffer through a rape or incest induced pregnancy, die from pregnancy complications without a chance of terminating it, or force women who took proper precautions which failed to go through an unwanted pregnancy while likely losing her job, scholarships, any chance at life, etc. some great choices there emoticonxrolleyes i'd swear the whole group of them have an underlying misogynistic syndrome.",Sarcastic,Sarcastic,Agree,459,72,True,Sarcastic
2723,And i dont really believe in god because he has shown us NO compelling evidence of his existance.,Non-Sarcastic,Non-Sarcastic,Agree,97,18,True,Non-Sarcastic
2725,"oh yes they do i am being denied my rights under the 14th amendment by the state of michigan currently with the state of michigan refusing to acknowledge my iowa marriage licence, while acknowledging other iowa marriage licenses.",Non-Sarcastic,Non-Sarcastic,Agree,229,38,True,Non-Sarcastic
2727,"Well since Bush took office the mantra has bee ""Local Control"" has it not. Apparently the people of your state want whats happening. Local control in action. Rejoice in your victory.",Sarcastic,Sarcastic,Agree,182,31,True,Sarcastic
2729," I know a bit about this myself.  However the difference is that I was allowed to carry a gun under the reasonable man statute. An Armed person truly cannot be bullied! The old saying is. God created man and Samuel Colt made them equal! Old, disabled, female and all, are on an equal footing with these vicious predators!",Non-Sarcastic,Non-Sarcastic,Agree,321,58,True,Non-Sarcastic
2732,The anti-abortionists claim that would be killing a human life to save one.,Non-Sarcastic,Non-Sarcastic,Agree,75,13,True,Non-Sarcastic
2733,i love how you managed to make a counter-troll sound like a serious reply :),Sarcastic,Sarcastic,Agree,76,15,True,Sarcastic
2734,"you ever see those plympton cartoons? where someone's head blows up like a balloon, and their eyes pop out, and then their head collapses in on itself until it looks like a burnt match stick? that's what your post just did to me. it was a fascinating mental experience; so thanks for that, anyway.",Sarcastic,Sarcastic,Agree,297,54,True,Sarcastic
2735,"Well by the Flood, I assume you are refering to the description given in Genesis?  Fossils we find today have been attributed to a remarkable variety of environmental settings that allowed them to be preserved. Also, you seem to be refering to the prese",Non-Sarcastic,Non-Sarcastic,Agree,253,44,True,Non-Sarcastic
2736,And I maintain that your belief is dangerous to America and people like you should be deported to less civilized countries so you can truly appreciate what you had.,Non-Sarcastic,Non-Sarcastic,Agree,164,29,True,Non-Sarcastic
2737,Your adversaries appreciate it greatly. Which part of the parades do you suppose they focus on to demonize you?,Non-Sarcastic,Non-Sarcastic,Agree,111,19,True,Non-Sarcastic
2738,"Well, there is a little more to it than that, but agreed.",Non-Sarcastic,Non-Sarcastic,Agree,57,12,True,Non-Sarcastic
2741,But the sea and sky are the same regardless. I would say the sailor conceives the information with language. He infers the information with language.,Non-Sarcastic,Non-Sarcastic,Agree,149,25,True,Non-Sarcastic
2742,"There are no objective reasons to condemn gays. Marriage is not a matter of state and so it is meaningless to argue whether a state should recognize it.My advocating of perfect liberty allows no contradictions or exceptions, believe me I have lost alot of support from conservatives for this, perhaps even gays if one really applied it to all extremes.",Non-Sarcastic,Non-Sarcastic,Agree,352,60,True,Non-Sarcastic
2743,"Well, kind of a boring thread, since everyone agrees, but since I'm new here, I may as well weigh in. Hubby and I have three grown kids and one teen. The grown ones all got the same going-to-college gifts. They got a safe car, a laptop, an emergency credit card, and a personal firearm. I felt this especially important for our daughters.",Non-Sarcastic,Non-Sarcastic,Agree,338,62,True,Non-Sarcastic
2746,"yea man Canada is in God's sights right now... and has been for 5 years.
Denmark is totally fked. 21 years! God is pssed.",Sarcastic,Sarcastic,Agree,122,24,True,Sarcastic
2747,"What possibly makes you think I'm an anti-Christian? All I've done is opposed your attacks on Islam based on the beliefs of some Muslims: in fact, in doing so I'm implicitly defending your religion from tencommandments.com and the like.As for Beale: He IS a Christian.Sheesh, whenever you disagree with someone round here they assume you're diametrically opposed to them. Simone thinks I'm a reincarnation of the Church Fathers and need to return to my cathedral. You think I'm some sort of hardline atheist, or worse, Muslim.",Non-Sarcastic,Non-Sarcastic,Agree,526,86,True,Non-Sarcastic
2748,wow! i am soooooooo amazed by your come back skills... another epic fail!,Sarcastic,Sarcastic,Agree,73,13,True,Sarcastic
2750,"can you deny anything i said with any accuracy? i posted the actual form 990. i can post it for the ada as well. you are talking to an accountant that deals only with government, non-profit, and charities all the time. good luck trying to convince me you are right and i'm not.",Non-Sarcastic,Non-Sarcastic,Agree,277,53,True,Non-Sarcastic
2754,"I'm sure Jebbo has no alterior motive in this at all emoticonXClown 
No, really he doesn'temoticonXConfused 
Honestly emoticonXDonno 
Please stop smirking emoticonXBye",Sarcastic,Sarcastic,Agree,170,22,True,Sarcastic
2755,"You know what, since simple contradiction without reason while ignoring any responses seems to be good enough for you evolutionist I will simply save my words.
 
 Evolution does not explain the advancement of life.
 
 OHH AHH, beat that one.",Sarcastic,Sarcastic,Agree,245,39,True,Sarcastic
2760,"Having human DNA does not necessarily make one a human being. Transgenic animals can have human DNA, does that make them human beings.",Non-Sarcastic,Non-Sarcastic,Agree,134,23,True,Non-Sarcastic
2762,"""Black Walnut...""?
What we have in the White House is an admitted crack smoking pothead. You like that, though, I know.",Sarcastic,Sarcastic,Agree,120,21,True,Sarcastic
2764,So what are some examples of restrictive gun laws in South Africa? The people in South Africa think their gun laws are not strict enough.  In one of your previous posts you seem determined to use South Africa as evidence that outlawing guns doesn't work.,Non-Sarcastic,Non-Sarcastic,Agree,254,45,True,Non-Sarcastic
2765,Do you actually have any idea how science works? Why are you not embarrassed for creationism?,Sarcastic,Sarcastic,Agree,93,16,True,Sarcastic
2767,"Did you notice how what I was responding to was said? I didn't think so. Your tunnel vision is showing again. 
",Sarcastic,Sarcastic,Agree,112,21,True,Sarcastic
2768,"It won't. I'd think any responsible parent with a teen under the age of 18 who has a sound relationship with that teen would discuss the possibility of her becoming sexually active (a normal function in spite of some puritan attitudes) and offer simple avoidance of possible pregnancy and abortion. Like vehicle insurance she may never need it, but going without either one is plain stupid.",Non-Sarcastic,Non-Sarcastic,Agree,390,66,True,Non-Sarcastic
2772,And you're a poor replacement for that koolaid-drinking Seer Travis.,Sarcastic,Sarcastic,Agree,68,10,True,Sarcastic
2773,I see. So you can't give an example of a dinosaur being dated with carbon 14. None of us thought you could.,Sarcastic,Sarcastic,Agree,107,22,True,Sarcastic
2774,"Well, again, the best resource I could think of is wikipedia, just do a few searches there (I suggest starting with ""Human evolution"") and I'm sure most of your questions will be answered. Bear in mind though that even this will only give you a basic overview. If you really want to go in depth, take a college course on evolution. Another good site would be TalkOrigins Archive: Exploring the Creation/Evolution Controversy",Non-Sarcastic,Non-Sarcastic,Agree,424,72,True,Non-Sarcastic
2775,"And you've never hesitated to make it sound like we want to do away with law, when in fact, we're just pointing out that criminals won't follow them if they're passed.",Non-Sarcastic,Non-Sarcastic,Agree,167,31,True,Non-Sarcastic
2776,"Sorry but I don't read your posts, do you think I worship your word or something?
",Sarcastic,Sarcastic,Agree,83,16,True,Sarcastic
2777,"You can take a horse to water. I provided evidence to support my assertion. You provided ............ ""Oh no it isn't!""",Sarcastic,Sarcastic,Agree,119,21,True,Sarcastic
2778,Actually the bible is silent concerning abortion which is odd considering it was highly outlawed by surrounding nations.The bible is very clear concerning the value of a fetus as opposed to an actual soulish being(mother) though.,Non-Sarcastic,Non-Sarcastic,Agree,229,36,True,Non-Sarcastic
2779,"So lemme get this straight. Terrorist agents, who have access to missile launchers, grenades, grenade launchers, heavy machine guns, and anti-aircraft cannons, all of which come from all other nations in the world...are going through the hassle of coming to America, procuring forged documentation, and buying civilian legal firearms that no army in the world has ever adopted as their main battle weapons?   Did you eat lead paint as a kid? Because nobody in full possession of their mental facilities could possibly believe this.",Sarcastic,Sarcastic,Agree,531,84,True,Sarcastic
2780,"we could make this a little contest i suppose and see who gets the most right. for the primary categories anyway. picture, acting, directing, writing, any others? also definitely say what you think will, and what you think should.",Non-Sarcastic,Non-Sarcastic,Agree,230,39,True,Non-Sarcastic
2782,"Don't you think this would fit the 'Creationism is nothing but lie's thread a bit better? Although I notice The Skeptic making disparaging remarks about your examples, it seems he attacks you more than deal with the well documented   examples you have.",Non-Sarcastic,Non-Sarcastic,Agree,252,42,True,Non-Sarcastic
2783,"Actually, I pulled the number out of the air for illustrative purposes only, but after reading the CBO report, I see that I wasn't far off. They predicted 600,000 gay couples would want to get married it allowed.",Non-Sarcastic,Non-Sarcastic,Agree,212,38,True,Non-Sarcastic
2784,"reckon you'll get an education in time that turning your back on jesus christ wasn't one of your better moves. there's still time to come to your senses, though.",Non-Sarcastic,Non-Sarcastic,Agree,161,29,True,Non-Sarcastic
2785,"Apart from the 'horizontally instead of vertically' part which I didn't understand - we're a hundred or so years too late, unfortunately. You might as well ask for an example of a book or website on cosmology that 'admits' the sun may just be a big ball of fire pushed by a scarab beetle, and not a nuclear furnace about which the earth orbits. There comes a point where continuing to seriously 'consider' a viewpoint becomes a waste of time and resources, because sufficient testing has been done and evidence recovered to discount it. We may one day encounter evidence that completely overturns the whole applecart, but so far it hasn't happened.",Non-Sarcastic,Non-Sarcastic,Agree,648,112,True,Non-Sarcastic
2786,"NOPE! THE RIGHTS OF THE PEOPLE ARE RETAINED BY THE PEOPLE.
This is really difficult for you isn't it?",Sarcastic,Sarcastic,Agree,102,19,True,Sarcastic
2787,I don't find it surprising. It's probably a strategic sacrifice on their part rather than a change in their personal views . They don't want to lose votes and possible support from gun owners for their priorities like health care reform because of a difference of opinion on gun control policy. They know that the Republicans are going to hit them with everything they've got during election time and exaggerated accusations about the Democrats wanting to take away people's guns would hurt them. The Republicans learned during the Clinton years that creating as much as paranoia as possible about the Democrats supporting big government is the way to regain a majority in Congress. It's all politics.,Non-Sarcastic,Non-Sarcastic,Agree,701,116,True,Non-Sarcastic
2788,"As Arthur Jones described in the copy/paste in my first post, there are benefits. You have not addressed what it said.",Non-Sarcastic,Non-Sarcastic,Agree,118,21,True,Non-Sarcastic
2790,"I believe that you forgot a ""smiley"" after that statement. Otherwise, we would have to assume that you swim in the shallow end of the pool. :)",Sarcastic,Sarcastic,Agree,142,27,True,Sarcastic
2791,"I'm not trying to participate in gang debate, but well..The population of ""people with heart trouble"" would only be in jeopardy if the heart trouble made it more difficult to reproduce. If reproduction is not hindered then there is much less chance of dying off.",Non-Sarcastic,Non-Sarcastic,Agree,262,45,True,Non-Sarcastic
2797,You'll never have that problem comic relief. You'll always be young mentally.,Sarcastic,Sarcastic,Agree,77,12,True,Sarcastic
2798,"For years I've tried to get one of our resident gay members to debate me on that fact. To date, no takers. Want to step up?",Non-Sarcastic,Non-Sarcastic,Agree,123,26,True,Non-Sarcastic
2799,"I can't believe that you would attempt to make such an insane assertion. Clearly, God was speaking about homosexual sex, but I'm not surprised that you left out the most unambiguous scriptural references. emoticonXRolleyes",Sarcastic,Sarcastic,Agree,222,34,True,Sarcastic
2801,"Well, that's your own strong bias speaking. Many of the courts and scholars have disagreed with you.",Non-Sarcastic,Non-Sarcastic,Agree,100,17,True,Non-Sarcastic
2803,"So was I. I did say I was playing devil's advocate. As far as I'm concerned, Tiktaalik is a triumph of scientific deduction.",Non-Sarcastic,Non-Sarcastic,Agree,124,23,True,Non-Sarcastic
2804,"You can check the statistical relationship between dozens of variables, not the effects of them.For example if I correlated left hand strength with right hand strength across a billion individuals I would probably find a correlation of about 0.93, however this relationship is not causal, cutting off one hand will not result in a 90% strength reduction in the other.Correlational studies like this one can not determine cause and effect.",Non-Sarcastic,Non-Sarcastic,Agree,438,70,True,Non-Sarcastic
2805,Find me a mass shooting in Utah where concealed carry on campus is legal.,Sarcastic,Sarcastic,Agree,73,14,True,Sarcastic
2806,"1. you're kidding, right? have you never watched c-span and listened to congressional inquiries? it's all q&a;and fact driven. 2. you have the chance to clear that up (about your denials) yourself.",Sarcastic,Sarcastic,Agree,197,32,True,Sarcastic
2807,"this is totally false. the laws of logic being absolute does nothing to support a case for god. in fact, everything the bible tells us about god's nature indicates that god is illogical, unpredictable, unreliable and irreplicable. this is totally the opposite of logic",Non-Sarcastic,Non-Sarcastic,Agree,268,44,True,Non-Sarcastic
2808,"At your service:ComparisonI could've just circled the whole thing, but this makes it clearer. Plus it's overall body shape is ""fatter""",Non-Sarcastic,Non-Sarcastic,Agree,134,21,True,Non-Sarcastic
2810,I hope I have already begun to change your mind.,Non-Sarcastic,Non-Sarcastic,Agree,48,10,True,Non-Sarcastic
2812,"Really? Why? Bacteria don't need to see to exist. They don't depend on light to live. In fact, bacteria thrive in dark, moist areas. Why would natural selection determine this ability as being advantageous? If populations of bacteria with the ability to s",Non-Sarcastic,Non-Sarcastic,Agree,255,43,True,Non-Sarcastic
2813,"That's an interesting subject, I had not heard of that b4. Did our bodies once produce Vitamin C?.",Non-Sarcastic,Non-Sarcastic,Agree,98,18,True,Non-Sarcastic
2817,"What is conveniently missing from your response? An explanation of why a limit on the number of guns that can be purchased during a certain time period is not a law which imposes ""conditions and qualifications on the commercial sale of arms"" per Heller. If the punishment does not fit the crime it does not necessarily follow that the crime is Constitutionally protected. Executing someone for shoplifting would be unjustifiable. However, that does not mean that there is a Constitutional right to shoplift.",Non-Sarcastic,Non-Sarcastic,Agree,507,83,True,Non-Sarcastic
2819,"Well, I would call it a formalized set of rules and procedures for evaluating the validity of propositions. How does that relate to a dogma with a higher refresh rate?????",Sarcastic,Sarcastic,Agree,171,30,True,Sarcastic
2820,"what if it's got nothing to with bigotry? what if, like religion, it takes absolute proof in order to be believed? i think that's what it's going to take. don't you?",Non-Sarcastic,Non-Sarcastic,Agree,165,31,True,Non-Sarcastic
2823,And you are only trying to earn yourself brownie points in hell.,Sarcastic,Sarcastic,Agree,64,12,True,Sarcastic
2824,"You're debating something that is no longer an option. You're arguing on the grounds of debunked precedent, as if the previous interpretations of the Second Amendment are somehow still viable. Well they aren't anymore, arguing old standing is no longer going to be an option for you or anyone else. All of your previous arguments have been eliminated from the equation. It's time to either evolve to meet the changing landscape, or go extinct like the dinosaurs.",Non-Sarcastic,Non-Sarcastic,Agree,462,77,True,Non-Sarcastic
2825,We don't live on carbon dioxide. We live from the energy stored in carbon compounds when we break them down.,Non-Sarcastic,Non-Sarcastic,Agree,108,20,True,Non-Sarcastic
2831,"So what are you claiming now? That all this time that Rosie was making fun of the Chinese, she's actually been Chinese all the while? Because that's the only legitimate way you could draw a parallel with those people who are hypocritically attacking gays while being gay themselves.",Sarcastic,Sarcastic,Agree,282,48,True,Sarcastic
2832,"This is not my problem. As I explained above, I just have to show inconsistency in order to reject the validity of all the claims in the Bible as being undeniable truth. And with the Bible, that's damn easy to do. ",Non-Sarcastic,Non-Sarcastic,Agree,214,41,True,Non-Sarcastic
2837,where did jesus get his magic powers from? btw if angels could do the baby mama drama before the flood then god can too.,Sarcastic,Sarcastic,Agree,120,24,True,Sarcastic
2838,"Your right, this is not complete free will. But as I mentioned before, if you give yourself free will, then you are saying God has no control over you or your actions -- and therefore he is not God anymore.",Non-Sarcastic,Non-Sarcastic,Agree,206,40,True,Non-Sarcastic
2839,Only in the mind of a secular humanist atheist would it make sense. emoticonXGood,Sarcastic,Sarcastic,Agree,81,14,True,Sarcastic
2841,And where exactly did you hear this? I find it hard to believe a governent that couldn't keep an affair or a low-level break-in under wraps could keep something like that secret................. Also if it is true and among alliance forces why do you blame solely the US?,Non-Sarcastic,Non-Sarcastic,Agree,271,48,True,Non-Sarcastic
2847,"This should be in the science section, not the CvE section. Don't give SS any more reason to believe that the big bang is part of biology.",Non-Sarcastic,Non-Sarcastic,Agree,138,27,True,Non-Sarcastic
2850,"And what is the full quote? Was it talking about, lets say for example, tutles, where over 90 percent of them die before reaching adulthood?  In many species, that is true. The 'rule of thumb' is that the more individuals do not reach adulthood, the mor",Non-Sarcastic,Non-Sarcastic,Agree,253,46,True,Non-Sarcastic
2853,why couldn't houdini just leave the occultists alone and stick to magic tricks? it's not hawking's job to make allowances for the possible benefits of snake oil.,Sarcastic,Sarcastic,Agree,161,27,True,Sarcastic
2854,matthew dearie you really need to stop whining about your deviant position not being considered the norm or even recognized by the norm. some people in life are just gonna be wrong no matter what and currently you're it.,Sarcastic,Sarcastic,Agree,220,39,True,Sarcastic
2855,"wow. someone just thumbsed this down. amazing rebuttal, simply amazing.",Sarcastic,Sarcastic,Agree,71,10,True,Sarcastic
2856,"Your knowledge of history is frightening. We saw how well Sarbane-Oxley, the most far-reaching intrusion into corporate America since FDR, prevented our recent crash. A crash that was precipitated by Clinton's edict to Fannie Mae and Freddie Mac to loosen up the purse strings so deadbeats could get mortgages.",Sarcastic,Sarcastic,Agree,310,49,True,Sarcastic
2860,"And if you rewind a little over 40 years, the exact same thing could be said about interracial marriage.Archie's reply is a non-argument, and false at that.Multiple other groups state discrimination in marriage, but there are LEGITIMATE STATE INTERESTS prohibiting their marriage.Little things like child rape, lack of consent, and other issues.",Non-Sarcastic,Non-Sarcastic,Agree,345,52,True,Non-Sarcastic
2862,"Good- we were tired of you not responding or saying, ""it isn't worth my time.""",Sarcastic,Sarcastic,Agree,78,15,True,Sarcastic
2863,A government that respects people's liberties is far worse than one that imposes the majority's version of morality on a resistant and dissident minority?Humbug! You only say that because you believe you are in a majority on equal rights for gay Americans.,Sarcastic,Sarcastic,Agree,256,42,True,Sarcastic
2867,"You mean my dog 'CIgarette'??
I took him out for a drag.",Sarcastic,Sarcastic,Agree,57,12,True,Sarcastic
2868,Appears a lot of sensible folks are investing in their 401G and 401A plans ;),Sarcastic,Sarcastic,Agree,77,15,True,Sarcastic
2869,Please define complexity. Please define information. Both definitions should be relevant to biology.,Non-Sarcastic,Non-Sarcastic,Agree,100,13,True,Non-Sarcastic
2870,"Really? Is it of the flesh eating variety that is resistant to all but the strongest antibiotics? Because if so, then that is big news.",Sarcastic,Sarcastic,Agree,135,25,True,Sarcastic
2872,"Yes but its like sharks when there is blood in the water. Plus I at least do this for fun and why should I not get in my own ideas and have my fun with creationists. They are getting pretty rare you know. Can't let those other rationalists keep them all to themselves. emoticonXAgree 
",Non-Sarcastic,Non-Sarcastic,Agree,286,54,True,Non-Sarcastic
2874,"You know they are having a fit,and when everyone see's the streets aren't running red maybe more states will pick it up and follow.",Sarcastic,Sarcastic,Agree,131,24,True,Sarcastic
2875,is it only the spiritually blind that can see guys like this for what they really are? rip preacher.,Sarcastic,Sarcastic,Agree,100,19,True,Sarcastic
2876,"Why would I want lies , deceptions and superstition? I mean, if believing in Jesus makes people act like you, NO THANKS",Sarcastic,Sarcastic,Agree,119,22,True,Sarcastic
2877,This makes more sense then anything else I've heard on this thread.,Non-Sarcastic,Non-Sarcastic,Agree,67,12,True,Non-Sarcastic
2878,i am a fan! do you think courtney had anything to do with his death?  just curious what other people think about that theory.,Non-Sarcastic,Non-Sarcastic,Agree,125,24,True,Non-Sarcastic
2879,And the wonders all around us show us how. . .,Non-Sarcastic,Non-Sarcastic,Agree,46,11,True,Non-Sarcastic
2881,"Oh, yea. You are damn right those European socialists are dangerous. Americans might look and see their governments actually doing something USEFUL for the people and think that we should have that here.  I am surprised we have not nuked them yet. ",Sarcastic,Sarcastic,Agree,248,42,True,Sarcastic
2882,Would it be the lawless Cardinal Law officiating at one of the funerary masses for JPII and otherwise serving in a prominent role in all the pomp and circumstance surrounding the pope's death?,Sarcastic,Sarcastic,Agree,192,33,True,Sarcastic
2883,And so have animals. Plants have been wiped out in the great extinctions too. [quote]Carbon dioxide producing animals could even feed themselves with their own breathe![/quot] Huh? You produce carbon dioxide. How do you propose to feed yourself with tha,Sarcastic,Sarcastic,Agree,253,40,True,Sarcastic
2884,"why am i not surprised at your lack of a response to my point? why am i not surprised that you're supplying no evidence? and there are millions of bedrooms with people gettin' busy inside, too. can we rail against those as well? in bed, with their partners. you're married and you still don't know where this generally happens?",Sarcastic,Sarcastic,Agree,327,59,True,Sarcastic
2885,Yea right you are likely to know. Stick with the enema hotline.,Sarcastic,Sarcastic,Agree,63,12,True,Sarcastic
2886,"Wow, little snippy, aren't we? Do you have a family member who is a cop or something? I realise your tastes run to logic free emotional rhetoric, excluding all relevant fact or history. You are more than welcome to that approach to things. Personally, I have always found you get a much better read on things if you can completlely isolate your thought processes from emotion and try to absorb a little reality before forming opinions or any issue.",Sarcastic,Sarcastic,Agree,448,79,True,Sarcastic
2889,And you just did what you chastise me for in your next sentence,Sarcastic,Sarcastic,Agree,63,13,True,Sarcastic
2890,who would grant anyone the right?the UN? ha!don't make me laugh. the UN only repesent the interests of individual member nations and not the interests of humanity or any particular people ,Sarcastic,Sarcastic,Agree,188,31,True,Sarcastic
2891,On what grounds do you seek to redefine the institution of marriage from it's accepted standard in this country?,Non-Sarcastic,Non-Sarcastic,Agree,112,19,True,Non-Sarcastic
2892,"You either did not read my post thoroughly, or are intentional misrepresenting me. Post 250 (which I had actually read before starting this thread) is nothing but DamEtel rambling about homologies between vertebrae embryos. That has absolutely nothing to do with the unexplained homologies that the Denton talks about. Evolution simply cannot, reasonably speaking, account for the homology between your arm and leg, among other examples.",Non-Sarcastic,Non-Sarcastic,Agree,437,66,True,Non-Sarcastic
2893,"Again: No, but I like to think they have! Im assuming you refer to council tax which is meant to be for community services like rubbish collection, fire protection etc... I agree I dont think we get value for money, but this isnt a tax on actually owning property. You pay it if you rent!",Non-Sarcastic,Non-Sarcastic,Agree,288,55,True,Non-Sarcastic
2894,Why would I worry about a book of myths and fairy tales?,Sarcastic,Sarcastic,Agree,56,12,True,Sarcastic
2895,"It truly is sad when an opponent is friendlier than an ally, Mega. At least Ian responded in a friendly way, and me and him don't even agree on this issue.",Non-Sarcastic,Non-Sarcastic,Agree,155,31,True,Non-Sarcastic
2896,"The catholic church doesn't believe in the death penalty.
Huh. Funny how facts get in the way of your arguments eh?",Sarcastic,Sarcastic,Agree,116,21,True,Sarcastic
2897,"Nothing. ""T. Kennedy"" is an alias of a known terrorist.",Non-Sarcastic,Non-Sarcastic,Agree,55,10,True,Non-Sarcastic
2898,"Wrong. Crocs, more accurately primitive crocs lived with dinosaurs. Modern crocs did not. Crocs came about 200 million years ago, Alligators much much later.",Non-Sarcastic,Non-Sarcastic,Agree,157,24,True,Non-Sarcastic
2899,"Here come the Christians, thinking they can know everything by guessing, and commiting the genetic fallacy left and right.",Sarcastic,Sarcastic,Agree,122,19,True,Sarcastic
2901,and gun nuts say f*** the children when we have to decide between saving guns and childrens lives,Sarcastic,Sarcastic,Agree,97,18,True,Sarcastic
2903,I don't that it's selfish so much as self-interested. There is a difference. Most people want to live a long life. Is this selfish? The idea of an after life is merely an extension of this same idea.Why do you think belief in an afterlife leads to contempt for society?,Non-Sarcastic,Non-Sarcastic,Agree,269,50,True,Non-Sarcastic
2905,And what does Marc do?   Try to change the subject.,Non-Sarcastic,Non-Sarcastic,Agree,51,10,True,Non-Sarcastic
2909,"I have no idea what this could possibly mean. It makes no sense, semantically or logically. It is so vague as a concept as to be worthless in terms of the pursuit of knowledge.",Non-Sarcastic,Non-Sarcastic,Agree,176,34,True,Non-Sarcastic
2910,"So, you have no problem with the fact that this is abortion and was caused by god?",Non-Sarcastic,Non-Sarcastic,Agree,82,17,True,Non-Sarcastic
2912,thugs ?? i thought one of them was an actor ? oh wait ... i guess that would be plausable today!,Sarcastic,Sarcastic,Agree,96,21,True,Sarcastic
2915,"No, everyone should have those regardless of marriage. You're the one here who seems to think straight and gay marriage should be a litmus test for those things.",Non-Sarcastic,Non-Sarcastic,Agree,161,28,True,Non-Sarcastic
2917,"Our emphasis on Police and crime fighting reduced crime. Not gun control!
 
 Our murder rate is largely an Inner City drug and drug gang related problem. Fix that and then you will finally be doing something!",Non-Sarcastic,Non-Sarcastic,Agree,210,36,True,Non-Sarcastic
2918,"Oh, if we only had the requisite absolute civilian gun bans, sick things like this would never happen! Huh Brady?",Sarcastic,Sarcastic,Agree,113,20,True,Sarcastic
2920,"And, are ""birth"" parents obligated to the welfare of a zygote, an embryo, a fetus, do the zygotes, embryos, fetuses own ""birth"" parents?",Non-Sarcastic,Non-Sarcastic,Agree,136,23,True,Non-Sarcastic
2926,"well heck, if lifeforms cannot realistically be strung together by small, gradual, materialist increments (which they can't and there is no evidence for) then the only alternative is special creation.",Sarcastic,Sarcastic,Agree,200,30,True,Sarcastic
2930,"What exactly are the age ranges of these ""children"" in the news stories?",Non-Sarcastic,Non-Sarcastic,Agree,72,13,True,Non-Sarcastic
2933,"I'm sure the racist white segregationists after Plessey thought exactly as you do now, ""That settles the matter.""Little Louise Brown had a big SURPRISE!!! for them.You still have not walked upon the thin ice of the ""well regulated"" wording, we note.",Sarcastic,Sarcastic,Agree,249,41,True,Sarcastic
2934,"Yep, definitely flaky.
He offers something for which he can offer no evidence as being the 'absolute truth'. Delusional.
He's like Cadbury's Fruit and Nut (but with out the chocolate or raisins).",Non-Sarcastic,Non-Sarcastic,Agree,197,32,True,Non-Sarcastic
2936,oh yeah. that is the one up-side of it. bleh! :p,Sarcastic,Sarcastic,Agree,48,11,True,Sarcastic
2937,how many light bulbs does it take to screw in a light bulb? ponder that and call me in the morning.,Non-Sarcastic,Non-Sarcastic,Agree,99,21,True,Non-Sarcastic
2938,"And who is the 'WE' that we trust? The scientists or the theologians, who disagree with each other?   I am curious for it on my own account.. and not willing just to accept someone's authority saying it happened one way or another.",Non-Sarcastic,Non-Sarcastic,Agree,231,42,True,Non-Sarcastic
2939,********. Utter fraking ****. Scientists have already accumulated mounds of evidence which suggest the common ancestor. You choose to ignore it as do most scientifically ignorant christians.,Sarcastic,Sarcastic,Agree,190,27,True,Sarcastic
2942,"Oooh, thanks for the quotes! This is proof enough to show that gun control is not a ""modern-day issue"", as Ian has claimed.",Sarcastic,Sarcastic,Agree,123,23,True,Sarcastic
2943,"Ok, so you utterly missed the whole religion vs. faith part of the discussion, got it.
",Non-Sarcastic,Non-Sarcastic,Agree,88,16,True,Non-Sarcastic
2945,"really? i think war is one of those things the world absolutely learns nothing from. i mean, we're still fighting, so what exactly are we learning? to use a better and bigger gun? to make more disguisable spy planes? to train the military men more efficiently? wow. but in the end, does it all ever really solve anything? not in my opinion.",Sarcastic,Sarcastic,Agree,340,62,True,Sarcastic
2948,"The whole ""change the definition of marriage"" is mainly a scare tactic used by anti-gay religious bigots. They don't seem to realize that words can have several meanings.",Non-Sarcastic,Non-Sarcastic,Agree,170,28,True,Non-Sarcastic
2949,What is the point of this comment? I consistently see it brought up by people of a certain political persuasion. How is this a slam against Obama? Can anyone name a recent president who didn't regularily use a teleprompter? And yet somehow the fact that Obama uses one is a sign of his ineptitude? How?,Non-Sarcastic,Non-Sarcastic,Agree,302,55,True,Non-Sarcastic
2953,What Is a Human Person and Who Counts as a Human Person?: A Crucial Question for Bioethics by Prof. William E. May  There is also an extremely academic school of thought which views the human person in terms of the ego in all its derivations. I cannot h,Non-Sarcastic,Non-Sarcastic,Agree,253,48,True,Non-Sarcastic
2955,"That's true, fracas. However, this thread is predicated on the idea that a large proportion of Spaniards oppose gay marriage, and it will not be allowed in Spain as a result. This premise has been demonstrated to be patently false.",Non-Sarcastic,Non-Sarcastic,Agree,231,40,True,Non-Sarcastic
2957,You haven't got a point. You're so far from having a point that you make completely blunt things look dangerously pointy.   People who believe the Genesis account of creation are barkingly delusional and nobody else has any duty to humour them in any way with the possible exception of preventing them from harming themselves on pointy things.,Sarcastic,Sarcastic,Agree,343,57,True,Sarcastic
2958,"Mmm, you have systematically ignored everyone who has disagreed with you; dismissing their disagreement as white privilege (I guess just hoping they were white much less thought they were privileged) and now... their bitter?",Sarcastic,Sarcastic,Agree,224,34,True,Sarcastic
2960,"I think that getting your tubes tied is a responsible act. I was just inquiring about the motive for doing so. Too bad more women (and men) don't share your level of responsibility. If they did, we wouldn't need to debate the ""need"" for abortions. emotico",Sarcastic,Sarcastic,Agree,255,46,True,Sarcastic
2961,"So the Romans nailed anyone up that organised the community!
Did you get that from the film 'Life of Brian'?",Sarcastic,Sarcastic,Agree,109,20,True,Sarcastic
2965,"libertarianism emphasises freedom of the individual, and limited government. a stereotypical libertarian view would be for the legalisation of prostitution. that's why i am surprised.",Non-Sarcastic,Non-Sarcastic,Agree,183,25,True,Non-Sarcastic
2966,"And would guns in the hands of citizens have stopped that? Or does publicity, which has only increased since those events, stop them? Your selective reading ability is at work.",Sarcastic,Sarcastic,Agree,176,30,True,Sarcastic
2970,"Is there a defined number of posts he could make in the other threads so that you would consider them ""finished""?",Non-Sarcastic,Non-Sarcastic,Agree,113,21,True,Non-Sarcastic
2971,"This joke is based on some reality, ""the conquest of the North Pole is traditionally credited to Anglo-American Navy engineer Robert Edwin Peary, who claimed to have reached the Pole on April 6, 1909.   Anyhow, not all jokes are completely true, how many stand up comedians have you heard??? If you were to nit pick every joke out there (being politicaly correct etc) there would be no jokes left!",Non-Sarcastic,Non-Sarcastic,Agree,397,69,True,Non-Sarcastic
2972,"What's your point? Of course they will be bound by Heller just as the courts are bound by Roe v. Wade. That point wasn't in dispute. As long as you're talking about 19th Century Second Amendment case law, I like The State v. Buzzard (1842).",Non-Sarcastic,Non-Sarcastic,Agree,240,45,True,Non-Sarcastic
2973,"i'm surprised to learn that you have the slightest idea about biology. also, your spelling and grammar is ever so much better in this post than your posts in another thread. how many of you are pretending to be a poster named vt?",Sarcastic,Sarcastic,Agree,229,43,True,Sarcastic
2975,"Just like we waited until after society decided how it would view civil rights for blacks?   No one is forcing you to debate the constitutional issues. If you don't wish to, fine; don't. I seriously doubt if anyone would miss your input.",Sarcastic,Sarcastic,Agree,237,42,True,Sarcastic
2976,Ever see someone try to kill you?that can causes paranoia also.emoticonXRolleyes,Sarcastic,Sarcastic,Agree,80,11,True,Sarcastic
2977,"I agree, that is one very important question the article does not address. I've not been able to Google any answer either; perhaps it is something that is undisclosed.",Non-Sarcastic,Non-Sarcastic,Agree,167,29,True,Non-Sarcastic
2978,"that's true i suppose; usually someone makes the plan for them, so i guess i get points for my own initiative, heh",Sarcastic,Sarcastic,Agree,114,22,True,Sarcastic
2981,"before we go to far, what is a WMD? the defination is a little inexact.",Non-Sarcastic,Non-Sarcastic,Agree,71,15,True,Non-Sarcastic
2983,"You forgot about the youth recruitment efforts as well. I am president of the local chapter of ""Get 'Em While They're Young."" Our mission (agenda, if you will) is to recruit and convert the kids in an effort to increase the prevalence of homosexuality to 20% by 2015, then 51% by mid-century when we will have total control, muahahahahaha!!!",Sarcastic,Sarcastic,Agree,341,59,True,Sarcastic
2984,"You would fail to see it. I guess you don't watch enough TV. 
",Non-Sarcastic,Non-Sarcastic,Agree,63,13,True,Non-Sarcastic
2989,"Three pages of ""facts"" without a source? ROTFLMAO*Notice your own source says ""only 6,000 documents were released. Is that a lie? emoticonXGoodBooooosh did it, it is all his fault:Articles: Project Gunrunner Wasn't Fast and Furious by Any Means",Sarcastic,Sarcastic,Agree,244,38,True,Sarcastic
2994,"That's the standard dance. Victor Stenger didn't say it that way. On the back of his book, one review puts it this way;",Non-Sarcastic,Non-Sarcastic,Agree,119,23,True,Non-Sarcastic
2995,"Well then maybe you can prove it somehow. California has all these laws you support, and even more than that. So if they have these laws on the books and have had them for a while now, and if they're effective at fighting crime, then you must surely have evidence of some sort to prove your case.",Non-Sarcastic,Non-Sarcastic,Agree,296,57,True,Non-Sarcastic
2996,"really? congress shall make no law respecting an establishment of religion, or prohibiting the free exercise thereof; sounds like a requirement to be neutral to me. it could be rephrased: 'don't meddle with religion! do not regulate. neither promote nor inhibit.' why would anyone have a problem with this? and we both know that the limitation of government regulate of rights and liberties is read today, thanks to the 14th amendment, as applying to all legislative authorities in the us, not just congress. no state legislature can establish a state religion either.",Sarcastic,Sarcastic,Agree,568,92,True,Sarcastic
3002,"Obsession, EZ. You're obviously obsessed with gays and gay sex. Your posts say a lot about you.",Sarcastic,Sarcastic,Agree,95,17,True,Sarcastic
3003,"No. The pot should not have rights. You, however, should stop dropping acid :)",Sarcastic,Sarcastic,Agree,78,14,True,Sarcastic
3006,And yet it's usually the liberal democrats who are in favor of murdering innocent children...,Sarcastic,Sarcastic,Agree,93,15,True,Sarcastic
3007,And that is why they are referred to as creationists and not merely as christians. They are only a small subset of the huge christian population.,Non-Sarcastic,Non-Sarcastic,Agree,145,26,True,Non-Sarcastic
3008,"I actually laughed out loud at that one!
Imagine how gay black people such as myself should feel. Maybe I should just lie down and call myself sidewalk.",Sarcastic,Sarcastic,Agree,153,28,True,Sarcastic
3009,"If we could rub a brass lamp, make three wishes and fix our energy problems immediately, I'd agree with you. But since we live in the REAL WORLD, we must become OIL INDEPENDENT while we are perfecting and building an infrastructure of renewable energy sources.",Sarcastic,Sarcastic,Agree,260,45,True,Sarcastic
3010,"How do you explain the change of appearance of the animals over time, as recorded by fossils?",Non-Sarcastic,Non-Sarcastic,Agree,93,17,True,Non-Sarcastic
3011,"Thats nice...Care to make an argument, or are you just op-eding my viewpoints?",Sarcastic,Sarcastic,Agree,78,13,True,Sarcastic
3012,"what a shock. easy can't make a cogent point, so he starts ranting scripture and threatening damnation. let me type up his response: '<flush> let's see how smart you are when you're suffering in the pit, you obama-ade drinker.'",Sarcastic,Sarcastic,Agree,227,39,True,Sarcastic
3015,"You of course have documentation of Darwin laying out his plan as to how to weasel evolution into classrooms to oust theism, right? No? You're making it all up? Shocking.",Sarcastic,Sarcastic,Agree,170,30,True,Sarcastic
3016,"So you're saying that God is a ""respector""?-of-persons - iow, the mom's ""more""-important to *God*? than the unborn.",Sarcastic,Sarcastic,Agree,115,18,True,Sarcastic
3018,"
I know, maybe the American criminals will just import guns in with their Mexican illegal drugs. I don't know for sure but I believe the Mexican Drug gangs wouldn't mind another revenue stream. Net results, Zilch, nada, zero. But you know that! emoticonXSmilie Gun control is nothing but a scam!",Sarcastic,Sarcastic,Agree,296,50,True,Sarcastic
3021,"Interesting, this is the same type of angry rants that Capo used to post on the abortion debates before he was banned. How interesting that you should get so angry and worked up over such an innocent exchange between me and chloe.
",Sarcastic,Sarcastic,Agree,232,42,True,Sarcastic
3024,"I am hardly a phyicist, but I am under the impression that there is at least some people who feel there is reason that there are 'uncaused causes'. I think that   the terms used are 'Vacuum flucuations', and 'virtual particles'. I am not aware   of any peer reviewed articles on it , but a popular press book is 'Achilles in the quantum world' by Richard Morris.",Non-Sarcastic,Non-Sarcastic,Agree,362,66,True,Non-Sarcastic
3026,But you said that you saw standing aside whilst someone murdered another was cowardly? ::sigh::Let me simplify for you. Do you kill someone to prevent a murder?,Sarcastic,Sarcastic,Agree,160,27,True,Sarcastic
3027,"Spain, unlike most modern democracies, very very recently had the uh.. privilege of living under a strong, ""moral"" government that supported the uh.. ""family values"" so important to the right.   That they are running like hell away from it should tell people something.",Sarcastic,Sarcastic,Agree,269,43,True,Sarcastic
3028,"Nobody I know sanctions adultery. There are already serious consequences built in against it. As far a same sex marriage, I know of nobody that is suggesting legal penalties for it unless one considers the refusal to legally recognize it a legal penalty. Certainly nobody has been jailed or fined for attempting such marriages. Privately performed ceremonies as such are not punished.",Non-Sarcastic,Non-Sarcastic,Agree,384,62,True,Non-Sarcastic
3029,"did you actually read all of that? wow, i'm impressed. maybe next time you should actually try and refute my argument.",Sarcastic,Sarcastic,Agree,118,21,True,Sarcastic
3030,yeah horses are so cute i love it when they eat sugar right out of my hands it's so tickly,Sarcastic,Sarcastic,Agree,90,20,True,Sarcastic
3031,why debate man ... lets all be friends         agreed with 20/20,Sarcastic,Sarcastic,Agree,64,11,True,Sarcastic
3032,"They are merely taking chemicals that they can detect in outer space and reproducing the enviroment they are found in, by exposing them to ultraviolet. You are exposed to ultraviolet when you walk outside in the sunshine.Every chemical that they used is readily detected in interstellar molecular clouds.",Non-Sarcastic,Non-Sarcastic,Agree,304,48,True,Non-Sarcastic
3033,"Did you slip in it AGAIN? Were you led astray by a passage from Heller you thought you could use to legitimize gun control, your wet dream?I submit from many past rulings of the courts that little statement is in error.",Sarcastic,Sarcastic,Agree,219,41,True,Sarcastic
3035,"On his own parking lot?
Let me ask you slim, ever have a fender bender or something at the local Costco and called the police? What did they tell you?",Sarcastic,Sarcastic,Agree,151,30,True,Sarcastic
3036,i cannot state that a group has a culture of violence and theft because my government taxes and makes war? you have got to be about 12 years old lol go and talk to your mum about it..,Sarcastic,Sarcastic,Agree,183,38,True,Sarcastic
3037,"dear noob, i chose the anthem as a song which describes me. however since i am reforming this site into a more democratic community i shall make a debate seeking for a new one.",Sarcastic,Sarcastic,Agree,176,34,True,Sarcastic
3038,"It seems to be the reason for crafting this new, individual right against the States. Since the original purpose of the Second Amendment doesn't appear to be needed, there is a new use that is protected.",Non-Sarcastic,Non-Sarcastic,Agree,203,36,True,Non-Sarcastic
3039,"oh yes, i amsure one read of your posts and every gay man will go ex-agy {/sarcasm]",Sarcastic,Sarcastic,Agree,83,17,True,Sarcastic
3040,Right. And that is the reason for peer review. Creationists don't subject their ramblings to peer review. That is why so much care is devoted to the proper construction of experiments to test the hypotheses by real scientists. Creationists just invent ad hoc stories without any experimentation.,Sarcastic,Sarcastic,Agree,295,47,True,Sarcastic
3042,"funny how all those previously plentiful miracles, burning bushes, and personal appearances dropped off so suddenly 2000+ years ago... innit? enquiring minds want to know. non-enquiring minds don't want to enquire.",Sarcastic,Sarcastic,Agree,214,31,True,Sarcastic
3043,"But, of course, religion is a mere matter of brainwashing and programming. Some people, very obviously, need this sort of intrusion into their lives because they can't figure it out for themselves.And, there are some very profound and meaningful religious teachings.However, if one is not permitted to question the tenets of a particular belief system, I find that dangerous.Like in your sect. You do expect complete obedience, do you not? No questioning of your authority?",Sarcastic,Sarcastic,Agree,473,75,True,Sarcastic
3044,walking-fish: has anyone ever observed two atoms combining to form a molecule? has anyone ever counted out 6.02 x 10^23 molecules to see if they really make up a mole? has anyone ever watched the earth for a year from outer space to see if it really does go around the sun? has anyone ever seen electrons in a copper wire when an eletric current is passed through it? all scientific disciplines are held together by theories which are inferences about things we cannot directly observe. what is it about science that you don't understand?,Sarcastic,Sarcastic,Agree,538,95,True,Sarcastic
3047,"i'm shocked. have you been crossdressing? you can have mine when i get breast cancer and die because you didn't use the cool new pink google :/ they're fake, but you don't have to tell anyone",Sarcastic,Sarcastic,Agree,191,36,True,Sarcastic
3048,"oh yeah... that... well... but what a sweet way to go, right ;)",Sarcastic,Sarcastic,Agree,63,13,True,Sarcastic
3049,what would make e-mail any easier? both the forum and most e-mails have spell checks. wouldn't e-mail be harder to use since referencing specific paragraphs be really difficult? sounds like trying to organize it over e-mail would be a logistical nightmare.,Non-Sarcastic,Non-Sarcastic,Agree,256,41,True,Non-Sarcastic
3051,"is free speech applicable to under aged individuals under the tuteledge and care of educators entrusted with their welfare and behavior? if so, why? they don't pay taxes, the add nothing to the gdp. who cares what they have to say?",Sarcastic,Sarcastic,Agree,231,41,True,Sarcastic
3055,"I'm not sure what the threshold for gezzerdom is, but I fear I have passed it.
Dono",Sarcastic,Sarcastic,Agree,84,17,True,Sarcastic
3056,"Spoken as though it is any of your, my, or the law's concern.
Why not tell the forum why your opinion on a metaphysical question should be law in the universe.",Sarcastic,Sarcastic,Agree,160,31,True,Sarcastic
3059,This is correct. It is almost insulting to regard people as either a) Christian OR Catholic - as this also implies that Orthodox are neither,Non-Sarcastic,Non-Sarcastic,Agree,140,25,True,Non-Sarcastic
3060,"The fact that it aired on MSNBC and Keith Olbermann tells me that it could only be slanted one way.
What constraints does the Constitution set for Supreme Court justices families? 
But of course, Justices are supposed to rule on the 'constitutionality' of a law, not their own personal ideology, right? Yeah, right.......emoticonXClown",Sarcastic,Sarcastic,Agree,337,53,True,Sarcastic
3063,"You do realize that Poplowski got an offical Dishonorable Discharge from the Marine Corps? In other words, that gun was not legally owned. I'm not sure if he got it before or after he was discharged, but he certainly didn't own it legally. Second, one or two incidents on the media don't equate to facts. I remember a town I lived in where four murders happened in one week. Of course, the liberals scream ""*gasp*, four murders! Everybody's going insane! We gotta ban guns! Aaaahh!!"". However, none of these murders were committed with a firearm, and it was later found out that these killings were committed by one person. It's an isolated incident. And finally, isn't it always you and Ian who whine about anecdotal evidence?",Sarcastic,Sarcastic,Agree,727,126,True,Sarcastic
3064,No - but they certainly have a bias. As do we all.,Non-Sarcastic,Non-Sarcastic,Agree,50,12,True,Non-Sarcastic
3067,"Oh gosh, silly, silly me, not blaming an entire group of people for something a few nutjobs did. My, I'm so embarassed for being so intolerant and thinking that! emoticonXBangheademoticonXBanghead
",Sarcastic,Sarcastic,Agree,198,30,True,Sarcastic
3069,"Wow, that must be some good stuff he was drinking to keep him 'under the influence' for THAT long!! :p",Sarcastic,Sarcastic,Agree,102,20,True,Sarcastic
3073,"social darwinism? survival of the fittest?  i'm sure that you could find a more obscure scenario than that if you really tried, jito. or are you saying that nearly 1/3 of all women of childbearing age are mentally unstable? emoticonxrolleyes",Sarcastic,Sarcastic,Agree,241,40,True,Sarcastic
3074,"Yeeees, that's why option 4 as I wrote it says ""reinterpret"" as opposed to ""reject."" 
Having a bad reading day, eh?",Sarcastic,Sarcastic,Agree,116,21,True,Sarcastic
3075,That's a pretty tortured comparison :) What exactly makes the forecaster's error one of measuring distance?,Non-Sarcastic,Non-Sarcastic,Agree,107,16,True,Non-Sarcastic
3077,Not afraid of anything... I want them and buy them because I CAN. They all have different uses and history I collect some of them for that reason.,Non-Sarcastic,Non-Sarcastic,Agree,146,28,True,Non-Sarcastic
3079,You actually have some full insight into gays and what we have gone through and think were pathetic. Once again insults and a bigoted view Archie. You never cease to amaze me.,Non-Sarcastic,Non-Sarcastic,Agree,175,32,True,Non-Sarcastic
3080,"Well, one person got it right...where in the constitution does it say something about health having to be protected?",Non-Sarcastic,Non-Sarcastic,Agree,116,19,True,Non-Sarcastic
3081,"Having politicians monitor their ethics is much like having the mafia monitor crime. 
",Sarcastic,Sarcastic,Agree,87,13,True,Sarcastic
3082,"
So what do ya Say! Come On. Be reasonable! Do it for the children! Or don't we care about these children because they weren't hurt or killed by a firearm?",Sarcastic,Sarcastic,Agree,156,30,True,Sarcastic
3083,"huh? emoticonxconfused  i think that you meant to say that she can't take down a sign that isn't on school ground. in this situation, the sign was across the street from the school property.",Non-Sarcastic,Non-Sarcastic,Agree,190,34,True,Non-Sarcastic
3085,"They do not hate the concept, they merely reject it as being useful or necessary to explain the material universe. I mean come on what utility would a physics which incorporated miracles be? Nothing would be predictable and all utility would be lost. If you want all of science to be arbitrary and unreliable then all ya gotta do is inject miracles into the field.   For example what value is f=ma {except when the diety wills otherwise}.   Or e=mc2 (god willing)",Sarcastic,Sarcastic,Agree,463,81,True,Sarcastic
3086,didn't Kevin Costner do a movie about this in 1995?,Non-Sarcastic,Non-Sarcastic,Agree,51,10,True,Non-Sarcastic
3087,i have also read that about lawsuits. these are really sick people. i'm surprised no one has charged them with child abuse as they use their young children in their attempt to terrorize other people.,Non-Sarcastic,Non-Sarcastic,Agree,199,35,True,Non-Sarcastic
3088,"Yet, apparently, according to Easyrider and Bassman, Howard is not a ""True Christian"". Funny how that goes?",Sarcastic,Sarcastic,Agree,107,17,True,Sarcastic
3091,"As you wish. When any of you come up with a real analogy concerning the existence of God, let me know.
Apparently, you define irrational as unconvinced. So be it.",Non-Sarcastic,Non-Sarcastic,Agree,163,30,True,Non-Sarcastic
3093,I'll let you know to what extent the movie documents it. I'm off to see it in a few. :),Non-Sarcastic,Non-Sarcastic,Agree,87,20,True,Non-Sarcastic
3095,"This just goes to prove that these nasty gays are maliciously infiltrating the military far more than we suspected (anyone would think they want to defend the country or something). But no, they just want to infect them with nasty squiggly crawly things. EEeew!! Look the SEALS must be a bunch of raving deviants. Quick, club the lot of them before this thing spreads.emoticonXRolleyes 
Er . . . *puts down burning cross and slinks into shadow*",Sarcastic,Sarcastic,Agree,445,76,True,Sarcastic
3096,"So what's your point, Bush is as Liberal as the most Liberal Senator in Congress?
",Sarcastic,Sarcastic,Agree,83,15,True,Sarcastic
3099,"Quite true. Top that with the adolescent mentality exhibited by SP and the boys and you've got yourself a reason to consider calling Dr. Jack Kevorkian.
",Non-Sarcastic,Non-Sarcastic,Agree,154,26,True,Non-Sarcastic
3100,were you hiding under a rock until recently? phelps has been making the news for years for showing up at gay (and other) funerals. i think they even had a phelps-based character picketing funerals in one of those pc gay-rights themed movies like the laravie project didn't they?,Non-Sarcastic,Non-Sarcastic,Agree,278,48,True,Non-Sarcastic
3121,"Actually, it isn't. It is complex and complicated. It requires diligent study of difficult concepts. But when you grasp the basics, it does become evident. But most creationists aren't willing to put in the effort.",Non-Sarcastic,Non-Sarcastic,Agree,214,35,True,Non-Sarcastic
3122,"This is great. You mean none of the Davidic line ever copulated with women to produce their descendents? LOL!
",Sarcastic,Sarcastic,Agree,111,19,True,Sarcastic
3123,"So, you think doctors in the US make LESS than those in the UK?   Take a look at this: It's called ""statistics"" not ""wishful thinking and personal anecdotes"".",Sarcastic,Sarcastic,Agree,158,28,True,Sarcastic
3124,And I was correcting you. If you are offended then that's the breaks.,Non-Sarcastic,Non-Sarcastic,Agree,69,13,True,Non-Sarcastic
3125,"The issue of self-control, Winston Smith?   Pray, does that ever apply to men?   Is there a ghost of a chance that maybe men should keep their trousers zipped and a certain offending member contained therein?   Or are you a proponent of belief in virgin birth, believing that only women are involved in a pregnancy?",Sarcastic,Sarcastic,Agree,315,54,True,Sarcastic
3126,"Distract? No. If Wells is accusing equivocation, he'd better be able to back up his claim.",Non-Sarcastic,Non-Sarcastic,Agree,90,16,True,Non-Sarcastic
3128,"They do offer a good insulating blanket which would keep the body of the reptile warm which in turn, would allow the reptile to remain active for a longer period of time. This means more time to hunt and reproduce carrying the mutation onwards.",Non-Sarcastic,Non-Sarcastic,Agree,244,44,True,Non-Sarcastic
3129,Exactly and if you accept that animals have been on the Earth for millions of years then why can't evolution be a process that God created and controls?,Non-Sarcastic,Non-Sarcastic,Agree,152,28,True,Non-Sarcastic
3131,It wouldn't. Altering any of the fundamental universal constants changes them all. We wouldn't be considering some small change here and small change there. The universe probably wouldn't exist in any form.,Non-Sarcastic,Non-Sarcastic,Agree,206,32,True,Non-Sarcastic
3132,"Actually Montalban, there is a federal ordinance requiring protestors to stay at least thirty feet from the clinic's property. Were they allowed to go inside and talk to the women? Of course not. Most of the rabid anti-abortionists, (the ones that show up",Non-Sarcastic,Non-Sarcastic,Agree,255,43,True,Non-Sarcastic
3134,"Yet, you want interference by forcing the schools to teach religion in science class.
How ironic.",Sarcastic,Sarcastic,Agree,98,16,True,Sarcastic
3135,I know what moral relativism is (although you should be aware it has multiple meanings); I don't know what the sentence:,Non-Sarcastic,Non-Sarcastic,Agree,120,21,True,Non-Sarcastic
3136,"The enemies of freedom already have. The coined a new word. It is PRE Traumatic Stress Disorder.   Meanwhile, 12 times as many children die from Drowning than from accidental gunshot!",Sarcastic,Sarcastic,Agree,183,30,True,Sarcastic
3141,"None of the 'fishersci' links would take, but I did get a look at the fibre optic systems. Will try again later.",Non-Sarcastic,Non-Sarcastic,Agree,112,22,True,Non-Sarcastic
3142,Good old monkeys! What can't we learn from them :)Since we are in the Creation vs Evolution section I'm guessing that your debate here is that monkeys and humans show some similar ways of thinking such as in this experiment. It does seem like further evidence that evolution did take place between our two species although it isn't a case cracker by any means.,Non-Sarcastic,Non-Sarcastic,Agree,360,64,True,Non-Sarcastic
3143,I don't think it's a cover-up. I think that it's a conspiracy between the black helicopters and the aliens beaming suggestions to those without the foil-lined hats on. :),Sarcastic,Sarcastic,Agree,170,29,True,Sarcastic
3144,"Yeah guess that probably makes me a gun-toten redneck drunk,shooten everything in sight huh.emoticonXKillemoticonXGood",Sarcastic,Sarcastic,Agree,118,14,True,Sarcastic
3147,what can you expect from someone that believes everything they have comes not from themselves but from some invisible being that actually does all the work. i am surprised that the creationist aren't saying everything that is is because their god created it though the people who have invented the products.,Sarcastic,Sarcastic,Agree,307,51,True,Sarcastic
3148,"What makes you think I don't. Yours is not the only religion on earth!! And I didn't just jump to the concluision that your soul needed concern, so don't jump to it with me.",Non-Sarcastic,Non-Sarcastic,Agree,173,34,True,Non-Sarcastic
3151,"Now marc, that just isn't fair. They believe in freedom of speech.... if you agree with them. I just find it difficult agreeing with secular humanists. emoticonXSmilie emoticonXAngel",Non-Sarcastic,Non-Sarcastic,Agree,182,28,True,Non-Sarcastic
3152,"No Matthew, we all read it. The fact that you have specific targets in mind for your attacks changes nothing; what everyone says still applies. Please, please, give up this appproach. You're only hurting those you claim to want to help.",Non-Sarcastic,Non-Sarcastic,Agree,236,41,True,Non-Sarcastic
3153,And yet here we are and neo-Darwinism continues to have empirical support right and left with no sign of it being falsified in sight as of yet. Why might that be? And you Bertvan do not exist since you are so highly improbable. Therefore I can safely assume that your post above just happened without your existense.,Sarcastic,Sarcastic,Agree,316,57,True,Sarcastic
3156,Yep. Darwin's discovery was that natural selection was the reason that evolution wasn't random.,Non-Sarcastic,Non-Sarcastic,Agree,95,14,True,Non-Sarcastic
3159,"Ah yes, this is old school Brady here. Wailing on about the evil guns while defending the rapists. Kind of puts is other posts into perspective doesn't it. I think views like this are why Brady had to move to Thailand.
Brady, hows the list coming?",Sarcastic,Sarcastic,Agree,248,46,True,Sarcastic
3160,"Well, actually if the remainder is split between those who favor a marriage amendement and those who have no oppinion, yeah, actually 52% regardless of the margin of error, is still definitatively a majority.",Non-Sarcastic,Non-Sarcastic,Agree,208,34,True,Non-Sarcastic
3161,oh yeah. the things i do for fun just ruin my appetite. i like to look at bacteria under a couple of microscopes i have. sometimes i just place random bacteria together to see how they react. usually they dont do anything. if you do have questions don't be afraid to ask.,Non-Sarcastic,Non-Sarcastic,Agree,271,52,True,Non-Sarcastic
3162,Hmmm... He may get things right only when he thinks getting it right contradicts evolution...,Sarcastic,Sarcastic,Agree,93,15,True,Sarcastic
3168,"Your stats aren't broken down into meaningful groups, so nothing is learned WRT Muslims.",Non-Sarcastic,Non-Sarcastic,Agree,88,14,True,Non-Sarcastic
3169,"You JUST said they get health care in the hospital! Read your post, where's there NO healthcare. And it IS based on the ability to pay...you just want me to pay for someone else's and in the most inefficient way possible.",Non-Sarcastic,Non-Sarcastic,Agree,221,41,True,Non-Sarcastic
3170,"wow, it's really rare to see someone admit to changing their mind about an issue. definitely deserves an upvote.",Non-Sarcastic,Non-Sarcastic,Agree,112,19,True,Non-Sarcastic
3171,"Same thing happened in Rwanda. First they put the names of all Tutsis on lists. Then, the Hutu came around with machettes and took them off of the lists....permanently. emoticon_wow",Non-Sarcastic,Non-Sarcastic,Agree,181,30,True,Non-Sarcastic
3173,"Actually, most people do not hold the view that existing marriages should be dissolved. In Massachussetts, it's quite a minority view, almost as low as Bush's approval rating.   In any case, that is irrelevant. I was pointing out why someone might reasonably ask the question you consider so inappropriate. What I haven't seen, either from you or from any of the articles, was what the firefighter's answer was or why he refused to answer. From what I can tell from the scant coverage, he avoided answering but had no trouble discussing his political views. Odd, I think.. or just crappy coverage.",Non-Sarcastic,Non-Sarcastic,Agree,597,101,True,Non-Sarcastic
3176,"i love how gun prohibitionists say they want to stop guns getting into the hands of criminals, but they are quite happy for guns to be in the hands of the biggest criminal of all, the government - warmongerer, mass murderer, tyrant and violent thief.",Sarcastic,Sarcastic,Agree,250,45,True,Sarcastic
3177,"I'm afraid you're wrong, as I created you in my universe, and implanted in you a belief that you were a god. It lead you to make statements about the truth of your own beliefs, which I'm afraid are just self-beliefs with no real evidence.   Sorry.",Sarcastic,Sarcastic,Agree,247,46,True,Sarcastic
3178,"Evidence, I dont need no sticking evidence. This is what I beleive, and thats it, but I will dig up some proof that supports my point.",Sarcastic,Sarcastic,Agree,134,26,True,Sarcastic
3180,"It is difficult to reconcile evolution with Christianity - as far as I see.
 
 Evolution excludes God.",Non-Sarcastic,Non-Sarcastic,Agree,104,17,True,Non-Sarcastic
3181,aren't gun shows rather controlled environments? i've heard weapons for sale are required to be unloaded and customers commonly have to pass through metal detectors and submit to a pat down.,Non-Sarcastic,Non-Sarcastic,Agree,190,31,True,Non-Sarcastic
3183,"So you carry grenades and 75 pounds of gear, all while wearing camouflage fatigues and can call in an airstrike bombing?",Non-Sarcastic,Non-Sarcastic,Agree,120,21,True,Non-Sarcastic
3184,"Wow, a thread that treats me like a XXXXX by spewing absurd propaganda at me, that's compelling and wins my sympathies. Well done old chap.",Sarcastic,Sarcastic,Agree,139,25,True,Sarcastic
3185,"Because, not once, did I have feel any sort of physical attraction to the same gender as myself. I have known other people who have. I don't 'CHOOSE' who I think is sexually attractive. It might have been environmental, but it certainly wasn't a 'choice'I have to assume that at least for some , if not most homosexuals, that pattern repeats itself.",Non-Sarcastic,Non-Sarcastic,Agree,349,62,True,Non-Sarcastic
3186,which ones and how so? i am curious because your saying using the same reasoning different conclusions are reached. maybe the reasoning is not the same,Non-Sarcastic,Non-Sarcastic,Agree,151,26,True,Non-Sarcastic
3187,"Well then there's grounds for a lawsuit. Find a group of veterans and get them to sue the VA, funded by the NRA, and take the whole organization to court on charges of violating federal standards.",Non-Sarcastic,Non-Sarcastic,Agree,196,36,True,Non-Sarcastic
3190,"Let's see now....you're Christophobic, Biblephobic, Fundie-phobic, steeped in carnal hedonism, you use derogatory rhetoric against God's people, and what else?
Hypocrite!!
And Barney Franks a respectable congressman? ROTFLOL!!!!
You're clueless, Shooter. I shutter to think where you'll wind up. But we'll have to see what develops. It'll probably be negative, since you've lost your focus.",Non-Sarcastic,Non-Sarcastic,Agree,393,55,True,Non-Sarcastic
3193,"I am actually getting my entertainment value out of WW and his lack of knowledge, along with his attempts to ########. If you or the others are bothered by his ignorant banter please let me know, and I will stop forcing him to give answers on subjects that he so obviously has no clue.",Non-Sarcastic,Non-Sarcastic,Agree,285,54,True,Non-Sarcastic
3195,"People have entertained and will always continue to entertain beliefs in all manner of propositions. Many people once believed that the earth is flat:perhaps some still do. But this has nothing to do with scientific truth.There is no ""version"" of science that one chooses from a menu of possibilities.By definition, scientific enquiry arrives at hypotheses after gathering evidence from observations and experiment. Any law, knowledge, etc. thatis arrived at by scientific method is open to modification or falsification if new evidence comes to light that must be taken into account. All science in this sense is provisional.The apostles may have believed that Jesus walked on water: that does NOTmake it true.",Non-Sarcastic,Non-Sarcastic,Agree,711,111,True,Non-Sarcastic
3197,"look, it's a serious disease. i've never denied it was. there's no need to pursue which disease is more serious than another disease. hiv/aids is a treatable, uncurable, and potentially deadly epidemic. i don't understand what you point or solution is. i support taking multi-faceted approaches, recognizing that people are different, how they live is different. you repeat some of what i said in regards to that, then assume i mentioned it because i don't think it's important. you had a few negative comments on condom use earlier, saying it is not 100% effective(no way of having sex with another person is). are you suggesting only one, narrow approach that involves moralizing? i believe that would drive sexual practices underground. i also support needle-exchange programs for drug addicts, as part of harm reduction, by the way.",Non-Sarcastic,Non-Sarcastic,Agree,836,136,True,Non-Sarcastic
3198,"Society highly values the creation of future taxpayers, especially under deficit-spending socialist presidents. :p",Sarcastic,Sarcastic,Agree,114,14,True,Sarcastic
3199,"Oh goodness (shaking). Are you going to stammer and have a hissy-fit too?
",Non-Sarcastic,Non-Sarcastic,Agree,75,13,True,Non-Sarcastic
3200,Wasn't there some genius that wanted firearms locked up as a manditory model posting here? Gee if they can steal from the police station what punishment can we mete out for us unwashed working slobs for not locking up and reporting stolen firearms? Got them into Chicago even with its strict gun laws. Wonder if they complied with the IL gun laws? Yea right.,Sarcastic,Sarcastic,Agree,358,64,True,Sarcastic
3201,"I love how you anti equality conservatives become bogeymen the instant something like this is passed. Threatening with judgment, death, hate, killings, gee everyone if we don't keep the status quo the world might end!
I guess the world is falling apart for people like you. It doesn't really surprise me.
",Sarcastic,Sarcastic,Agree,307,51,True,Sarcastic
3202,"I laughed when I first saw the ad on MSNBC's Hardball tonight. It shows the fear, insecurities and the fallacies that guide anti-gay equality rights activists.",Non-Sarcastic,Non-Sarcastic,Agree,159,26,True,Non-Sarcastic
3203,So the fact that terrorists board airplanes should be used against people in determining whether they can be trusted or not? My government must not trust an ordinary dirtbag like me because it makes me go through a security check before boarding a plane.,Sarcastic,Sarcastic,Agree,254,44,True,Sarcastic
3204,"i love how iranian president alphabets kidnaps 15 sailors and marines, holds them captive on bs evidence, and then trys to act like the biggest humanitarian on earth by 'pardoning' them out of the kindness of his heart. personally, i think it would be nice for these 15 british troops to see the bombers going the opposite direction as they leave iranian airspace.",Sarcastic,Sarcastic,Agree,364,63,True,Sarcastic
3205,I have not heard of it before either. Any information that you or other member's can gather on this subject would be of great interest. I will also keep my eyes open.,Non-Sarcastic,Non-Sarcastic,Agree,166,32,True,Non-Sarcastic
3207,"Actually, society hasn't said this. 5 judges, in very recent times, have. I for one think that some 17 year olds fully comprehend the full implications of murder, and therefore should be held accountable in the same way as an 18 year old. I guess I just don't see any reason why a jury could not address the issue on a case by case basis. I do not see the ""18 and over execution rule"" in the eighth amendment.",Non-Sarcastic,Non-Sarcastic,Agree,409,79,True,Non-Sarcastic
3210,"First of all, the government cannot increase the volume and social acceptance of a drug - only the market and society can do that. Government cannot even decrease the volume or social acceptance of drugs - despite the government's efforts, drug use has remained relatively constant. What hasn't remained constant is violent crime, which has gone up during the drug war as it did during alcohol prohibition.",Non-Sarcastic,Non-Sarcastic,Agree,406,67,True,Non-Sarcastic
3212,"And as far as we know, they are undirected. Evidence to the contrary?",Non-Sarcastic,Non-Sarcastic,Agree,69,13,True,Non-Sarcastic
3213,"382 - 405 are the dates I have, under Pope Damasus I.",Non-Sarcastic,Non-Sarcastic,Agree,53,12,True,Non-Sarcastic
3216,why weren't you on createdebate lately ??? and after reading the book you will be :o the book is fantastic ...happy reading :),Non-Sarcastic,Non-Sarcastic,Agree,126,23,True,Non-Sarcastic
3217,They rarely date fossils anymore...instead they look at the strata of earth the bones were found in.,Non-Sarcastic,Non-Sarcastic,Agree,100,17,True,Non-Sarcastic
3218,"I think they should. I mean, if you're under 18, you are still under your parent's guardian. I feel like they have the right to know if their child is getting an abortion.",Non-Sarcastic,Non-Sarcastic,Agree,171,33,True,Non-Sarcastic
3219,"cartel cache found in the u.s.; what about the bigger guns to goons scandal? | the truth about guns this administration fails again, attempting to influence and politicize a constitutional right through direct criminal act of government acts and intentional felonies to eliminate of increase powers to agencies who refuse the mandates of congress and the courts. these actions are known as ______________? when it is hard to tell the criminals from the group who claims to be the good guys there is a delimma, which demand the most punishment under the law?",Non-Sarcastic,Non-Sarcastic,Agree,557,93,True,Non-Sarcastic
3220,"First, are you not forcing your beliefs on me when you lobby for, enact, and support a law that legalizes an act that I see as murder?  Second, forcing someone to believe as I do is in no way the essence of Christianity. God gives choices (which is anot",Non-Sarcastic,Non-Sarcastic,Agree,253,49,True,Non-Sarcastic
3221,"More like ""we"" the Mormons who funded air time for anti gay prop 8 commercials brainwashing the ignorant thinking the gays would come and eat their young out of cradles...
Your just a dinosaur slowly wasting away Easy. 
",Non-Sarcastic,Non-Sarcastic,Agree,222,38,True,Non-Sarcastic
3222,"Are we talking about the same Obama here? The same one, who's head of the DHS, told law enforcement to be on the lookout for anyone who disagreed with the government?",Non-Sarcastic,Non-Sarcastic,Agree,166,31,True,Non-Sarcastic
3224,"Yes, because Republicans are the only hypocrites in the government, right? emoticonXRolleyes",Sarcastic,Sarcastic,Agree,92,12,True,Sarcastic
3226,Yes.   (and this is to add stuff to make the post stick....),Non-Sarcastic,Non-Sarcastic,Agree,60,12,True,Non-Sarcastic
3227,"Tell us Brady, does the information that While Males ratified the 13th and 14th put a twist in your knickers? emoticonXSmilie",Non-Sarcastic,Non-Sarcastic,Agree,125,21,True,Non-Sarcastic
3230,"Because of the history of it. Well, ID is actually identical to 'scientific creationism', but spruced up with more scientific terminology to attempt to pass 'seperation of church and state'. Let's just say that I.D. is an attempt to teach Creationism in school.",Non-Sarcastic,Non-Sarcastic,Agree,261,43,True,Non-Sarcastic
3231,"'slaves, tortures, drones, dictators' hmm, what does that sound like? oh yeah, the history of most european countries, including germany.",Non-Sarcastic,Non-Sarcastic,Agree,137,20,True,Non-Sarcastic
3235,"I take it that you are not educated about maternal mortality in pregnancy, then?
",Non-Sarcastic,Non-Sarcastic,Agree,82,14,True,Non-Sarcastic
3237,Good news. It seems as time goes on Arizona attempts to become more and more intolerant and bigoted. Thankfully he put an end to this one (too bad not the immigration one).,Non-Sarcastic,Non-Sarcastic,Agree,172,32,True,Non-Sarcastic
3238,doesn't that depend on exactly what israel is doing? you can't treat the country as a whole in everything.  do i support some of their actions? no. do i oppose some of their actions? no.,Non-Sarcastic,Non-Sarcastic,Agree,186,35,True,Non-Sarcastic
3241,You have conviced no one or even come remotely to forming an argument.,Non-Sarcastic,Non-Sarcastic,Agree,70,13,True,Non-Sarcastic
3243,Man has changed significantly in the past few thousand years. I see you opted out of history classes and took it upon yourself to make up your own version.,Sarcastic,Sarcastic,Agree,155,29,True,Sarcastic
3244,"You are getting silly now. McVeigh was a nutball and he has already been executed for his crime. His partner is doing life and may yet get the death penalty. 
Based on your argument above, I take it that you have decided to throw in with the Islamic terrorists.",Sarcastic,Sarcastic,Agree,262,49,True,Sarcastic
3245,And that has happened in some cases. Mosquitoes are changing the development cycles to coincide with increasingly warmer temperatures. Fish species are enlarging their habitats as water temperatures rise. Many species are moving north as temperature rises,Non-Sarcastic,Non-Sarcastic,Agree,255,37,True,Non-Sarcastic
3246,"Then you don't actually have a definition of information that is meaningful. I didn't think you did. By the way, increase in the amount (i.e., more letters) of DNA has often been observed. The mechanisms of evolution account for it quite nicely.Now please try again an define information in a way that is meaningful to DNA.",Non-Sarcastic,Non-Sarcastic,Agree,323,56,True,Non-Sarcastic
3247,"you're somehow right despite the fact that all reliable evidence is on our side? what idiocy. brady, this is the most ignorant thing you've said yet. some of the stuff you bolded supports us, not you. and the rest does no good for you either.",Sarcastic,Sarcastic,Agree,242,45,True,Sarcastic
3248,"Didn't supersport openly admit he could not prove his own beliefs in divine creation?   For all his dishonesty, you have to admit he's more honest and forthcoming then Marc or AA have been.",Sarcastic,Sarcastic,Agree,189,33,True,Sarcastic
3250,"you're not a bigot, all gays really are 'touchy, judgmental and bitchy'? classic! seriously, debate over, archie loses in one. obviously archie won't see it that way, but does anyone else disagree?",Sarcastic,Sarcastic,Agree,197,32,True,Sarcastic
3251,That must be why they like to wear boots in Texas.,Sarcastic,Sarcastic,Agree,50,11,True,Sarcastic
3255,do you believe there is a god? i answered the question.... i don't see where it asked for anything other than my opinion. are you seeing things that aren't there? oh wait... look who i'm talking to.,Sarcastic,Sarcastic,Agree,198,37,True,Sarcastic
3259,"And Stephen Hawking, the only thing he has said was ""I do not believe in a personal god"", which would make him a pantheist or deist at best.",Non-Sarcastic,Non-Sarcastic,Agree,140,28,True,Non-Sarcastic
3261,"i love how he says 'war of terror' not 'war on terror' and everyone claps. thanks for the clip, it's been awhile since i've seen that one. people don't realize but that unbridled rage and nationalism is what led to the rise of hitler and the holocaust as well as pretty much every genocide and war. 'you'll never have a quiet world till you knock the patriotism out of the human race. ' - george bernard shaw",Sarcastic,Sarcastic,Agree,408,77,True,Sarcastic
3262,"Good, you can address the claims made here, too.
 
 ETA: Also see how the movie's version lines up with the information here regarding Sternberg.",Non-Sarcastic,Non-Sarcastic,Agree,147,24,True,Non-Sarcastic
3266,"Yep - that's someting that many ""pro-lifers"" also never take into account.",Non-Sarcastic,Non-Sarcastic,Agree,74,12,True,Non-Sarcastic
3268,"What you must realize is that is the case for evolution as well, we don't have enough evidence to know; this is common in science but it is only the political drive of Darwinism that found that state unacceptable. (you don't see them teaching kids about black holes and unified field theory because we don't know much about it)",Non-Sarcastic,Non-Sarcastic,Agree,327,59,True,Non-Sarcastic
3269,"is also text found in the same article. well think about it have we not seen remoliding of society in the last few years with regard to family structure, economic organization, and social practices? did not the republicans run on the platform of remolding society in their image? tax cuts for the rich, attacks on the middle class, ignoring scientific resarch in favor of conservative values, turing off stem cell research, ignoring global warming data, switch back to favoring big iron industries like oil instead of continuing to catalyze high tech energy solutions, and of course last and not least starting foreign imperial wars pre-emptetively. oh yes lots of remodling going on there.",Non-Sarcastic,Non-Sarcastic,Agree,690,113,True,Non-Sarcastic
3275,i didn't intend to be hostile. i guess you just interpreted the text in that manner. i'll take the blame for that as well.,Non-Sarcastic,Non-Sarcastic,Agree,122,24,True,Non-Sarcastic
3279,"It is pretty bizzare. There are plenty of groups out there that will reach whatever ""conclusion"" you pay them to reach. Why he didn't cite one of them instead of an easily checkable source that says the opposite of what he says they do is beyond me.",Non-Sarcastic,Non-Sarcastic,Agree,249,47,True,Non-Sarcastic
3281,"Careful, your double-standard is showing. When MEN attempted to make jokes in the past, you accused US of being mysogenistic, remember? If not, I can link you back to your own words. It seems your selective indignation is a one way street. emoticonXRolleyes Oh, and my superglue comment was made as a response to a WOMAN's (or at least I think Simone's a woman) comment about stapling a woman's legs shut. :)",Non-Sarcastic,Non-Sarcastic,Agree,408,72,True,Non-Sarcastic
3282,"When will it stop? Never. They will take every gun, every toy gun, disarm the law enforcment community, give us Nerf batons so we don't actually hurt the criminals, and say that this kinder gentler way of doing things will help. In the meantime murders will go through the roof, like in Australia, rape will escalate, breaking and entering will become common place, and cops will die by the minute. They will not only confiscate the guns, but then charge the owners of those guns for being terrorists. It won't end. In order to establish true dependency upon a government you must force the populous to rely completely on the government for every aspect of life including safety.",Non-Sarcastic,Non-Sarcastic,Agree,679,118,True,Non-Sarcastic
3283,Sorry baby the story was in the religion of peace land. Your strawman is burning.,Sarcastic,Sarcastic,Agree,81,15,True,Sarcastic
3285,"Who's God ? Vishnu ? Buddha ? The Great Spirit ? Allah ? Or God ?
Waiting............",Sarcastic,Sarcastic,Agree,86,17,True,Sarcastic
3286,assumption of 'millions'. they must of because how else can we account for the species today ? got any support for this ? i can prove the antidiluvians knew about and used pi. if man began as an ape/animal then how do you explain the fact that pi was not discovered until thousands of years later ? ray m.,Non-Sarcastic,Non-Sarcastic,Agree,305,59,True,Non-Sarcastic
3291,Not heard that before! made me laugh almost as much as your lettuce eating Tyrannosaur emoticonXGood,Non-Sarcastic,Non-Sarcastic,Agree,100,16,True,Non-Sarcastic
3293,"Chloe, the point of this thread is to help you understand what the argument is, not to give analogies to abortion.",Non-Sarcastic,Non-Sarcastic,Agree,114,21,True,Non-Sarcastic
3294,"awwww, is little sliiiiiiicky still unhappy with the elections? kiss nancy again and cry on her shoulder we are tired of it. let her wipe your snot nose and have a nice hot cup of tea. :) emoticonxhoho while you are at it, exactly what is the difference between 'regulation' and 'restriction' ? i notice your dope sucking law didn't pass in kalifornia so is that going to stop you? iow, if you don't get caught it is all right? is that your standard for regulation or restriction?",Sarcastic,Sarcastic,Agree,480,88,True,Sarcastic
3295,"Just like the plastic gun fear, the armour piercing bullet fear was built upon misinformation and myth.",Non-Sarcastic,Non-Sarcastic,Agree,103,17,True,Non-Sarcastic
3296,"Not entirely true. While we can't disprove that God created the universe, we can disprove many creationist claims. For example, we can disprove that the earth is 6000 years old.",Non-Sarcastic,Non-Sarcastic,Agree,177,30,True,Non-Sarcastic
3297,"Well, if history were binding we would still have slavery...and abortions being illegal for that matter. Something being done for a long time doesn't mean it makes it in the constitution. I don't know which part of the constitution has a ""preserve history"" clause.
",Non-Sarcastic,Non-Sarcastic,Agree,266,44,True,Non-Sarcastic
3298,why are these murders 'blatant racist killlings'? the article you posted makes it sound like a robbery gone bad.,Non-Sarcastic,Non-Sarcastic,Agree,112,19,True,Non-Sarcastic
3299,"Because when something passes every experiment thrown at it and when something fits observation better than anything else, then it's as near as damnit fact. We can get pedantic over this if you want, but the conclusion that reaches is that there are no facts. ",Non-Sarcastic,Non-Sarcastic,Agree,260,45,True,Non-Sarcastic
3300,"Only in the abortion forums, as this second post in this forum is a SEVERE breach in my standard operating procedures. I stumbled upon this forum when following a link you provided. I got interested and thought the record should be set straight.",Non-Sarcastic,Non-Sarcastic,Agree,245,43,True,Non-Sarcastic
3301,"I learned a few things from the post. The author claimed ""most households don't have guns"". According to 1997 stats, 25% of ALL US adults owned firearms. If you assume that there are typically two adults per household, that means 50% of households have guns, so the statement is false.   On a personal note, someone tried to break into my brother's apartment shortly after he was married. He quickly opened the door, yelled ""freeze MFer or I'll blow your head off!"" while holding a short-barrelled shotgun and watched the perp #### himself. being half asleep and in possession of a slightly modified shotgun, my brother didn't call the cops to report this self-defensive use of a firearm.",Non-Sarcastic,Non-Sarcastic,Agree,688,117,True,Non-Sarcastic
3302,"So god rested on the seventh day, but it could've been a millions years?",Non-Sarcastic,Non-Sarcastic,Agree,72,14,True,Non-Sarcastic
3304,"You should take a course in reading comprehension and civility.
Hebrew scholars overwhelmingly agree Genesis was meant to be read as history.
What they believe it is history is another story.
Some do , some don't .",Non-Sarcastic,Non-Sarcastic,Agree,217,37,True,Non-Sarcastic
3306,dear gawd that made me die laughing an blush. i'm going to hell for laughing...,Sarcastic,Sarcastic,Agree,79,15,True,Sarcastic
3309,"[/QUOTE]
UMM okay, and you no doubt put me in my place LMAO I'm sure it was pure poetry emoticonXSmilie",Sarcastic,Sarcastic,Agree,104,20,True,Sarcastic
3311,That's because the Taliban in Afghanistan didn't have any oil with which to bribe them.,Sarcastic,Sarcastic,Agree,87,15,True,Sarcastic
3313,"And would you care to tell us just what those ""official ideological goals"" are and where we might find a certifiable copy of them?",Sarcastic,Sarcastic,Agree,130,24,True,Sarcastic
3315,"And it doesn't stop there. Another of my favorites is how they loudly criticize radiometric dating (most commonly radiocarbon dating because they know no other kind) then shout from the rooftops that radiometric dating confirms the ""genuineness"" of ~2000 year old manuscripts...",Sarcastic,Sarcastic,Agree,278,42,True,Sarcastic
3316,"Sounds like Marilyn has been puffing the magic dragon a liiiittle too much!! Because I visited her website, I think I lost some intelligence just looking at the nonsense.",Sarcastic,Sarcastic,Agree,170,29,True,Sarcastic
3318,"Oh, and let's not forget the little incedent of Jesus tossing his best friend off a rooftop at age eight, just so he could bring him back from the dead! 
Talk about CREEPY!!!",Sarcastic,Sarcastic,Agree,175,33,True,Sarcastic
3321,"There are some very rare cases where abortion is legitimately allowable by society. However, most abortions do not fall under this catagory.",Non-Sarcastic,Non-Sarcastic,Agree,140,22,True,Non-Sarcastic
3322,"to be honest with you, i'm mildly amused at best.",Non-Sarcastic,Non-Sarcastic,Agree,49,10,True,Non-Sarcastic
3323,And if someone had written an ad proclaiming that black Americans are inferior the same thing would have happened as well. I can't justify what they did but when you put such a hot-button issue out like that into the open...it has to be expected. People have strong feelings about abortion rights (just like racism) and it is naive to think something like this wasn't going to happen.,Non-Sarcastic,Non-Sarcastic,Agree,384,68,True,Non-Sarcastic
3324,"thewayitis, i would say is one of the best debaters on here. he argues his points well, and doesn't relent.  his default picture matches his personality. a wise old man who knows exactly what he's talking about. i would absolutely like to dispute you. thewayitis is a fantastic debater, one whom i respect and often agree with.",Non-Sarcastic,Non-Sarcastic,Agree,327,57,True,Non-Sarcastic
3326,Who are these 1400 geologists? Got a list? Got a link other than the kooks? This 1400 number is only mentioned on your linked site. Nowhere else on the internet. Why?,Non-Sarcastic,Non-Sarcastic,Agree,166,31,True,Non-Sarcastic
3327,"Um, recorded and document Anglo/Irish history? The same history that led John Major and Anthony Blair to apologize to the Irish people.",Non-Sarcastic,Non-Sarcastic,Agree,135,22,True,Non-Sarcastic
3328,"Actually it started when they wrote the consitution - you can practice your religion, but you can't make me do it or even give a flying monkeys XXX about it.",Non-Sarcastic,Non-Sarcastic,Agree,157,30,True,Non-Sarcastic
3329,"No. Unless you wish to actually undertake the study of the relevant science, that's what you need to do. Creationists do the same thing. the problem is that creationists tend to accept the word of those who aren't any more educated than they are. Thus, a creationist will accept Hovind's dust on the moon argument or his shrinking sun argument as ""proof"" of a young earth.",Non-Sarcastic,Non-Sarcastic,Agree,372,66,True,Non-Sarcastic
3331,"Perhaps I should have used the ""sarcasm"" font. My bad. Was going for humor not unpleasantness.
Have yourself a peachy day.:)",Non-Sarcastic,Non-Sarcastic,Agree,125,21,True,Non-Sarcastic
3332,"Yeah everyone knows its wrong to make a graven image dont they Einstein.
You are really stupidemoticonXChicken",Sarcastic,Sarcastic,Agree,111,17,True,Sarcastic
3335,"anyone who serves in the military is a hero. once you sign on the dotted line and take that oath, you are allowing for the possibility for death by combat at anytime. perhaps others didn't get the recognition she got, but that's not her fault. the media needed a 'darling of enduring freedom' poster child and she got picked.",Non-Sarcastic,Non-Sarcastic,Agree,325,59,True,Non-Sarcastic
3339,"when i was in high school lots of the kids stole stuff all the time... stuff their parents didn't want to buy them, peer pressure etc. i'm not trying to be an ass either i'm just surprised at your views on this...  maybe i'll make a debate and we can see what people on here think.",Non-Sarcastic,Non-Sarcastic,Agree,281,56,True,Non-Sarcastic
3340,"Are you suggesting that if abortion were banned that abortion clinics that are already done will flood the US? Please, get real here. People would probably go across the bordor and get abortions there...you might have drugs from canada come over that caus",Sarcastic,Sarcastic,Agree,255,43,True,Sarcastic
3341,"'Life threatening condition that is always physically harmful""? What a giant load of steamy BS. Rarely is pregnancy physically harmful and even rarer is it life threatening. There are over 6 Billion people on this earth today. If motherhood was so damn dangerous, don't you think the population would be a lot lower, even if it was just due to mothers keeling over after giving birth? Where do you get this BS from, Planned Parenthood? ",Non-Sarcastic,Non-Sarcastic,Agree,436,75,True,Non-Sarcastic
3342,When I want the opinion of a spiritually-dead nincompoop I'll call you.,Sarcastic,Sarcastic,Agree,71,12,True,Sarcastic
3343,"Almost? Usually, that is true, and it involves selection between populations. However, there are often times when some of a population is better able to survive. Those times, selection occurs within a population.",Non-Sarcastic,Non-Sarcastic,Agree,212,33,True,Non-Sarcastic
3345,You show me the post where I said I thought terrorists killing children was a good idea and I will eat my keyboard.,Sarcastic,Sarcastic,Agree,115,23,True,Sarcastic
3351,"oh yes you can, the 'eternal word of god' is malleable; what do you think the clergy are for? four centuries ago they would have burned a gay person at the stake if it was certain. now they are 'disordered' but it's now a 'delicate' matter.",Sarcastic,Sarcastic,Agree,240,46,True,Sarcastic
3354,Isn't agreeing with what? The senate hasn't passed any laws that would restrict right to carry anymore than it already is.,Non-Sarcastic,Non-Sarcastic,Agree,122,21,True,Non-Sarcastic
3357,The difference of 43 deaths a year is the 4th largest flucuation since 1990 - not what you call insignificant. Would this difference be made if more guns did equal more crime?,Sarcastic,Sarcastic,Agree,175,32,True,Sarcastic
3358,Oh please... You just refuse to acknowledge anything of a victory for LGBT people.,Non-Sarcastic,Non-Sarcastic,Agree,82,14,True,Non-Sarcastic
3361,"Ya know Doc, it is really hard for someone to travel to a shooting sports event in another state. One would usually have to drive or go through ridiculous lengths in order to transport their firearm. I am glad to see some sanity in our laws now! Although I sincerely doubt that the Antis are happy about it.",Non-Sarcastic,Non-Sarcastic,Agree,307,58,True,Non-Sarcastic
3362,"how does this change the fact that it was a defeat? guns had an effect, i don't doubt that they would - but not enough. i was using a tactic known as 'using omega's own arguments against himself'. i think that a gun ban would have a drastic effect on gun ownership levels. you have often disagreed. i'm just pointing out it's logically inconsistent for you to maintain both arguments.",Non-Sarcastic,Non-Sarcastic,Agree,384,70,True,Non-Sarcastic
3364,"The mechanism, according to biologists, is a random mutation that would usually not reproduce much, but reproduces when the rest of the bacteria are removed. The mutation becomes a standard gene at this point.",Non-Sarcastic,Non-Sarcastic,Agree,209,34,True,Non-Sarcastic
3368,"Hoo boy! That target just got larger. You still don't get it, do you? Not a ""slave contract,"" but a covenant, a promise :)",Sarcastic,Sarcastic,Agree,122,24,True,Sarcastic
3371,"hey, heres a wacky idea..... how about some evidence to support creationism, ray? its all well and good finding fault with the paradigm, but the 'failure' of evolution to explain whatever it is you are rambling about, does in no way build a case for your belief.  so lets be seeing it. evidence for a 6000 year old earth, made by god.",Non-Sarcastic,Non-Sarcastic,Agree,334,62,True,Non-Sarcastic
3372,Pregnancy is a health issue only for the woman. Your glib remark pretending to sympathy is insulting.,Sarcastic,Sarcastic,Agree,101,17,True,Sarcastic
3373,"So would you care if abortion were outlawed. If so, what would be bad about allowing a view that places objective value in human life to be the basis for making law?",Non-Sarcastic,Non-Sarcastic,Agree,165,32,True,Non-Sarcastic
3374,"Exactly so.
 
 Pro-choice people would not impose their values on anyone; profetallifers would impose theirs on every woman of child bearing age.emoticon_angry",Sarcastic,Sarcastic,Agree,161,22,True,Sarcastic
3376,So what? How long did the idea of magical creation out of nothing in 6 days hold prevelance before somebody actually challenged it scientifically?,Non-Sarcastic,Non-Sarcastic,Agree,146,24,True,Non-Sarcastic
3379,"Yes, he threw the ID camp a bone.   Tell us, Monty - what have the ID 'scientists' been doing to look for design?   I mean besides reading other people's research and proclaiming ""See! Design!""?",Non-Sarcastic,Non-Sarcastic,Agree,194,34,True,Non-Sarcastic
3381,Because you know the peer review process is biased. Anything submitted for peer review with a recognizable name like Dembski or Behe will be automatically rejected before the first word is read. The scientific community's problems are just that big.,Non-Sarcastic,Non-Sarcastic,Agree,249,40,True,Non-Sarcastic
3383,oh yes i forgot to answer the key question: where does information come from. its a simple answer. from a local decrease in the degree of disorder. ie a reversal of local entropy. see adami for a development in mathematical and biological terms.,Non-Sarcastic,Non-Sarcastic,Agree,245,43,True,Non-Sarcastic
3385,"Back in 1967, societal view of marriage was opposite-sex. Wait ... it's STILL that way. (Seen the ballot initiatives around the country?!) The point is that letting blacks marry whites didn't fundamentally redefine marriage, because it was still between a man and a woman.
",Sarcastic,Sarcastic,Agree,274,44,True,Sarcastic
3387,"It is not only supposedly ""junk DNA"" that was used for these kind of arguments. The vertebrate eye has been preached to be a bad design. Why? Why is it a bad design?  The human eye contain bona fide optical fibers to conduct light (nice illustration). B",Non-Sarcastic,Non-Sarcastic,Agree,253,47,True,Non-Sarcastic
3391,Simone: I'm a chronic sufferer: I thought of asking Easyrider for a prescription.,Sarcastic,Sarcastic,Agree,81,13,True,Sarcastic
3393,"a minute without kids? what's that? :) and about the thread - it might be a touchy subject. reckon? oh, and thanks - i feel 28! emoticonxcool",Sarcastic,Sarcastic,Agree,141,27,True,Sarcastic
3394,"Nope. Not part of evolutionary theory. It would be stupid to claim that increased genetic variability would ""disallow"" any portion of the population from breeding.",Non-Sarcastic,Non-Sarcastic,Agree,163,25,True,Non-Sarcastic
3399,I suspect a good many monitors and keyboards got cleaned on that one? ;),Sarcastic,Sarcastic,Agree,72,14,True,Sarcastic
3400,"How about not clicking the ""reply "" button twice (heh,heh,) No, we didn't (Thank goodness) AND! PM Blair is recanting from the Kyoto protocol. Bully for him!",Sarcastic,Sarcastic,Agree,157,27,True,Sarcastic
3401,Yes. So you are indeed committing the genetic fallacy. And apparently unaware of the semantic ambiguity of the sixth commandment. Thanks for clarifying.,Non-Sarcastic,Non-Sarcastic,Agree,152,23,True,Non-Sarcastic
3407,"Hey star gazer, how do you know he didn't provide those ""private sellers"" also? You understand a man bent on the law is willing to go all the way.
I wouldn't believe him if his tongue was notorized. Pictures? LOl",Sarcastic,Sarcastic,Agree,213,40,True,Sarcastic
3408,"i'm surprised that 'the sixth sense' didn't make anyone's list. the twist at the end totally caught me off guard and blew me away. i also like forest gump, slingblade, platoon, top gun, the wizard of oz, shawshank redemption. there are more but it's monday.... :p",Non-Sarcastic,Non-Sarcastic,Agree,263,46,True,Non-Sarcastic
3409,"And like the police , the Navy could plan and execute raids.",Non-Sarcastic,Non-Sarcastic,Agree,60,12,True,Non-Sarcastic
3410,"Good one, Truthsayer emoticonXGood 
...a rich white woman... LOL! Gotta be from Texas. :p",Sarcastic,Sarcastic,Agree,90,14,True,Sarcastic
3412,"Well, it might be hard to convince people that you aren't ignorant of some of the facts, although it appears that you're not completely ignorant of all of the facts... On the other hand, only Christians might label you as ""anti-Christian"" for rejecting literalism.",Sarcastic,Sarcastic,Agree,264,44,True,Sarcastic
3413,Well that's a stupid statement. Stupid enough that I can't even wrap my head around it and make a proper comparison.,Sarcastic,Sarcastic,Agree,116,21,True,Sarcastic
3414,"Of course not. But if you know that the ritz cracker will eventually grow up to look like you and me, I wouldnt eat it. 
",Sarcastic,Sarcastic,Agree,122,25,True,Sarcastic
3419,"I have never, and will never stand for reasonable gin control laws. After all, I hate vodka martini's.",Sarcastic,Sarcastic,Agree,102,18,True,Sarcastic
3420,But doesn't Genesis imply that creation occured in one 7-day period (though the days could be symbollic)?,Non-Sarcastic,Non-Sarcastic,Agree,105,17,True,Non-Sarcastic
3422,"I'm sure the response is that He could. But, y'know, God's a real XXX sometimes... (Besides, who do you think used His uber-complex biochemical engineering skills to create the prions responsible for FFI, anyway?)",Sarcastic,Sarcastic,Agree,213,34,True,Sarcastic
3424,"I never said anything about a conspiracy Peeling. I very clearly gave valid reasons to Consider that scientific GRANTS and pay increases for these scientists are based on making new and previously undiscovered claims that forward the science. That is the greatest motivation to lie, cheat, create and falsify evidence which adds to the scientists personal wealth and further promotes a false science that is rife with selfish motivations to preserve, protect and promote it.",Non-Sarcastic,Non-Sarcastic,Agree,474,75,True,Non-Sarcastic
3425,"quote from simone 'and, being forced to carry to term and give birth to the spawn of a rapist compounds the harm of the rape many times over.' have you thought about therapy darling ?",Sarcastic,Sarcastic,Agree,183,35,True,Sarcastic
3426,"you're joking, right?!?!?! you really believe books, teachers, computers, etc. are more important than a hungry child whose parents cannot afford to pay? wow...",Sarcastic,Sarcastic,Agree,160,24,True,Sarcastic
3427,"Then what's Mississippi's problem? They must be run by a-holes because they are being forgotten.
",Sarcastic,Sarcastic,Agree,98,15,True,Sarcastic
3428,"Translation; ""Do what I say or I will kick your @ss."" Sounds a lot like the mafia. And you love this diety?",Sarcastic,Sarcastic,Agree,107,22,True,Sarcastic
3430,Right. The frenquecy of the alles have changed over time.,Non-Sarcastic,Non-Sarcastic,Agree,57,10,True,Non-Sarcastic
3431,"Yes, it is, and I'll gladly excuse his grammar compared to my zero ability in Hungarian.",Non-Sarcastic,Non-Sarcastic,Agree,88,16,True,Non-Sarcastic
3433,"I am just passing on what I seen personally. I am not trying to prove anything. Just sharing an observation. 
PS...from ""our"" point of view? You got a mouse in your pocket? Please explain.",Sarcastic,Sarcastic,Agree,189,34,True,Sarcastic
3435,"Remember the old Adage ""know thy enemy""? emoticonXGood 
Just because I explain how one CAN fight terrorism doesn't mean that one SHOULD fight terrorism that way. Don't worry, I haven't lost my humanity, yet. emoticonXRolleyes",Sarcastic,Sarcastic,Agree,226,35,True,Sarcastic
3436,"What facts? The article above your post is replete with documented facts. Are you in denial? Have you even read the article? Are all of your responses knee-jerk, shoot-from-the-hip defense mechanisms?
Pay attention.",Sarcastic,Sarcastic,Agree,216,33,True,Sarcastic
3437,"And the Brady background check has not been repealed either so by your ""logic"" it must be effective.",Sarcastic,Sarcastic,Agree,100,18,True,Sarcastic
3438,** This is the best response you've got!?! What a loser!!,Sarcastic,Sarcastic,Agree,57,11,True,Sarcastic
3440,"since when has religion been pragmatic or based upon systems that works?
Obvious answer: never.",Sarcastic,Sarcastic,Agree,96,15,True,Sarcastic
3441,what extra weight? emoticonxconfused of course there are exceptions to every rule as far as women go........,Sarcastic,Sarcastic,Agree,108,17,True,Sarcastic
3442,"most parents today don't buy their kids toy guns and certainly not realistic replicas. why don't you just stop defending unscrupulous merchants that sell dangerous toys in violation of federal law? cops are human, they make mistakes. easy for you, the armchair patriot, to criticize.",Sarcastic,Sarcastic,Agree,283,45,True,Sarcastic
3443,so what you're saying is that you can't?  as a political move to satisfy the pro-life constituents that put them in office.,Sarcastic,Sarcastic,Agree,123,22,True,Sarcastic
3446,Most certainly. The fact that you think that it is unnecessary only underlines your ignorance. Why don't you discuss beetle lungs for us. Those are organs necessary for the survival of both bears and cheetahs. How about livers. Same story. Thyroid? Pituitary? Pancreas? Go for it.,Sarcastic,Sarcastic,Agree,280,46,True,Sarcastic
3447,"god, this has been argued against a thousand times. by this deffinition masterbation is killing, menstration is involentary manslauter. by this deffinition you kill someone every time you walk by a carrot without eating it.",Sarcastic,Sarcastic,Agree,223,35,True,Sarcastic
3449,It ok if one persons bottle is bigger or do they kinda have to be roughly equal in size? really.,Sarcastic,Sarcastic,Agree,96,20,True,Sarcastic
3450,But it should be the job of science to establish a clear line between just where established fact stops and philosophy starts. There's no indication that they're getting it done.,Non-Sarcastic,Non-Sarcastic,Agree,178,30,True,Non-Sarcastic
3451,"Sounds like lots of arbitrary statements.   Your assuming things to be true, and attacking the person not the argument.",Non-Sarcastic,Non-Sarcastic,Agree,119,19,True,Non-Sarcastic
3453,"I'll let you know if or when I'm ignoring you, O Hell-bound spawn of Satan.",Sarcastic,Sarcastic,Agree,75,15,True,Sarcastic
3454,wow. i can't believe they block it. it's not like facebook or porn. it's actually educational (sort of.) haha,Sarcastic,Sarcastic,Agree,109,19,True,Sarcastic
3456,"The curriculum is legal outside the public school system, and used in private schools. (I left a couple of sample links on the other board.) So do you see those private schools as engaged in child abuse?",Non-Sarcastic,Non-Sarcastic,Agree,203,37,True,Non-Sarcastic
3458,This is not true or requires at least more justification.,Non-Sarcastic,Non-Sarcastic,Agree,57,10,True,Non-Sarcastic
3461,why don't they just ask the teachers? that's what the teachers are there for after all. -wez,Non-Sarcastic,Non-Sarcastic,Agree,92,17,True,Non-Sarcastic
3462,"so, because you are ignorant, you change yoru position rather than look at the information? there is plenty of evidence there.  but, to each their own.",Sarcastic,Sarcastic,Agree,151,26,True,Sarcastic
3463,"Oh, we could let them in I guess. How much room would it take up in a textbook, two pages maybe?",Sarcastic,Sarcastic,Agree,96,21,True,Sarcastic
3464,anything that does not predict imminent catastrophe seems to irritate you doesnt it? my point is that eco worrying is not an exact science.,Sarcastic,Sarcastic,Agree,139,24,True,Sarcastic
3465,"i think you're not understanding me. skin color is genetic. you are saying the skin color represents genes. ...we're arguing for the same thing. i know, i'm shocked.",Sarcastic,Sarcastic,Agree,165,28,True,Sarcastic
3466,"if you can find an impartial judge, i'll take you up.",Sarcastic,Sarcastic,Agree,53,11,True,Sarcastic
3467,"Wrong again. 
Do you wait and try to think up really dumb things before you post, or is it more of an effortless, blurting process?
Look here, genius",Sarcastic,Sarcastic,Agree,151,28,True,Sarcastic
3470,"because all children should have parents who want them dearly.btw, ""moral relativism"" is absurd. a phase people pass through as they discover diversity and is bewildered by it, thinking all are equally valid. it is a stance of both immature/superficial reasoning and moral depravity.",Non-Sarcastic,Non-Sarcastic,Agree,283,44,True,Non-Sarcastic
3472,"And you've been failing miserably, partly because your definition of ""atheism"" is asinine. Even most Christians would disagree with you.",Sarcastic,Sarcastic,Agree,136,20,True,Sarcastic
3473,"you don't see him leading the pack, do you? no family jewels. i'm surprised he doesn't run to canada. emoticonxchickenemoticonxchicken",Sarcastic,Sarcastic,Agree,134,20,True,Sarcastic
3474,does everyone who is in nambla identify as gay? i really don't know.,Non-Sarcastic,Non-Sarcastic,Agree,68,13,True,Non-Sarcastic
3475,"Sure you don't want to address the gaping holes in your argument. That's up to you.
",Sarcastic,Sarcastic,Agree,85,16,True,Sarcastic
3476,"Oh, now you've got Obama leaving a mess in your hole, and James Carville blasting your hole (Spicy Cajunspunk)?Now Bubba's not so sure about wanting to plug/plough your hole. Boy you really do get around, EZ. That hole must be pretty wide and loose.",Sarcastic,Sarcastic,Agree,249,44,True,Sarcastic
3477,"Actually that was obvious based on your type of irrational reasoning.
",Sarcastic,Sarcastic,Agree,71,11,True,Sarcastic
3478,"i love how the rightie wingnuts think that obama is a socialist muslim when their own mentally defective vp nominee is a practicing member of the pentacostal church, and a creationist. at least obama's head is screwed on properly.",Sarcastic,Sarcastic,Agree,230,39,True,Sarcastic
3479,I am still waiting for you to tell me why the gay priests only molested boys.......It has to do with how they are physically contructed.........,Non-Sarcastic,Non-Sarcastic,Agree,144,25,True,Non-Sarcastic
3480,"deception is not an admirable trait for a democratic government as it does represent the people, the citizenry. do you wonder why hate is directed at our country and not our leadership? we're considered deceptive as a nation because our leadership made a bad call with iraq and even though the american public bought the series of refocusing, most of the world caught us in a lie. how can we be trusted to not invade and occupy any country that disagrees with our ideology? and you wonder why smaller countries are scrambling for nuclear weapons?",Non-Sarcastic,Non-Sarcastic,Agree,546,95,True,Non-Sarcastic
3481,"Or maybe they do? Could this sick, perverted individual be the spokesperson for the so called ""gay movement""?",Sarcastic,Sarcastic,Agree,109,18,True,Sarcastic
3483,"What's sick is your theological comprehension.
God took Ananias and Sapphira (Acts chapter 5) off the earth just for lying. And you want to give JFK, the serial adulterer, a pass? That's how lame your theological thinking is.",Sarcastic,Sarcastic,Agree,226,38,True,Sarcastic
3484,"Somewhere in the middle? I always though it was solidly to the Right. :p 
",Sarcastic,Sarcastic,Agree,75,14,True,Sarcastic
3485,"That's right, a higher view of the fetus than there currently is typically in our culture. I have no problem with anyone referring to it that way.",Non-Sarcastic,Non-Sarcastic,Agree,146,27,True,Non-Sarcastic
3489,"No, but the Roman persecution of Christians, covering Christians in pitch, Roman garden parties, witnesses for Christ being killed for their faith etc. is as irrelevant as it gets. Just be careful, that's all I'm saying. There is a place for that topic.",Non-Sarcastic,Non-Sarcastic,Agree,253,43,True,Non-Sarcastic
3491,"what knowledge do you have concerning haliburton?  they are a conglomeration construction companies who, because of their qualifications, get overseas contracts. knowledge of codes and history of quality being factors. you seem to oppose their success. why?",Non-Sarcastic,Non-Sarcastic,Agree,257,37,True,Non-Sarcastic
3492,"What do you mean by 'Yet it still stands'? Are you saying that it has ultimate authority, or it is simply a cultural fairy tale that so many are frightened to discard?",Non-Sarcastic,Non-Sarcastic,Agree,167,32,True,Non-Sarcastic
3495,"Hmmmmm. Reaction Formation much?
Wow. I didn't know refuting an analysis was possible by religiously adhering to the concepts you are trying to prove nonexistant.",Sarcastic,Sarcastic,Agree,163,25,True,Sarcastic
3496,"Oh, don't be so hasty Bear in mind that at the scale upon which bacteria operate, molecules are significant physical structures. The bacterial flagellum, for instance, is an outboard motor constructed directly out of proteins, which are in turn directly, physically translated via RNA from DNA sequences. The physical shape of the folded molecular structure of those proteins is what makes the motor work. So there's nothing abstract about the relationship between DNA and the organism's physical form or abilities.",Non-Sarcastic,Non-Sarcastic,Agree,515,80,True,Non-Sarcastic
3498,"This decision was not solely based on self, but then, I really don't give a if you want to call me selfish - the facts speak for themselves.",Sarcastic,Sarcastic,Agree,140,28,True,Sarcastic
3500,"Quoted for truth. 
Your selected style actually offers effective real world application. Kung Fu is dance. TKD and Karate have faired poorly in MMA. Muay Thai and BJJ seem to be popular these days for good reason.
Are we having fun yet?",Sarcastic,Sarcastic,Agree,238,42,True,Sarcastic
3501,You're living in an absolute naive dream world about this guy. I think I should be trying to sell YOU the beachfront property.,Sarcastic,Sarcastic,Agree,126,23,True,Sarcastic
3502,"This caught my eye. armor-piercing handguns, cop killer handguns. What exactly is an Armor piercing handgun? And who sells those?   Nothing like making up some stuff to make the problem seem worse than it is. Handgun bullets that will defeat a policeman's vest are already illegal! Nothing like throwing in a few lies~!~",Sarcastic,Sarcastic,Agree,320,53,True,Sarcastic
3503,Purposefully communicating information as a means to an end... wound healing.,Non-Sarcastic,Non-Sarcastic,Agree,77,11,True,Non-Sarcastic
3504,"Ok, if Max is a hillbilly for his punctuation, then you, Ray, aspire to hillbilly-hood! Max hitting some typos while talking about other's intelligence was funny . You going after someone's English is just plain ludicrous! Do you really not know how awful your writing is?",Sarcastic,Sarcastic,Agree,272,46,True,Sarcastic
3505,"And you are an outright liar. Obama moved money from the ripoff of Medicare Advantage into actual health care in the real Medicare.
And, speaking of lying snakes, ER, doesn't your forked tongue get all tangled up in your mouth?",Sarcastic,Sarcastic,Agree,228,40,True,Sarcastic
3507,And I'm guessing by your misinformed posts that you have not been high before. Did you recently watch a film called Reefer Madness by any chance?,Sarcastic,Sarcastic,Agree,145,26,True,Sarcastic
3509,"Far too simplistic to be called accurate, there is some truth in this.",Non-Sarcastic,Non-Sarcastic,Agree,70,13,True,Non-Sarcastic
3511,"The only 'duty' that any human being has with a parasite is to extract it as quickly as they can, if they chose to do so.",Non-Sarcastic,Non-Sarcastic,Agree,121,26,True,Non-Sarcastic
3512,"So you've got nothing! That's what I thought. All mouth and no substance.
You can try saving your tainted reputation by showing us your best 1 alleged geography screw-up from the Gospels.
Where's the beef???",Sarcastic,Sarcastic,Agree,209,35,True,Sarcastic
3513,well that won't help you when you go to hell...Woo hoo,Sarcastic,Sarcastic,Agree,54,11,True,Sarcastic
3514,"uh, yeah, that was their intent! Under color of law no less. The truth always seems to be your worst enemy doesn't it?",Sarcastic,Sarcastic,Agree,118,23,True,Sarcastic
3516,"Lol, daewoo, welcome to the wrong club; members include jet, PhD's and some college textbooks. Do you agree with him that dark skin absorbs less light? Do you think lighter skin absorbs more light and thus conveys and advantage in the cold dark north?
",Sarcastic,Sarcastic,Agree,253,44,True,Sarcastic
3517,"Very well said. However, we also believe that gun owners should get as much training as possible, necessary, desired etc. It just should not be required to participate in a Right Recognized by your Constitution as Inalienable, and therefore protected. That sets a bad precedence for the rest of our Bill of Rights. However, safe handling of any potentially dangerous tool is just common sense.",Non-Sarcastic,Non-Sarcastic,Agree,393,65,True,Non-Sarcastic
3519,"no. go back 6 million years ago ... oh yeah! i forgot that you lived back then... okay, but all joking aside, we can't really know. however, if the bible is correct, then they did believe in god. you know, 'cause he directly spoke to them.",Sarcastic,Sarcastic,Agree,239,46,True,Sarcastic
3520,"With regard to this statement you have to consider:1. How can anyone know what product an ""intelligent designer"" wanted.2. Even from the example of life on Earth we can clearly see there is nothing easy at all about the path life has taken over the millenia.But I think it is possible to hold your position, although it can be a tricky one by virtue of the entrenchment of opinions that has occured in the religion science debate- due to the less than pragmatic attiudes of some of the participants.",Non-Sarcastic,Non-Sarcastic,Agree,499,89,True,Non-Sarcastic
3521,"i love it when people do this. 'you have to prove everything you say, but i'm allowed to simply make assertions and it's your job to show i'm wrong.'",Sarcastic,Sarcastic,Agree,149,29,True,Sarcastic
3522,"Ah, back in the day. I get misty eyed when I think of back then. Trading horses for wives... no antibiotics... poor nutrition... having 10 kids so 2 live to adulthood. Ah, the memories :D
Fallacy. Just because it's an old idea does not make it a good idea.",Sarcastic,Sarcastic,Agree,257,49,True,Sarcastic
3523,"It's a flawed step in the right direction. I support it compared to nothing. I did not support it when they were considering CUs vs. full marriage. They took the politically expedient way out.Lest you leap to any unwarranted conclusions, my main objection is the blatent inequality inhererent in CUs.",Non-Sarcastic,Non-Sarcastic,Agree,300,50,True,Non-Sarcastic
3525,"Wait until Gen. Petraus' report comes out, then you'll eat those words. BTW, do you take ketchup or mustard with that? ;)",Sarcastic,Sarcastic,Agree,121,22,True,Sarcastic
3526,"Oh. Thanks for pointing that out. I didn't recall reading that rule, but it certainly makes sense.",Non-Sarcastic,Non-Sarcastic,Agree,98,17,True,Non-Sarcastic
3527,"Sounds anti-government to me. Are you against your President's economic policies, the fed, bureacracy and tee poor public education?Sounds probably who SEIU should have directed their gall toward and not a man's personal property and family...with the police help of course and purloined school busses. Do the taxpayers owe the SEIU anything? Nope but the SEIU according to CNN owes more than 90 million along with 4 million in interest. Perhaps if they paid their bills they wouldn't add to the public debt by using government property to protest government policy?You wrote it but didn't understand what you wrote...darn public schools emoticonXGood",Sarcastic,Sarcastic,Agree,651,102,True,Sarcastic
3528,"Sure Justine, just like all those gay couples that waited until their state recognized gay marriage to tie the knot on TV. And then once the media got tired of it it's died down to a trickle in Massachusetts . . .   Marriage as a political lobbyists' tool isn't too sacred IMO.",Sarcastic,Sarcastic,Agree,277,52,True,Sarcastic
3530,"You apparently know as much about law as you do about science. You wouldn't be arrested for having someone willingly consume a plant unless that plant was a controlled substance and last time I checked, poppy and weed weren't cancer cures.",Sarcastic,Sarcastic,Agree,239,41,True,Sarcastic
3535,So if you are not naive then you must be evil,Sarcastic,Sarcastic,Agree,45,11,True,Sarcastic
3537,"i feel the opposite is true. i feel a lack of hierarchy adds complication to the layout. it's pretty functional don't get me wrong. freaking cool site, but i mean you have all this opportunity to explore hierarchy and color (brand = two colors, blue/orange, arguments has 2 choices...). they even dabbled in it a little with the 'add argument' buttons above. the grid structure of the layout seems mildly confusing as well. for instance, the vertical alignments of usernames with their respective arguments could match up more uniquely to aid in clarity. or if the leading (space between lines of text) wasn't so consistent, each 'argument' might be better framed visually, without the addition of graphics or color. obviously, this is not gospel or some fantastic soultion, i just think lack of color could be one of a few ideas on improving clarity and functionality of the site.",Non-Sarcastic,Non-Sarcastic,Agree,881,149,True,Non-Sarcastic
3539,So now you want to demonstrate that you are also ignorant of the fossil record?,Sarcastic,Sarcastic,Agree,79,15,True,Sarcastic
3541,"They say: don't say this incorrect statement, say this other one instead!Wow, the ""information"" thing will never cease to kill me.",Sarcastic,Sarcastic,Agree,130,21,True,Sarcastic
3543,oh sure there is. you would just have a lot of angry off people though.,Sarcastic,Sarcastic,Agree,71,15,True,Sarcastic
3544,"As I have pointed out, the only BS here is your accusations.",Sarcastic,Sarcastic,Agree,60,12,True,Sarcastic
3547,"You can argue anything you want at Yaweh's restaurant. All things are possible with GOD, there is no way to debate anyone who actually believes that and sticks to it.",Sarcastic,Sarcastic,Agree,166,30,True,Sarcastic
3548,"So? Isn't that exactly what we would want: people who conduct legal business instead of illegal business? That means less crime, even if organized crime is still into other things. Making a drug illicit effectively creates another market for organized cri",Non-Sarcastic,Non-Sarcastic,Agree,255,41,True,Non-Sarcastic
3550,Are there many liberal democrat left wing thinking born again Christians? Weird huh?,Sarcastic,Sarcastic,Agree,84,13,True,Sarcastic
3554,"I think your idea has merit. However, before I would fully endorse it, I am interested in how you see it being implemented and administered from the standpoint of equal protection under the law.",Non-Sarcastic,Non-Sarcastic,Agree,194,34,True,Non-Sarcastic
3555,"Umm I dunno that whole faith thing is kind of important. Oh I get it you were being insulting.... Gotcha.... BTW hows that whole spiritual enlightenment thing working out for you?
",Sarcastic,Sarcastic,Agree,181,31,True,Sarcastic
3556,"so? anyone can be a victim of sociopaths, no matter what their version of the golden rule. making one vulnerable or not, it's still a 'nicer' form of the ethic. what makes 'social cohesion' is peoples' desire for self-preservation, not compassion for others. that's not the golden rule, it's just the understanding that people are better off if they get along with others. it's sort of like the 'mutually-assured-destruction' doctrine of the cold war.",Non-Sarcastic,Non-Sarcastic,Agree,451,74,True,Non-Sarcastic
3557,"Yeah, right, JO, socialist countries are Eden Mecca's all over the world today. No matter how many times they fail, its proponents just need another chance.",Sarcastic,Sarcastic,Agree,156,26,True,Sarcastic
3558,"I actually agree. Make it legal and sign away your rights. However - there are plenty of fathers who opt....... ""Deadbeat Dad"" is practically a profession.",Sarcastic,Sarcastic,Agree,155,26,True,Sarcastic
3559,"Oh...come on Steeeeve...you know Bush is actually making it worse. After all, it is happening on Obama's watch, and we have got to have someone to blame. Bush was the president...let's just blame him. emoticonXRolleyes",Sarcastic,Sarcastic,Agree,218,35,True,Sarcastic
3560,"no doubt referencing fox, huh? silly me, i should watch the real experts...cnn, cbs, nbc, abc...oh yeah, folks i would trust to give me complete, unbiased reporting. anyway, you choose to follow whatever the scumbag husband says, and i choose to follow the prudent path. by the way, she was already in this 'vegetative state'...how could he have suddenly decided it's not what she wanted...coincidentally around the time he shacked up with the other chick...gullible to say the least",Sarcastic,Sarcastic,Agree,483,79,True,Sarcastic
3561,"Oh, we don't have to - sorry, I wasn't clear enough there. What I'm trying to do is correct your misapprehensions concerning common descent. You said this:",Non-Sarcastic,Non-Sarcastic,Agree,155,27,True,Non-Sarcastic
3563,And I would appreciate your refraining from calling your mythology a theory.,Sarcastic,Sarcastic,Agree,76,12,True,Sarcastic
3564,"**Excuse me, walkingfish, for butting in, but I'd like to reiterate my point to schuster that Darwin's theory of ""Natural Selection"" is just an outgrowth of an ancient social rationalization for unequal distribution political/economic power and privilege, (that is, social elitism, aristocracy and racism), falsely and anthropomorphically applied to non-human life.",Non-Sarcastic,Non-Sarcastic,Agree,365,51,True,Non-Sarcastic
3565,"Well firstly we do not know that ""volition"" must be embodied in living organisms only - computers MIGHT be capable of exhibiting it. I think you will find that there is NO valid reason for believing otherwise. And volition itself is NOT a defining characteristic of life. No biologist would buy that assumption. Sponges, bacteria, corn plants etc etc etc are mindless organisms and so far as can be determined do not act out of volition.",Non-Sarcastic,Non-Sarcastic,Agree,437,76,True,Non-Sarcastic
3566,"Well, I like to call myself, liberally conservative. I vote my guns. If the candidate says he'll protect my gun rights, and he, or she, has the history to prove it, they'll get my vote.   So, no, I didn't vote for Obama, in spite of what he said during the campaign, and in spite of that traitorous NRA member who made that disgusting ad for BHO.   Frankly, I'd have preferred someone other than McCain also, but all the better choices were not in the race.",Non-Sarcastic,Non-Sarcastic,Agree,457,85,True,Non-Sarcastic
3567,Actually Archie it was neither left nor right. he went after both democrat and republican and took a center tone to the entire issue at hand. Portraying the reality of the suffering of his hometown due to jobs leaving the US and the greed on wall street.,Non-Sarcastic,Non-Sarcastic,Agree,254,47,True,Non-Sarcastic
3568,"Not at all. Intelligent design lacks science as a whole as it is incapable of producing experiments to prove its assertions or provide geological evidence or even contemporary evidence that its claims are indeed valid.   Essentially Intelligent design is nothing more then Goddidit. Things are too complex to explain at the current moment, with the current understanding, therefore God was responsible. ID is fundamentally no different then Animism. What cannot be explained now is the work of God. But instead of rain and sun, it's now the eye. The principle argument has not changed.",Non-Sarcastic,Non-Sarcastic,Agree,585,94,True,Non-Sarcastic
3569,"As I have said before (paraphrasing):
""You can teach any parrot to squak. "" emoticonXAngel",Sarcastic,Sarcastic,Agree,91,15,True,Sarcastic
3570,"No, there really aren't. As for Robertson, why do you think I said he was right (as in global warming is happening and we are largely responsible) by sheer luck?",Sarcastic,Sarcastic,Agree,161,30,True,Sarcastic
3571,"No, we shouldn't abolish every flawed system. However, when the flaw results in putting innocent people to death, it is not worth the risk.In 26 years the death penalty has been in effect in my home state of Illinois, there have been more people exonerated due to irrefutable evidence than have been put to death. I think that constitutes a serious problem.",Non-Sarcastic,Non-Sarcastic,Agree,357,62,True,Non-Sarcastic
3573,"oh yes, that time when you were on two ships at the same time in different oceans? or how about when you were a mid level naval officer who suddenly became a high level army advisor to the south vietnamese?  you're lying.",Sarcastic,Sarcastic,Agree,221,42,True,Sarcastic
3574,He only understands natural selection when he belives that it goes against what is accepted by scientists.,Non-Sarcastic,Non-Sarcastic,Agree,106,17,True,Non-Sarcastic
3575,hey? what happened to prodigee's sock account that was cussing me out??? it used to be here... i guess andy deleted it. :(,Non-Sarcastic,Non-Sarcastic,Agree,122,23,True,Non-Sarcastic
3576,"Look who's talking. 
Besides, it's a free country. It's not ""Politically Correct Treborville"" that we're playing here.",Sarcastic,Sarcastic,Agree,119,17,True,Sarcastic
3577,Well that lets out most of the supreme court when RvW comes up! And of course 1/2 give or take of the voters would be disqualified if relevant issues come up to a vote. Perhaps we should start an effort to amend the constitution to incorporate your idea!,Sarcastic,Sarcastic,Agree,254,48,True,Sarcastic
3578,"I only have a BA, Symbiote, so quit using these big words and complex ideas. :) Could you please explain how it is weak philosophically and devolves into a self-defeating relativism?",Sarcastic,Sarcastic,Agree,182,31,True,Sarcastic
3581,How uninteresting must that be for you to intentionally spend time annoying people on the internet?,Sarcastic,Sarcastic,Agree,99,16,True,Sarcastic
3582,you certainly make a good point. i have found that most cat lovers are liberals. liberalism is a form of mental illness. that explains alot about cat lovers. :),Sarcastic,Sarcastic,Agree,160,29,True,Sarcastic
3583,Do you think humans have the pinnacle of processing power and reason in our brain for the entire universe? (aside from god),Non-Sarcastic,Non-Sarcastic,Agree,123,22,True,Non-Sarcastic
3584,"Well are there 4 or are there none? What about the Archaeopteryx lineage, why do you keep avoiding the question by changing the subject? It's no wonder scientists get annoyed with creationists.",Sarcastic,Sarcastic,Agree,193,32,True,Sarcastic
3585,"Not quite sure what you are talking about, Iangb. And I really don't have time to crack the code so if you have a specific question, just ask it already.",Non-Sarcastic,Non-Sarcastic,Agree,153,30,True,Non-Sarcastic
3586,"Seriously, in part is Waxy saying, I was here first? (It's my forum, I'll whine if I want to.)",Sarcastic,Sarcastic,Agree,94,19,True,Sarcastic
3588,"Actually, the only people who I hear talk about ""sub-human"" are creationists. There is the possibility that certain Australian fossils may have descended from H. erectus fossils from Indonesia. And why would a fossil make an ""evolutionist"" nervous? The idea is really, really dumb.",Sarcastic,Sarcastic,Agree,281,44,True,Sarcastic
3589,"so if cells are controlled by their genes (and the environment), what would you predict would happen to the cell if its genes were removed?",Non-Sarcastic,Non-Sarcastic,Agree,139,25,True,Non-Sarcastic
3590,"LOL, most of which he claimed to have from probate records that were from a California courthouse that ""he personally examined"" but were actually destroyed in early 1900s by an earthquake and fire :) Maybe it was in a prior life?",Sarcastic,Sarcastic,Agree,229,41,True,Sarcastic
3591,"Quite True. I guess those are pretty useless. I suppose His Noodly Appendage works in mysterious ways.
",Sarcastic,Sarcastic,Agree,104,17,True,Sarcastic
3592,"Sleazy, just because your life sucks doesnt mean that everyone else will go to hell to pay for it.",Sarcastic,Sarcastic,Agree,98,19,True,Sarcastic
3594,"You see, that's the problem: ""generally"". You obviously know little or nothing of how prejudice works in this country.",Non-Sarcastic,Non-Sarcastic,Agree,118,19,True,Non-Sarcastic
3595,And so goes the fact you're more than willing to let rapists and murderers go free.,Sarcastic,Sarcastic,Agree,83,16,True,Sarcastic
3597,"No, genesis is not a history lesson. It is a combination of 'just so' stories, and a religious message in allegory format. If you bothered to learn understand some of the hebrew puns behind many of the words, and also see the political commentary of events that were happening during the time it was written, that would be obvious.",Non-Sarcastic,Non-Sarcastic,Agree,331,59,True,Non-Sarcastic
3598,"You mean like Korea? Oh wait we are still there....
Is Israel a nice secure place safe from terrorism? The notion that Iraq will be without conflict will not occur in our life time.",Sarcastic,Sarcastic,Agree,182,34,True,Sarcastic
3599,"Oh, I don't know. Grow food in a garden, gather it from various wild sources, hunt game animals in the forest.",Non-Sarcastic,Non-Sarcastic,Agree,110,21,True,Non-Sarcastic
3600,"I can neither confirm nor deny at this particular juncture that I may or may not be either male or female. :)
",Sarcastic,Sarcastic,Agree,111,22,True,Sarcastic
3601,"From the threads I see, you would be banned in 10 posts, and everything deleted. The level of discourse over there intelligence over there makes ER looks semi-intelligent.",Sarcastic,Sarcastic,Agree,171,28,True,Sarcastic
3602,"How about, ""I think it's a good idea""?As Jito said, maybe YOU can't, but I guess that's your problem.",Sarcastic,Sarcastic,Agree,101,19,True,Sarcastic
3604,"I don't understand your outrage. McChrystal's your boy's general now. Are you saying that you disagree with ""the Great One""?",Sarcastic,Sarcastic,Agree,124,20,True,Sarcastic
3606,This rates an 8 out of 10 on the hypocracy scale. Weren't you just scolding people both for using false analogies and for citing emotionally laden imagery for political purposes? Tsk tsk.,Sarcastic,Sarcastic,Agree,187,32,True,Sarcastic
3607,"If all women aborted every pregnancy, there would be babies? Maby on your planet...",Sarcastic,Sarcastic,Agree,83,14,True,Sarcastic
3608,"only two choices? poor god, infinity reduced to black or white.",Sarcastic,Sarcastic,Agree,63,11,True,Sarcastic
3609,And a lot of blacks were killed through hangings. Are you against rope vendors?,Sarcastic,Sarcastic,Agree,79,14,True,Sarcastic
3611,...or we could feed the criminals to the dinosaurs!...save the cows for meatloaf.,Sarcastic,Sarcastic,Agree,81,13,True,Sarcastic
3612,"And you will cowardly ignore the validity of the difference, as you whine that there is one ...A person goes to the doctor, that information is NOT public information. A doctor / patient can claim doctor/patient confidentiality. It's a recognized and valid situation.But with the ""knowthyneighbor"", these polls are PUBLIC KNOWLEDGE. The purpose of publicizing them is to prevent fraud.If you weren't so intent on trying to bash, you would recognize the obvious distinctions... emoticonXRolleyes",Sarcastic,Sarcastic,Agree,494,75,True,Sarcastic
3614,Nice to know that you are breaking the law responsibly. emoticonXGood,Sarcastic,Sarcastic,Agree,69,11,True,Sarcastic
3616,"Really? What book is that, because I have seen no quotes or links to any source of any info at all from you anywhere above on this page. So once again accipiter, what in the world are you referring to? You and the obvious child oughta get along fine since you both offer nothing more substantial than personal attacks which are based on your own warped beliefs and corrupted interpretations of that which you disagree with.   Here's my original post again, I challenge you to explain how these alleged stone age sheep herders whom you scoff at and mock described contemporary living creatures which paleontologists today identify as dinosaurs, from skeletal remains?",Sarcastic,Sarcastic,Agree,666,112,True,Sarcastic
3617,"They can't, if you value science and common sense, however, science and common sense are irrelevent in their world.",Sarcastic,Sarcastic,Agree,115,19,True,Sarcastic
3619,"not really dearie, you're just ssdd. you're not unique or even all that intellegent. you just follow the crowd because you haven't an original thought in your head. but that's ok, we don't blame you, per se, we know you can't control your behavior. emoticonxrolleyes",Sarcastic,Sarcastic,Agree,266,45,True,Sarcastic
3622,"Did the bill include burning heretics at the stake, stoning them out of the village or removing a women's right to vote?",Sarcastic,Sarcastic,Agree,120,22,True,Sarcastic
3623,I believe they got XXXXXX at all the conservates on this board. So they went and joined a commie discussion board where they feel more welcome and can send congrats to each other for being smarter than regular people.,Sarcastic,Sarcastic,Agree,217,39,True,Sarcastic
3626,Good lesson! Always take the easy way out to try and avoid consequences of actions. Instead of leaving a note on a car saying you accidently hit you...you should just casually drive away. Thanks Simone!,Sarcastic,Sarcastic,Agree,202,35,True,Sarcastic
3627,"Banning abortion is a tool with which to punish women you deem promiscuous or immoral and recreate through a police state a mythical golden age of christian virtue, got you.   The rest is just a cover story in the same way biblical creationists who want their religion brought into the school system advocate ""intelligent design"".   They call it ""lying for baby Jesus"".",Sarcastic,Sarcastic,Agree,369,62,True,Sarcastic
3628,"who is the 'anyone' you're referring to? how many people in this administration have access to the highest level of intelligence necessary to make this assertion? when the president of the united states tells the american people he is invading another country because he has irrefutable evidence that they possess wmd's, i for one, expected to find proof they existed. maybe they should have said, 'we really think they have wmd's in iraq, it will cost about a trillion dollars to look for them, is everyone ok with this?'",Sarcastic,Sarcastic,Agree,522,89,True,Sarcastic
3629,"You've said this on other forums as well: you don't have $10,000. You're only making a fool of yourself.",Non-Sarcastic,Non-Sarcastic,Agree,104,19,True,Non-Sarcastic
3631,"Well, viability now is around 23-25 weeks gestation and really is based on weight more than age. Howeverm the past push towards heroic intervention is now tempered by the rather horrific disabilities and complications seen at the younger age",Non-Sarcastic,Non-Sarcastic,Agree,241,39,True,Non-Sarcastic
3632,Funny but if the censors ever removed all of your insults then none of your posts would remain. Then we'd have to import comic relief.,Sarcastic,Sarcastic,Agree,134,25,True,Sarcastic
3635,"Exactly. Most people would incorporate it, from childhood most often. Steeeeve can't seem to wrap his mind around that.",Sarcastic,Sarcastic,Agree,119,19,True,Sarcastic
3636,is there an analogy here somewhere? perhaps instead of having a penalty box there should be gallows or a guillotine. please ellaborate. smiley,Sarcastic,Sarcastic,Agree,142,23,True,Sarcastic
3637,"Wow.   Who knew the entire theory of evolution could be destroyed in a 2 page comic book?   I guess when dealing with Creationist and half truths, the KISS motto is best.   Waxy",Sarcastic,Sarcastic,Agree,177,32,True,Sarcastic
3638,"I don't see anyone without healthcare. None of my friends, none of my family, none of my neighbors. ZILCH. NADA. NAUGHT. CIPHER.   Now I don't go wandering around the inner cities looking for half-crazy winos and crack addicts either, so maybe that's why.",Sarcastic,Sarcastic,Agree,255,43,True,Sarcastic
3639,What is your theory about the foot fetish gene ?,Sarcastic,Sarcastic,Agree,48,10,True,Sarcastic
3641,These official groups are jokes. Armed citizens are much more effective.,Sarcastic,Sarcastic,Agree,72,11,True,Sarcastic
3642,So you are saying that we determine our DNA? Do you actually think before typing?,Sarcastic,Sarcastic,Agree,81,15,True,Sarcastic
3643,Most of the laws of the Peoples Republic of Kalifornia are aimed at rendering the citizens into prey. You can't point to many that don't. Self defense is not allowed there I am afraid.,Sarcastic,Sarcastic,Agree,184,34,True,Sarcastic
3645,"So, when a comedian leaves the stage and say's I killed tonight, then obviously killing people en-masse is just fine, right?",Sarcastic,Sarcastic,Agree,124,21,True,Sarcastic
3649,You mean the Conservative tilting Supremes donot know the law ? You want to tell them that ? emoticonXChicken emoticonXChicken emoticonXChicken emoticonXChicken emoticonXChicken,Sarcastic,Sarcastic,Agree,177,23,True,Sarcastic
3650,"I get the feeling they have filed under: Plague, Avoid like the.",Sarcastic,Sarcastic,Agree,64,12,True,Sarcastic
3651,"that's probably being saved for the next round of national election fodder. maybe something on the order of occupying all the me, making it a christian democracy while we use their oil for their own good? with every family owning their own home, two cars and a boat. wait, they've used that promise and it failed. not to worry, i'm sure they'll come up with something that'll keep the sheep headed towards the cliff.",Sarcastic,Sarcastic,Agree,416,74,True,Sarcastic
3652,ya but does anyone of these have a living god to support their belief? no! only christians do! thats why in the end some will go to heaven and some will go to 'the pit',Sarcastic,Sarcastic,Agree,168,35,True,Sarcastic
3653,"Actually, I had no intention of responding to WW. As I'm sure you can see by now, he doesn't actually respond to what's written, but rather just engages in lies and insults. He's not worth the effort to debunk; he's self-debunking.",Sarcastic,Sarcastic,Agree,231,41,True,Sarcastic
3656,So what? He made a statement on guns clearly and was well killed by one in the end...,Sarcastic,Sarcastic,Agree,85,18,True,Sarcastic
3658,"israel promises war if iran is allowed to develop nuclear weapons. that israel already has them is, of course, fine with the us. that pakistan, not exactly a pillar of stability, has them is not an issue. after what the us did to iraq i'm surprised every me country doesn't want nukes. but we'll continue the game on israel's terms and all cope with suicide bombers.",Sarcastic,Sarcastic,Agree,366,66,True,Sarcastic
3660,"why do they have to accept this? why doesnt the government just find a solution that satisfies both parties? oh right, because that would eliminate this great topic at election time.",Sarcastic,Sarcastic,Agree,182,31,True,Sarcastic
3667,"Who has ever made this claim? Please, show me, because I have never once heard it. Of course most individuals are physically capable of producing offspring. Natural selection is dependant upon which individuals will pass their genetic information on to the next generation, and that is determined by at least two factors that I can think of at the moment: 1.) An individual being able to survive long enough to find a mate, and 2.) Actually being able to find a mate and produce offspring, which brings me to my next point:",Non-Sarcastic,Non-Sarcastic,Agree,523,92,True,Non-Sarcastic
3670,"you're using scale as a limiting factor in this argument - are you not? you accept that small changes can change a genome, but you don't allow the small changes to accumulate into a large change. instead, you insist that large changes must happen suddenly.  distinguishing between micro and macro evolution, accepting one and denying the other, is like distinguishing between micro and macro erosion, claiming that sure, and inch or two can erode off that mountain, but the whole mountain? something else is behind this mountainous disappearance because erosion just doesn't explain it.",Sarcastic,Sarcastic,Agree,586,94,True,Sarcastic
3671,O.K. lets' play your game. Gun control has worked exactly WHERE?,Non-Sarcastic,Non-Sarcastic,Agree,64,11,True,Non-Sarcastic
3674,"Yeah, they should only teach the sexual positions the Pope would approve of.",Sarcastic,Sarcastic,Agree,76,13,True,Sarcastic
3676,"By all means, burn those books . . . er, I mean, take down those nativity scenes.",Sarcastic,Sarcastic,Agree,81,17,True,Sarcastic
3677,"If there is a positive relationship between drug consumption and crime, it doesn`t seem very likely that crime would go down as a result of lowering the price on drugs (and thus rasing consumption).",Sarcastic,Sarcastic,Agree,198,34,True,Sarcastic
3679,goodn't be kool if people on rebate 4ums were required to pass an eye Q test?? emoticonXRolleyes,Sarcastic,Sarcastic,Agree,96,17,True,Sarcastic
3680,"let's all listen to one religious book and base our laws off of that, regardless of any other beliefs that may exist, especially when regarding something that has little to no effect on anyone but those directly involved. that makes sense.",Sarcastic,Sarcastic,Agree,239,41,True,Sarcastic
3681,I reply to them out of courtesy...but be amused all you want...it looks like you need it.,Sarcastic,Sarcastic,Agree,89,17,True,Sarcastic
3683,"Oh, is this an abortion trap? I thought it was really about the death penalty.....",Sarcastic,Sarcastic,Agree,82,15,True,Sarcastic
3685,he was in indonesia dear. read his xxxx (my marks) i thought he was as old as the devil??,Sarcastic,Sarcastic,Agree,89,19,True,Sarcastic
3686,Even Joe the plumber abandoned the garbage scow? Say it aint so!,Sarcastic,Sarcastic,Agree,64,12,True,Sarcastic
3687,Oh thats not politically kerect and secially wif the chosen one doing the world apology toure I don't see that going down.   Well lay a few on us sin baby. Give us the deal.,Sarcastic,Sarcastic,Agree,173,34,True,Sarcastic
3689,Hades! What's another trillion added to the $20 trillion Bush trotted up in his Iraqi debacle and military contractor handouts?,Sarcastic,Sarcastic,Agree,127,20,True,Sarcastic
3691,"Certainly he did. I have known many scientists (mostly biologists) who had a similar attitude. The problem is that you have it upside down. The study of glorious, naturalistic science informs us of God's creation. You are trying to impose your childish version of your god on the universe.",Sarcastic,Sarcastic,Agree,289,49,True,Sarcastic
3692,"1) is that supposed to counter me? where's your logic that explains why god would create jesus before the printing press? without the printing press, books were copied by hand, leading to lots of errors and discrepencies in the vast number of copies.  2) are there only two types of people in the world: 'easyriders' and 'michael moores'? god is just pretend!",Sarcastic,Sarcastic,Agree,359,62,True,Sarcastic
3694,"she? uh, you don't know me like that, miss thing. you're the one with more pudenda than the pointer sisters. and i'm not eating any attention. i'm mildly amused. i haven't seen any evidence of your reputed prowess here. and why don't you ask the real monkey to dance? somebody at home.",Sarcastic,Sarcastic,Agree,285,52,True,Sarcastic
3697,"oh really? lots of people would object to sitting around doing nothing in school? really? last i checked students are always complaining and would much rather do nothing in class, than learn. and with meditation, it would help tremendously, reduce stress, help creativity, spur imagination, stay focused, learn to love, less bullying, better eating, better health, better everything...",Sarcastic,Sarcastic,Agree,385,58,True,Sarcastic
3698,"Oh yeah, like that hasn't been tried before /sarcasm It darn sure isn't about crime control. No doubt some nefarious excuse to farther control the people and attempt to charge user fees to discourage a right. No doubt sinjin will approve so ""they"" can match fingerprints and type of ammo to the DROS registration file?",Sarcastic,Sarcastic,Agree,318,55,True,Sarcastic
3699,"well, can you prove that the adhernents of 'humanism' use it with ardor and faith? nope. it is a philophy though.. on the ethical manner on how to treat your fellow man. that last one, you could have 'republicanism', or 'being a political red neck' to be a religion.",Sarcastic,Sarcastic,Agree,266,49,True,Sarcastic
3702,"puke.   Now I'd like the Vatican to give me an example of Darwinian (random mutation/selection-causing) ""evolution"" so I can shoot it down for them.",Sarcastic,Sarcastic,Agree,148,24,True,Sarcastic
3703,"Does this include issues that don't involve homosexuals, either directly or indirectly? The vocal homosexual lobby is pretty liberal, lets say they oppose tax cuts. Would favoring tax cuts make me anti-gay?",Sarcastic,Sarcastic,Agree,206,32,True,Sarcastic
3705,Paranoia is so ugly. It's not OK to teach scientific theory but it is OK to tell them that mythology is fact?,Sarcastic,Sarcastic,Agree,109,22,True,Sarcastic
3706,"I can well believe that pandion cannot answer this question; no one can accurately answer it. We know that baldness, as a genetic condition, is polygenetic (ie it's controlled by multiple genes) and autosomal (the genes [or at least the bulk of them] do not reside on the X or Y chromosomes). Despite being autosomal, people appear statistically slightly more likely to exhibit balness if the trait comes from their mother's side of the family. Even if we knew precisely which genes were involved and which of those genes your kids had, we still cannot tell you the likihood of your children being bald. The chances of the gene combination being expressed in the correct way to cause baldness are dependent on age, hormone levels, stress and probably a variety of other environmental conditions.",Sarcastic,Sarcastic,Agree,795,134,True,Sarcastic
3707,"This is more of a legal question involving whether or not it was negligence(sp). If so, you can't really sue for amounts of money you MIGHT get in the future. He could sue for lost pay on the job and other medicial procedures. So ya know :). I don't really know what the question is.",Sarcastic,Sarcastic,Agree,283,55,True,Sarcastic
3709,"Come on, people. You don't butcher an innocent baby for the conveience or sins of the parents. There's plenty of people in the world who would have adopted that baby. And if no one else would have, I would have.",Sarcastic,Sarcastic,Agree,211,40,True,Sarcastic
3712,"Know of them, no, since I haven't studied any of it, however, typing in ""cave drawing"" at wikipedia brought this up, I suggest you take a look. Cave painting",Sarcastic,Sarcastic,Agree,157,29,True,Sarcastic
3715,"Because some restrictions that might pass constitutional muster, don't amount to an outright ban. How would impossibility ever be considered constitutional?",Sarcastic,Sarcastic,Agree,156,21,True,Sarcastic
3716,were they assigned the ultimate task of interpreting the constitution and determining which laws violate it? if not then their opinion doesn't matter.,Sarcastic,Sarcastic,Agree,150,23,True,Sarcastic
3717,"yes, it happened through mutation. what do you mean by 'what sort'? i assume you're looking for something more in depth than 'the genetic sort'. i'm afraid i can't rattle off the difference in the sequences if that's what you want. if that's not what you want than you'll have to ask a more specific question.",Sarcastic,Sarcastic,Agree,309,56,True,Sarcastic
3719,"In other words you would wait until we were attacked again before doing what is required. If we vacillate and wait for the nuclear cloud it will be too late. It amazes me; utterly amazes me, at how strongly felt the left believes in the good will of bin Laden and the terrorists to clean up their act. Just amazing. But with Bush? Noooooooo. He's ALWAYS wrong and never right. Isn't that about it?",Sarcastic,Sarcastic,Agree,397,74,True,Sarcastic
3722,Abstinence until heterosexual marriage isn't encouraging heterosexual marriage?I've never heard of an abstinence-until-domestic-partnership program. Perhaps you could point us to an inclusive abstinence-only program somewhere.Perhaps not....,Sarcastic,Sarcastic,Agree,241,26,True,Sarcastic
3726,"WF, that is true and if the young lady life is endangered then to terminate the pregnancy would be appropriate but get a neutral doctor to make that decision, not one from Planned Parenthood or and abortion clinic who have a biased interest in performing abortions...............That is all I ask...........",Non-Sarcastic,Non-Sarcastic,Agree,307,50,True,Non-Sarcastic
3730,"why do you refuse to address the atf emails showing that they were building support for new authority to regulate and dictate firearms sales? they are truly right there, out in the open and viewable by literally everyone. why do you ignore them?",Sarcastic,Sarcastic,Agree,245,43,True,Sarcastic
3732,"i love how the government has become the scapegoat for the failure of parents to control their kids, and in turn we are losing more and more civil liberties...",Sarcastic,Sarcastic,Agree,159,29,True,Sarcastic
3734,"Actually yes, but not for the purposes of ilegal search or seisure, I have active duty military friends. They drop by all the time. Obviously your great lack of friends makes that idea hard to understand.",Sarcastic,Sarcastic,Agree,204,36,True,Sarcastic
3736,"If Obama had his way, standing against the government would be the most patriotic thing someone could do.",Sarcastic,Sarcastic,Agree,105,18,True,Sarcastic
3747,"The ""study"" fails to do this. It offers a philosophical ""proof"" only, as the scientific method is not used in any way in the ""study"".",Sarcastic,Sarcastic,Agree,133,25,True,Sarcastic
3750,"no my dear, nor am i one of those cuckoo-brains who believe that obama is the best thing since sliced bread.",Sarcastic,Sarcastic,Agree,108,21,True,Sarcastic
3757,"i love it when people manipulate statistics in order to attempt to prove a causal relationship that doesn't exist. considering the fact that more women vote than men, one could argue that their views are over-represented. ",Sarcastic,Sarcastic,Agree,222,36,True,Sarcastic
3759,"Basic law 101: You can drive by 15 1/2 with A LICENSED ADULT OVER 25 IN THE CAR. Not 18 or 21, but 25 so it isn't a matter of potential peers watching each other. And your opening post referred to 14 year olds or above, as it shows below.",Non-Sarcastic,Non-Sarcastic,Agree,238,50,True,Non-Sarcastic
3761,"Accidents happen, that's just how life works. They're tragic, and they're upsetting, but there's no way to avoid them.",Non-Sarcastic,Non-Sarcastic,Agree,118,19,True,Non-Sarcastic
3762,"But what you are being challenged to do is to give some evidence for the idea that the world was created less than 10,000 years ago.   In other words, ""If Genesis-style creation were true, we would expect to see (fill in the blank).""",Non-Sarcastic,Non-Sarcastic,Agree,233,43,True,Non-Sarcastic
3763,"They have. Prey animals have their eyes to the sides of their heads which allows them to see in every direction, almost 360 degrees around. Predator animals have their both eyes facing forward.",Non-Sarcastic,Non-Sarcastic,Agree,193,33,True,Non-Sarcastic
3764,"Yep, suppressing natural behavior is always the way to go. We should also get them to stop pooping.",Sarcastic,Sarcastic,Agree,99,18,True,Sarcastic
3765,Let's establish a campaign to search for the hypocrisy of people who call themselves pro-life yet find nothing wrong with killing a grown human being.,Sarcastic,Sarcastic,Agree,150,25,True,Sarcastic
3767,"Pregnancy involves risk. While opting to undertake risk for a worthwhile objective is fine, to compel someone to take that risk is not. Obviously some pregnancies are undesirable, when unplanned or especially when the result of rape or incest. Besides, something that almost any woman can do is hardly a ""miracle"". Wondrous maybe but miraculous?",Non-Sarcastic,Non-Sarcastic,Agree,345,55,True,Non-Sarcastic
3768,"are you speaking of the federal marriage ammendment to the u.s. constitution? everything i've heard indicates it's a long shot. at any rate, it is just a guess what will or won't happen a few years in the future. i was just pointing out what was happening internationally(mass. is international for me, a canadian).",Non-Sarcastic,Non-Sarcastic,Agree,315,54,True,Non-Sarcastic
3769,"I can't believe that you would attempt to make such an insane assertion. Clearly, God was speaking about homosexual sex, but I'm not surprised that you left out the most unambiguous scriptural references. emoticonXRolleyes ",Sarcastic,Sarcastic,Agree,223,34,True,Sarcastic
3770,"dear chatturgha, not anything having to do with vegetarians or vegans at all...",Non-Sarcastic,Non-Sarcastic,Agree,79,13,True,Non-Sarcastic
3771,They still have a lower rate of unwanted preganacies than the USA.,Non-Sarcastic,Non-Sarcastic,Agree,66,12,True,Non-Sarcastic
3773,Of course. What a stupid question! The Gods can do what they damned well please.,Sarcastic,Sarcastic,Agree,80,15,True,Sarcastic
3774,"behavior dictates risk. some practices are 'more risky' than others. but to say gays are more prone to hiv infection, suggest that heterosexuals are immune, or less prone...which is factually false. role models?? what are you talking about? you don't even know.  old camp fruits? you've lost the little mind that you had.  your daddy is more of an 'old camp fruit', than i ever could be, girlfriend.  and i'm in a monogamous marriage for the past 10 years. i need no announcements. you?",Sarcastic,Sarcastic,Agree,486,84,True,Sarcastic
3775,"Uh oh, Mr. Poe's proclamation crashes and burns right there - the Bible says no such thing. This is where a satire quickly changes from something that starts out as mocking, (designed to be something that could be innocence) to a complete lie. It never takes long for atheist satirists to demonstrate their lack of knowledge of the Bible. Atheist mockers dont seem to be quite as skilled as Mr Poe would have us believe.",Non-Sarcastic,Non-Sarcastic,Agree,420,75,True,Non-Sarcastic
3776,"You wipe your butt with it dumbass!
Anybody dumb enough to believe in god knows how to use it.",Sarcastic,Sarcastic,Agree,95,19,True,Sarcastic
3777,"Sounds like a movie... We could threaten to use our old nukes on all the potential enemies...oh, yeah, we've already done that.",Sarcastic,Sarcastic,Agree,127,22,True,Sarcastic
3778,"Ever been to eastern KY? Many of the residents share a very strong faith in the christian religion. They also share abject poverty, malnutrition and starvation, substandard or absent medical care, contaminated water supplies, and dangerous and often poorly heated / ventilated ""housing"". Yes Easy, truly their cups overfloweth.",Sarcastic,Sarcastic,Agree,327,49,True,Sarcastic
3780,"That is a completely subjective assessment. Thelmoose and Unkerpaulie were already quick to dissociate themselves from any smugness or self righteousness on this very thread. 
It's a schism! I'm filing for their excommunication! emoticonXWow",Sarcastic,Sarcastic,Agree,242,34,True,Sarcastic
3784,"I am just passing on what I seen personally. I am not trying to prove anything. Just sharing an observation. PS...from ""our"" point of view? You got a mouse in your pocket? Please explain.",Non-Sarcastic,Non-Sarcastic,Agree,187,34,True,Non-Sarcastic
3786,"People who don't agree with you must be banned or better still shot, right ??",Sarcastic,Sarcastic,Agree,77,15,True,Sarcastic
3787,i totes love how your arguments doesn't even tell us what your answer is since you laughed a question that had two sides open for agreement or disagreement.,Sarcastic,Sarcastic,Agree,156,28,True,Sarcastic
3788,Is it productive an exericee to make such generalisations which are in effect a product of a priori notions that anyone who is religious is irrational anyway?,Sarcastic,Sarcastic,Agree,158,27,True,Sarcastic
3792,Well they'd be the experts on it; most of their members have been ruled as fitting under said category.   Let's face facts. Nobody who's in their right mind could actually believe the kind of nonsense they spread.,Sarcastic,Sarcastic,Agree,213,37,True,Sarcastic
3794,"So, you believe in a utopia where there are no laws?
",Non-Sarcastic,Non-Sarcastic,Agree,54,11,True,Non-Sarcastic
3795,"uh...how does that work? oh yes, comming from the person who thinks a cd is good during times of low inflation, it does not suprise me you do not even understand the basics of taxation.",Sarcastic,Sarcastic,Agree,185,35,True,Sarcastic
3796,oh yeah i forgot! you hated on me a couple of times before! thanks for the reminder. ;),Sarcastic,Sarcastic,Agree,87,18,True,Sarcastic
3798,he has been around with a debate about democracy. i'm surprised you missed!,Non-Sarcastic,Non-Sarcastic,Agree,75,13,True,Non-Sarcastic
3803,"Ah, the esteemed Washington Times, the rag of that Korean Reverend who does the mass marriages and other weird stuff--um, what's his name now?",Non-Sarcastic,Non-Sarcastic,Agree,142,24,True,Non-Sarcastic
3805,"Because I don't feel like copying and pasting articles into a forum when they can be easily accessed online. But for a quick summary: The CCR-5 gene mutation is present in about 15% of caucasians, with 1% having the homogeneous version. These 1% are completely immune. The heterogeneous people possess some immunity.",Non-Sarcastic,Non-Sarcastic,Agree,316,52,True,Non-Sarcastic
3806,"Already busted, Mr. Trebor. Went in one eye and out the other. Come back when you have something other than generalized rhetoric.",Sarcastic,Sarcastic,Agree,129,22,True,Sarcastic
3807,"really? lol i'm honored that my attention whoring has inspired you x) and don't even thinking about surpassing the master! it will ensue a civil war.  i'm not surprised. he plays a little rough with the rest of my pets. though jum, the elephant, doesn't look the same without her tusk...",Sarcastic,Sarcastic,Agree,287,51,True,Sarcastic
3808,"So you're saying that the theory of evolution is similar to ####, in that they both make large messes when they come into contact with fans?",Sarcastic,Sarcastic,Agree,140,26,True,Sarcastic
3812,Give it a rest... what is evident here is more coffeehouse vasilation on your part... no foam.,Sarcastic,Sarcastic,Agree,94,17,True,Sarcastic
3817,"My mom can only trace her family back a few generations. By the time we get to the clan that lived in Ohio in the middle of the 19th century, the records get very confusing and very incomplete. By creationist logic, we must then accept that my ancestors, white Americans, were specially created in North America by God.",Sarcastic,Sarcastic,Agree,319,58,True,Sarcastic
3818,"So your answer to the question then is ""Nothing"", Marc?",Sarcastic,Sarcastic,Agree,55,10,True,Sarcastic
3819,"You mean back in 1993 when Clinton had been in office for only 13 months? Do you think George H.W. Bush knew about these bombers before hand and didn't warn Clinton?But, even so, check out this link, if you aren't too damned lazy (I can't cut and paste from that site):snopes.com: Clinton Administration and TerroristsBut phobic little minds are already fixated on what they believe and you probably won't.",Sarcastic,Sarcastic,Agree,406,69,True,Sarcastic
3820,"Doesn't that explain why manslaughter is like miscarriage, rather than why it is different?And Clerisian, you didn't seem to be arguing that the two were distinct, rather you appeared to say that pro-lifers did support charging mothers who miscarried with manslaughter (where the mother's actions, say, drinking heavily, were the cause of death).",Sarcastic,Sarcastic,Agree,346,53,True,Sarcastic
3823,"if liars go to hell, and it turns out there is no god afterall and youve been lying this whole time, would you go to hell or would you not, because hell obviously doesnt exist in this situation? bennedict: making your life complicated for fun since 2010.",Sarcastic,Sarcastic,Agree,254,47,True,Sarcastic
3831,Sounds like someone could be lying... hmmm who could it be? emoticonXIc,Sarcastic,Sarcastic,Agree,71,12,True,Sarcastic
3832,"And yet they also claim other reasons ... fraud and $, which I was addressing.",Non-Sarcastic,Non-Sarcastic,Agree,78,15,True,Non-Sarcastic
3842,"You don't have too. I mean, someone using a b'hai web site is defending the church with the sources they use.   Of course, I love watching EZ prove the point by arguing against it",Sarcastic,Sarcastic,Agree,179,34,True,Sarcastic
3846,"i never said energy is going to cease to exist. if energy stops transferring, it still exists, its just not doing anything is the 'life force' energy? thats the question. from a physics perspective, can life be measured in joules? lol quantitatively, can one person have more life force than another? can you lose, gain or recharge your life force? like video game characters... is life itself physically definable? yes it exists, but can it be defined as a tangable entity or describable by physics?",Non-Sarcastic,Non-Sarcastic,Agree,500,85,True,Non-Sarcastic
3847,"are you always this reactive? short-sightedness. feasibility in terms of winning a nomination. but not necessarily a national election. and being suckered by the right into thinking that they actually like you -- because your health plan is more laissez-faire than clinton's ... meaning it's business as usual if you did win. but you won't. because we'll like any republican better. did you really think we were going to keep on saying nice things about you? my regards to your texas cousin, cnxtime. emoticonxgood  but i already know you pubbies are shakin' in your amarillo boots should hillary and the clinton machine be what you face instead come november. mccain, born '36 clinton, born '47 obama, born '61",Sarcastic,Sarcastic,Agree,711,118,True,Sarcastic
3848,Go ahead and toss your Bible in the trash so you can justify your gay sex sin. See if that gets you into heaven.,Sarcastic,Sarcastic,Agree,112,24,True,Sarcastic
3852,"You are like, so totally noble and sensitive! I really admire your pro-humanity stance. That is going out on limb.",Sarcastic,Sarcastic,Agree,114,20,True,Sarcastic
3853,I'm not surprised.   That's a typical response when someone calls your bluff.   Waxy,Sarcastic,Sarcastic,Agree,84,13,True,Sarcastic
3854,WHAT QUOTES??? That's what I was asking you to repost because I can't find anything intelligent you have either posted or quoted at all!,Sarcastic,Sarcastic,Agree,136,24,True,Sarcastic
3855,are you trying to become part of a comic relief trio? you lack the power to define the situation. therefore your conclusion is false.,Sarcastic,Sarcastic,Agree,133,24,True,Sarcastic
3856,"what? you didn't know that religious people are the only ones that are supposed to be silent and never try to take part in democracy, while everyone else gets to do so? where have you been? emoticonxdonno  i wonder sometimes if opponents of religion really even stop to think about what they're really saying.",Sarcastic,Sarcastic,Agree,309,54,True,Sarcastic
3857,It was a hypothetical question that has been answered..please try to keep up.,Sarcastic,Sarcastic,Agree,77,13,True,Sarcastic
3858,"Generally, when someone posts an article without a disclaimer, they agree with the findings and the reasoning of the article provided. 
 
 Besides, your statement does not change the fact that the reasoning provided is foolish.",Non-Sarcastic,Non-Sarcastic,Agree,229,35,True,Non-Sarcastic
3859,I don't think that Paul was actively gay. He was so odd about having anykind of sex at all that it was pretty warped.,Sarcastic,Sarcastic,Agree,117,24,True,Sarcastic
3865,"Actually, God does not care one bit. It's only plumbing.. 
 Got that from God Himself ",Non-Sarcastic,Non-Sarcastic,Agree,87,15,True,Non-Sarcastic
3868,"gee, i'm just bowled over by your mature and articulate counterargument.emoticonxrolleyes we all know genitals have nothing to do with sex.",Sarcastic,Sarcastic,Agree,139,21,True,Sarcastic
3882,"So in other words, you're saying that somewhere along the lines, God changed his mind.",Sarcastic,Sarcastic,Agree,86,15,True,Sarcastic
3883,oh yeah. way easier. which is why gay marriage has come such a long way since it started. ;) marriage would only be removed from any legal document. it will still appear in religious documents. the compromise will be a hell of a lot more amicable than the tension that currently exists.,Sarcastic,Sarcastic,Agree,286,52,True,Sarcastic
3884,"So redemption is not a possibility? They did their time, paid the penalty, and just want their rights as a citizen returned to them....l",Sarcastic,Sarcastic,Agree,136,24,True,Sarcastic
3885,"can ukraine and belarus come back i miss the motherland, oh yeah i cannot agree more!!!",Sarcastic,Sarcastic,Agree,87,16,True,Sarcastic
3888,"It shot up as soon as Reagan launched his failed campaign of anti-sex education, cutting social services for the poor and destroying the US economy into a recession that favored the rich against the poor. Since social-economical reasons are often the reason why people have abortions it is no surprise we saw abortion sky-rocket under Reagans political atmosphere that was hostile to lower class families. If people were becoming more against abortion in the 90s then how can you explain Clintons popularity in winning two elections? The a friendlier economic atmosphere, contraception education and relief from Reaganism helped reduce the abortion rate. ",Sarcastic,Sarcastic,Agree,655,102,True,Sarcastic
3889,"Well, I did not choose to be heterosexual, I was born heterosexual.   I can not see why it should be different for Gay people",Sarcastic,Sarcastic,Agree,125,24,True,Sarcastic
3890,"i'm amazed none of them have pounced on my comments yet, they have been strangely quiet. maybe their counting their ammo and preparing for revolution.",Sarcastic,Sarcastic,Agree,150,25,True,Sarcastic
3892,"The fact that they were too heavy, is simply untrue, see previous post. Hunting depends on many ecological factors, such as their predational preference. Also new fossils suggest a trees down development of bird flight so fully developed flight muscles and feathers were not necessary.",Sarcastic,Sarcastic,Agree,285,45,True,Sarcastic
3893,"The other articles on her website are also well worth reading: Musings on Christianity, Homosexuality & the Bible",Sarcastic,Sarcastic,Agree,113,18,True,Sarcastic
3894,Really? Can you link to a creationist website that does not connect evolution to people doing bad things?,Sarcastic,Sarcastic,Agree,105,18,True,Sarcastic
3895,Of course you don't. It's the natural humanistic way of thinking.,Sarcastic,Sarcastic,Agree,65,11,True,Sarcastic
3896,So it's your contention that hundreds of thousands of firearms stolen from residences annually is just par for the course?,Sarcastic,Sarcastic,Agree,122,20,True,Sarcastic
3898,"Yawn, refer to the above post you clever little cookie. You're obviously the other 'half' of the brain cell missing from the preacher.",Sarcastic,Sarcastic,Agree,134,23,True,Sarcastic
3901,"Walking-fish:
Yeh, but God is not a biologist. How would He know?",Sarcastic,Sarcastic,Agree,66,12,True,Sarcastic
3902,oh thanks i guess it was you who have been upvoting my arguements huh ? xd thanks!  allies ?,Sarcastic,Sarcastic,Agree,92,19,True,Sarcastic
3903,"Unfortunately Democrats have a credibility problem. Many Pro-gun Democrats have been elected, and America is giving them a chance, but apparently they do not believe Obama because of his past Anti-gun support and votes. However   Ms. Feinstein's comments about waiting for the correct timing to bring up gun control  did not help the creditability problem either. I guess only time will tell.",Non-Sarcastic,Non-Sarcastic,Agree,392,62,True,Non-Sarcastic
3907,"I don't believe that. Give me some proof. Besides, one does not have to smoke marijuana to get high.",Sarcastic,Sarcastic,Agree,100,19,True,Sarcastic
3908,"See Above.I can't help but notice your signature. What are you, Patriot under a different username? Bad show, Patriot. Sock Puppets aren't good debate form.Patriot-- About your statement that you've been vindicated. I hope you're just fooling around. :)TruthSeeker's first post doesn't even belong in a debate forum. She stated an opinion, and then stated absolutely nothing to back it up in any way. No evidence. No reasoning. Not one ""because"". Nothing. It was like entering a presidential candidate debate and saying, ""I think the other guy sucks"" and leaving. Hence why I asked her as politely as possible to elaborate.",Sarcastic,Sarcastic,Agree,623,101,True,Sarcastic
3910,"Just which god might that be? Yahweh? Krishna? he Great Spirit? Allah?
Please specify.",Sarcastic,Sarcastic,Agree,87,14,True,Sarcastic
3911,"My first thought on reading this was ""What is Comfort thinking?"".... Then I remembered he has faith instead.",Sarcastic,Sarcastic,Agree,108,18,True,Sarcastic
3912,"5""11 185 pounds. Brown hair blue eyes yeah it's my looks Easy....
Oh and please don't speak about wit or wisdom when you had to repeat the tenth grade twice.....;)",Sarcastic,Sarcastic,Agree,164,30,True,Sarcastic
3917,Do you see the other cities pushing for outrageous standards like NYC?,Non-Sarcastic,Non-Sarcastic,Agree,70,12,True,Non-Sarcastic
3918,"How is that a strawman?   Your challenge directly relies upon something you assume to be proven, but has not been. Therefore even in a hypothetical stance, your underlying arguments are invalid, thus leading to everything else being invalid. You're not ",Non-Sarcastic,Non-Sarcastic,Agree,253,40,True,Non-Sarcastic
3919,"You have a blob of tissue in your ""but(sic)""? Sorry dude, that has to suck.   Perhaps you're really referring to hemorrhoids? You do know that those aren't really blobs of tissue, right? They're really the swelling and inflammation of veins.",Sarcastic,Sarcastic,Agree,241,40,True,Sarcastic
3920,"geeze, oldsarge, i'm sorry you missed the rabies shots when they were passing them out. i'm surprised to see you still around frothing at the mouth.",Sarcastic,Sarcastic,Agree,148,26,True,Sarcastic
3921,so..   eh??   hows this sound?   will it fly with conservatives and progressives?   I think so.   -Mosheh Thezion,Non-Sarcastic,Non-Sarcastic,Agree,113,17,True,Non-Sarcastic
3922,"No, the question is why you let violent individuals remain free in public.",Non-Sarcastic,Non-Sarcastic,Agree,74,13,True,Non-Sarcastic
3927,i still love it how ethmi thinks that defaulting on our massive debt is less important then obama's dubious ties to dubious people.  what a tool. or maybe he didn't realize that the poll was public? emoticonxbye,Sarcastic,Sarcastic,Agree,211,37,True,Sarcastic
3933,"I thought that the most commonly accepted date for the alleged birth of Jesus was in 4 B.C. Assuming the current calendar really were keyed on the birth of Christ, how could Christ have been born Before Christ?",Sarcastic,Sarcastic,Agree,210,38,True,Sarcastic
3934,"so you have appropiated for yourself the sacrifice of others. Archie, you are a thief of the worst kind. Shame on you, don't you know God is watching you ? emoticonXRolleyes",Sarcastic,Sarcastic,Agree,173,31,True,Sarcastic
3935,Well bravo for you - they must not be all that good considering. Or did you simply learn to be deceptive yourself and confuse that with deception by others? Who can say?,Non-Sarcastic,Non-Sarcastic,Agree,169,32,True,Non-Sarcastic
3937,"and what would that be? Would it be a violation of the laws of physics, whatever that is, if I could think or believe myself into healing a disease or various medical condition?",Sarcastic,Sarcastic,Agree,177,33,True,Sarcastic
3939,WOO HOO.So the main stream entertainment industry who brought us such great talent as Brittney Spears does not consider this film the cats meow? WEE HA - all the more reason to see it.,Non-Sarcastic,Non-Sarcastic,Agree,184,34,True,Non-Sarcastic
3941,"And people say I make strawman arguments.Simply put, not enough to justify your ""concerns"".",Sarcastic,Sarcastic,Agree,91,14,True,Sarcastic
3947,"No, you are mistaken. Evolution is concerned with the change in allele frequency over time. The age of the Universe is irrelevent.",Sarcastic,Sarcastic,Agree,130,22,True,Sarcastic
3956,"you must be talking to somebody not in this thread because no one here likes to burn flags. how much of posts do you actually read?  poor nurglitch.  some possible outcomes of this. 1) all the 'socialists' end up in jail, for a victimless crime. 2) all the 'socialists' leave. turning america into a more rightwing, conservative society 3) other forms of dissent become more widespread, 'seditious' literature, riots, even acts of terrorism. result - more socialists in jail, lots of injury and damage. how are any of these good things? we should see this for what it really is - political 'one-up-manship' against 'lefties'",Non-Sarcastic,Non-Sarcastic,Agree,624,105,True,Non-Sarcastic
3957,"well, i can't say that i'm surprised. just another politician for ya. they're all the same.",Non-Sarcastic,Non-Sarcastic,Agree,91,16,True,Non-Sarcastic
3958,"This is not true. Rather, when there is conflict between one's sanctity of life vs another's quality of life, the sanctity of life must win.",Sarcastic,Sarcastic,Agree,140,25,True,Sarcastic
3959,"You're in luck Defender, we have a BONUS BONUS question for you today   How according to ""literal creation opinion"" did humans come to inhabit the entire globe?",Non-Sarcastic,Non-Sarcastic,Agree,160,27,True,Non-Sarcastic
3962,"Well, first, I did say ""The fact that you and I cannot understand this doesn't make it impossible."" Secondly, how is no god possible? Third, a person being 100% something and 100% something else isn't entirely impossible. There are people all over the world who change from 100% idiotic to 100% non-idiotic all the time. Lastly, there are many things we don't understand... so what's your point in restating what I said? ",Sarcastic,Sarcastic,Agree,421,72,True,Sarcastic
3964,Better get back on the meds. It appears that your lithium level has dropped a tad and increased your paranoia.   Here's a little info on the Pope:,Sarcastic,Sarcastic,Agree,146,27,True,Sarcastic
3965,"I'm a redneck because, unlike you, I believe in self-determination?! emoticonXWow",Sarcastic,Sarcastic,Agree,81,11,True,Sarcastic
3966,"i'm concerned with u.s. history. i'd rather go back 200 years. i'll see what i can find - out of time tonight however.  isn't the big bang part of evolution? i don't notice atheist authors, or the aclu, using it in politics much.  what else can influence morals?",Non-Sarcastic,Non-Sarcastic,Agree,262,48,True,Non-Sarcastic
3967,"The desperate flailings of a city with absolutely no common sense. They're so impotent in their abilities to get tough on criminals, they feel it necessary to go after the most unrelated sources to try and make themselves look big and busy.Why not just build a big wall to cut itself off from the rest of the world, and set up high security check points so cars coming and going can be checked to ensure no contraband is being smuggled in.",Sarcastic,Sarcastic,Agree,439,81,True,Sarcastic
3969,"Sweetie, if every gay person were as wealthy as Mary Cheney, we could laugh all the way to the bank and ignore the prejudice in society the way she does. Indeed, we'd probably be the darlings of the GOP. Unfortunately for your delusion, gays are no more or less wealthy on average than anyone else.",Sarcastic,Sarcastic,Agree,298,55,True,Sarcastic
3972,Yawn.. you are so obsessed with gay sex. I am not. Enough said.,Sarcastic,Sarcastic,Agree,63,13,True,Sarcastic
3976,"Oh, I don't know about that. March of the Penguins was a box office success ANF an Oscar winner for best documentary.   Calling any of Moore's movies ""a documentary"" requires one to employ some artistic license with the term and some slight of hand.",Sarcastic,Sarcastic,Agree,249,44,True,Sarcastic
3977,"Actually, it is. There are multitudes of known characteristics that have been shown to be the result of a single point difference in the gene. The discovery of regulatory functions of some translated segments of DNA does not in any way discount what is known about gene function.",Non-Sarcastic,Non-Sarcastic,Agree,279,48,True,Non-Sarcastic
3979,I think her point was that the pope is biased because he's catholic.,Non-Sarcastic,Non-Sarcastic,Agree,68,13,True,Non-Sarcastic
3981,"right from your copy-n-paste arsenals, huh? wow some of those sites you all are posting are scary. most of them are activist-oriented sites, special interest groups etc.  not exactly an unbiased bunch. 'exgaywatch?' omg.",Sarcastic,Sarcastic,Agree,220,34,True,Sarcastic
3983,mexico? that explains many things. mexico: candidates must address murders of women | human rights watch,Sarcastic,Sarcastic,Agree,104,16,True,Sarcastic
3984,"so why have darwinists ignored symbiosis for decades if it was so compatible? same with developmental biology? why have developmental biologists been locked away in closets, never to be heard from until recently when they've forced themselves upon the scientific community? the reality is you have no choice: accept that organisms cooperate with each other and respond purposefully and intelligently to the environment or else. tell me though: do you now admit that individuals evolve, not populations?",Sarcastic,Sarcastic,Agree,502,77,True,Sarcastic
3985,"YOu mean they don't eat, sleep , pass wastes, fight (not neccesarily physically) for dominance in their social setting, react to the opposite sex, put on displays for the opposite sex, and things like that?   How very odd.",Sarcastic,Sarcastic,Agree,222,38,True,Sarcastic
3989,Good point. emoticonXAgreeemoticonXAgree The poor guy would be like a midget that got his stepladder taken from him!,Non-Sarcastic,Non-Sarcastic,Agree,116,18,True,Non-Sarcastic
3998,"[quote=zsu2357;361600]   Now, now ZSU, we learned from comrade star gazer that GW created the Continental Army. I am sure these gentlemen have some equally illogical and inaccurate 'facts' to scatter around the barnyard",Non-Sarcastic,Non-Sarcastic,Agree,219,33,True,Non-Sarcastic
4001,"Beats the dickens out of warmed over, politically correct French humanism.",Sarcastic,Sarcastic,Agree,74,11,True,Sarcastic
4002,"First off, kudos on getting the quotes right! It's much appreciated.
Now, what's your actual assertion? If you spell it out than we can put this definition debate in context, and maybe actually get somewhere.",Non-Sarcastic,Non-Sarcastic,Agree,209,35,True,Non-Sarcastic
4006,"**
 Sorry, b. I went to livescience and to pigliucci, but could not find the link. You can send it to me, PM or email, and I'll post it for you.",Non-Sarcastic,Non-Sarcastic,Agree,145,31,True,Non-Sarcastic
4008,"You are aware that words have more than one meaning, right? And that every definition isn't appropriate in every situation? The definition, from dictionary.com, that you should have used is:
To infer or estimate by extending or projecting known information.",Non-Sarcastic,Non-Sarcastic,Agree,258,40,True,Non-Sarcastic
4009,"i guess this disease is 'contagious' thus due to this contagious disease it can spread rapidly. if he dies then no one gets infected and vice versa. although, i believe that if that is the situation i don't the infected persons opinion matters. if you possibly may kill even 1 person you will probably be isolated from social world and be taken to a place where you have no contact with the public no questions asked.",Non-Sarcastic,Non-Sarcastic,Agree,417,76,True,Non-Sarcastic
4010,i love how scumbarge doesn't give a rebuttal to this. he knows you have him by the balls.,Sarcastic,Sarcastic,Agree,89,18,True,Sarcastic
4011,I don't agree with this debate. If preventing the Devil from interfering on earth should not be prevented by God then why is it that God did prevent the Devil from interfering in heaven after he was defeated? They are both essentially taking the Devil away from an area where he could potentially harm those that are good. God seemingly saw fit for one to occur but not the other. Why would that be?,Non-Sarcastic,Non-Sarcastic,Agree,399,74,True,Non-Sarcastic
4012,"Apparently, you have the sides confused. The left pushes porn more so than the right does. That's part of the meaning of ""liberal""...""anything goes""! :p",Sarcastic,Sarcastic,Agree,152,25,True,Sarcastic
4013,"of course not. that is why it reads, 'shall not be infringed! exactly what is confusing about that? even a child can understand that...",Non-Sarcastic,Non-Sarcastic,Agree,135,24,True,Non-Sarcastic
4015,'whose illegal war? america isn't even there to be at war anymore!' wow. please tell me you're joking?,Sarcastic,Sarcastic,Agree,102,18,True,Sarcastic
4021,"huh? then what's the difference in supporting legal same-sex marriage? it's a rapidly shifting landscape. look at the current opinion polls, which favour equal marriage. the last round of ballot initiatives was some time ago, given how things are trending toward acceptance, and they didn't pass by that much. the anti-crowd is no longer mainstream society.",Non-Sarcastic,Non-Sarcastic,Agree,357,56,True,Non-Sarcastic
4022,"So essentially the good thing about religion is that it poses a question that may or may not be completely meaningless and then invents a happy-making answer to satisfy the curiosity thus engendered? Wow, that's so much more profound than eradicating smallpox.",Sarcastic,Sarcastic,Agree,260,42,True,Sarcastic
4024,"But behind that are deeper, more fundamental issues about what homosexuality IS and the morality of it. To many people who view homoseuxality as immoral, your movement seems to be trying to write immorality into law.",Non-Sarcastic,Non-Sarcastic,Agree,216,36,True,Non-Sarcastic
4025,"Oh, it gave me quite a shock when that happened! I wasn't expecting it at all! emoticonXRolleyes",Sarcastic,Sarcastic,Agree,96,17,True,Sarcastic
4026,"
I guess cheer leaders are the new tough guys and gals!",Sarcastic,Sarcastic,Agree,56,11,True,Sarcastic
4027,"No, neither am I suggesting that illegality makes something immoral. Legality and morality are completely separate things.",Non-Sarcastic,Non-Sarcastic,Agree,122,17,True,Non-Sarcastic
4028,"Well then what the devil are you moaning about then? It's not like Browning shot King, or actually made the rifle that was used or anything like that. Hell it wasn't even a rifle made by the Browning company.There's absolutely no connection between the two for you to be bitching about.",Sarcastic,Sarcastic,Agree,286,51,True,Sarcastic
4029,"you don't know? oh yeah... you're supposedly married to that teenager, prodigee.",Sarcastic,Sarcastic,Agree,80,12,True,Sarcastic
4030,"But maybe god does not hate gays, maybe he just hates the ones that demand to have sex with people whether they want it or not.",Non-Sarcastic,Non-Sarcastic,Agree,127,26,True,Non-Sarcastic
4031,Because it shows that Ockham was arguing against what Hi_Its_Me says the Razor is.,Non-Sarcastic,Non-Sarcastic,Agree,82,14,True,Non-Sarcastic
4032,"** nonsense. who's been teaching you your quantum physics?!? ** the reason is called, 'ex nihilo, nihil fit'. what you are saying is called 'magick'. ** which would mean that it came from some where or something and did not 'just happen'. ** a 'quantum fluxuation'(sic)?!? is that some kind of magical cosmological dump, or something?! materialists inventing magic words, or using real words as magical mantras and bumper stickers in oprder to make up for what they haven't got, is getting really old around here. ** so why not call your 'multiverse' , 'god', and be done with it?",Sarcastic,Sarcastic,Agree,580,100,True,Sarcastic
4033,"Well either the police are going by documented reports, or they're just making up a BS number to give politicians something to bite on for furthering their agenda.",Sarcastic,Sarcastic,Agree,163,28,True,Sarcastic
4034,"Wow. A very unusual and distressing story, and probably why saline abortions are no longer used.   It is very unfortunate for her to have to live with that disability.",Non-Sarcastic,Non-Sarcastic,Agree,167,29,True,Non-Sarcastic
4036,"Very many have: dolphins and whales, for example, and some cave-dwelling birds.",Non-Sarcastic,Non-Sarcastic,Agree,79,12,True,Non-Sarcastic
4038,I see you know nothing about the subject...hardly a surprise.,Sarcastic,Sarcastic,Agree,61,10,True,Sarcastic
4039,"Stick with the bass guitar. emoticonXRolleyes 
And if you break a string....TRY not to blame it on Clinton. :p",Sarcastic,Sarcastic,Agree,111,19,True,Sarcastic
4040,"
I guess I SHOULD give you some time to mourn, so go back and dry your snot",Sarcastic,Sarcastic,Agree,76,17,True,Sarcastic
4041,"Exactly my point. And do you know why evolutionists love to use fruit flies as subjects in experiments like these? it's because their lifespan is so incredibly short, around 2 weeks long, so many generations can be observed in a shorter amount of time making the probability of observing an actual change more likely. But as we saw with Iangb's e coli experiment, even 40,000+ generations of e coli wasn't enough for it to evolve into anything other than another strain of e coli. emoticonXGoodLife Cycle of the Fruit Fly",Sarcastic,Sarcastic,Agree,521,90,True,Sarcastic
4043,"So producing a child is the defining characteristic of a marriage? What about love, trust, respect, companionship? My wife and I may decide to not have a child, does that mean our marriage should be made illegal? Again, you keep posting nambla this and nambla that. Nambla is a group of deviant pedophiles, homosexuals despise this behavior too. GROW UP DHARD...I mean DMG2FUN. ;)",Sarcastic,Sarcastic,Agree,380,64,True,Sarcastic
4044,So what?   Why should the woman be forced to care for this child against her will?,Non-Sarcastic,Non-Sarcastic,Agree,82,16,True,Non-Sarcastic
4045,"That's just not true. It is a logical fallacy. Evolutionary theory makes no claims to be able to recount every mutation, recombination, migration, random mating, or chance death of every organsim. But the evidence for evolution is beyond dispute. More than 99% of degreed biologists accept evolutionary theory as the best explanation for the observed data.",Non-Sarcastic,Non-Sarcastic,Agree,356,56,True,Non-Sarcastic
4046,"Congratulations, Hunter. You have just accepted the 5 primary tenets of fundamentalism. So I guess that makes you a fundamentalist.
",Sarcastic,Sarcastic,Agree,133,20,True,Sarcastic
4048,Actually its 14 billion years. Hovind is not claiming what science does.,Non-Sarcastic,Non-Sarcastic,Agree,72,12,True,Non-Sarcastic
4050,"
But? If? Isn't? But that's?
Must be a Progressive prison or something. emoticonXSmilie",Sarcastic,Sarcastic,Agree,89,13,True,Sarcastic
4051,"Oh, well, then that settles the argument doesn't it. It must be a person because she says so, now. Maybe she will change her mind again?",Sarcastic,Sarcastic,Agree,136,26,True,Sarcastic
4052,"What about this hypothetical rock? Can it exist?
 
 Or, does this mean that God himself requires God's Will to exist? Cyclical! :xbanghead",Sarcastic,Sarcastic,Agree,140,22,True,Sarcastic
4053,"The average global temperature follows a sinusoidal pattern, the general consensus is we are supposed to be approaching a peak. Projections show that instead of peaking, there will be continue to be an increase in average global temperature which exceeds that of the peak 4000 years previous.",Non-Sarcastic,Non-Sarcastic,Agree,292,47,True,Non-Sarcastic
4054,"Ahh. Now I see why you turned into an agnostic, if you even believed Christianity in the first place.",Sarcastic,Sarcastic,Agree,101,19,True,Sarcastic
4055,According to Genesis? Why are you trying to present that as scientific evidence? Should I present The DaVinci Code as scientific evidence? How about Darwin's On the Origin of the Species?,Sarcastic,Sarcastic,Agree,187,31,True,Sarcastic
4056,Half of the country is stupid enough to think that four (or eight) more years of Dumbya would be good.,Sarcastic,Sarcastic,Agree,102,20,True,Sarcastic
4057,And this is merely another piece of evidence that Sport's a XXXXX.,Sarcastic,Sarcastic,Agree,66,12,True,Sarcastic
4058,"More like put on ""leave with pay"" aka ""taxpayer funded holiday"" while the woman is charged with ""assaulting a police officer"" to try and cover their misdeeds. At least that seems to be the usual tact in 21st century america.",Sarcastic,Sarcastic,Agree,224,40,True,Sarcastic
4059,"that explains why he's been identified as the most liberal voting senator of 2007...because he hasn't much of a rating. honestly, it is amusing when liberals try to explain things.",Sarcastic,Sarcastic,Agree,180,30,True,Sarcastic
4060,Nice evasion. Now how about actually responding to my post above which was a response to your prior attack post!!!,Sarcastic,Sarcastic,Agree,114,20,True,Sarcastic
4061,"i think in the mind of a psychopath with boundary issues, what the woman was wearing, or where she was at does not matter at all. how do you explain people who get raped in their homes? how about people who aren't dressing slutty, they're just having a drink with a friend, but that friend turns out to have a darkside? i really hope you're joking though.",Non-Sarcastic,Non-Sarcastic,Agree,355,67,True,Non-Sarcastic
4062,"Surely, we can only ""guesstimate"" how many living species have escaped our attention ? But how probable is it that only 1% of all the species that ever existed escaped extinction ?   I think your point about mass extinctions may be a key to what has puzzled me.",Non-Sarcastic,Non-Sarcastic,Agree,261,48,True,Non-Sarcastic
4063,"can you support this moronic statement? the answer is obviously no. also, why should obama be less responsible for his own words on guns and religion than palin is for the words of her audience? the media will follow palin through the gates of hell and beyond to find something to demonize her. what lengths won't they take to attack republicans?",Sarcastic,Sarcastic,Agree,346,61,True,Sarcastic
4064,You mean like Eclipses. Oh wait. That was a miracle explained by Science!,Sarcastic,Sarcastic,Agree,73,13,True,Sarcastic
4065,Hmm maybe I should take that one to a local patent office...,Non-Sarcastic,Non-Sarcastic,Agree,60,12,True,Non-Sarcastic
4066,"So, you're basically saying that Biden was lying through his teeth when he said he doesn't support gay marriage? It was all just a lie to keep from losing votes? Interesting.",Sarcastic,Sarcastic,Agree,174,31,True,Sarcastic
4067,"No, think about what you just said. A cancer cell doesn't mutate, it attacks healthy cells and causes the destruction of healthy tissue. Kinda like liberals in a healthy society - they are the free radicals of the body politic, huh... go figure.",Sarcastic,Sarcastic,Agree,245,43,True,Sarcastic
4068,But does anyone actually need a marriage to do this? No. Are there any laws stating one must be married before giving birth? No.,Non-Sarcastic,Non-Sarcastic,Agree,128,24,True,Non-Sarcastic
4069,"that's the finals tournament. are you being deliberately obtuse? there are qualifying rounds that eliminate many teams before the finals competition. you will notice, therefore, that neither scotland, wales nor northern ireland are involved in the finals competition, though you can be assured that they participated vigorously in the qualifying rounds. 2010 fifa world cup qualification - wikipedia, the free encyclopedia 204 teams entered the most recent qualification competitions.",Sarcastic,Sarcastic,Agree,484,69,True,Sarcastic
4070,I think our culture is going to play a big role in this as well. I think that is where the majority of this problem lies.,Non-Sarcastic,Non-Sarcastic,Agree,121,26,True,Non-Sarcastic
4072,"To the extent that working toward social change on any moralistic issue is an 'imposition', sure. But I think one could say that about anything that has a social effect.",Non-Sarcastic,Non-Sarcastic,Agree,169,30,True,Non-Sarcastic
4073,"Yeah, those teabaggers are sooo racist. :)
FOXNews.com - Black Tea Party Activists Called 'Traitors'
You're just as bad as MarieAntoinette, anyone who disagrees with Obama is racist. I, for one, am happy to see that there are plenty of people who aren't too mesmerized by the nations first black president to think for themselves. You are not one of them.",Sarcastic,Sarcastic,Agree,357,61,True,Sarcastic
4074,"He did finally figure out how to use the quote function, so there is SOME progress!!",Sarcastic,Sarcastic,Agree,84,16,True,Sarcastic
4076,"What's ""cumulative selection?"" Do you mean a series of mutations with small but beneficial influence that occur over the period of thousands or millions of years? Just how do you propose to observe such mutations? In fact, we can observe such mutations by comparing the genomes of related species.",Non-Sarcastic,Non-Sarcastic,Agree,297,49,True,Non-Sarcastic
4077,"Actually the room, straps, and table are all multi-use. And the drugs only cost Texas $86.08 per execution as of 2002.",Non-Sarcastic,Non-Sarcastic,Agree,118,21,True,Non-Sarcastic
4078,"Well, at least you are more consistent about equality than a lot of people in your movement. 
",Sarcastic,Sarcastic,Agree,95,17,True,Sarcastic
4079,I believe that science explains the way God created the universe.,Non-Sarcastic,Non-Sarcastic,Agree,65,11,True,Non-Sarcastic
4082,"WOW this seems to be an attitude of controlling womens sex lives by banning abortion.So forcing women to have children she doesn't want, his her version of the scarlet letter? Having children is selfish BTW.(from an evolutionary standoint). The rest of your post is pure overly emotional rhetoric.I highly doubt anyone who is seeking an abortion would even take you moral opinion of them seriously. emoticonXAngel",Sarcastic,Sarcastic,Agree,413,66,True,Sarcastic
4083,"April was ""recent"" ? Please provide evidence from the memo of these ""examples"".",Sarcastic,Sarcastic,Agree,79,13,True,Sarcastic
4084,"oh yeah, i totally bought adobe photoshop too. i definitely did not illegally download it, because that would be wrong. ;)",Sarcastic,Sarcastic,Agree,122,21,True,Sarcastic
4085,"Actually, yours is founded in the imaginings of men. ""The bible"" it's called. Ours is founded on evidences so large, you'd have to be willingly ignorant not to accept them.
",Sarcastic,Sarcastic,Agree,174,30,True,Sarcastic
4086,"There you are NATO, you have justified a Final Solution for the ""Mexican problem"". Let me quote you 
",Sarcastic,Sarcastic,Agree,102,18,True,Sarcastic
4088,"How is that related to deterrence?   Once again, deterrence is preventing through the fear of consequences.  What you are talking about is not related to the subject of deterrence.",Non-Sarcastic,Non-Sarcastic,Agree,180,29,True,Non-Sarcastic
4089,I can't think of anyone I'd rather have babysit me. Oh.......maybe you wern't talking about me. Rats! LOL,Sarcastic,Sarcastic,Agree,105,18,True,Sarcastic
4090,"oh yeah, and i'm pretty sure my display picture has pissed off a lot of people, and if it has; i'm glad ;)",Sarcastic,Sarcastic,Agree,106,23,True,Sarcastic
4091,Hey slim Jim what exactly was that about spelling errors and typos any way?Pray enlighten us with your wisdom on why it matters little.By your own reasoning and logic why would it matter if they did or not? Why would one imagine they wish to get away alive? ,Sarcastic,Sarcastic,Agree,258,48,True,Sarcastic
4093,"Far from showing any modern knowledge of blood circulation, this shows:1) if you take the blood out of an animal it will die. A simple fact all civilizations of the time would have known.2) God like for his followers kill living things. He is the God of blood.",Non-Sarcastic,Non-Sarcastic,Agree,260,48,True,Non-Sarcastic
4094,"Oh dear, deluded philisopher nutter alert. No one can empirically prove anything. Fact. End of discussion.",Sarcastic,Sarcastic,Agree,106,16,True,Sarcastic
4095,And ill continue to have pity for abused and unplanned pregnant women lacking basic healthcare.,Non-Sarcastic,Non-Sarcastic,Agree,95,15,True,Non-Sarcastic
4097,"YES, of course, they could not actually hunt, since that would be illegal, possibly a felony, whihc could lead to forfeiture of your rights.",Sarcastic,Sarcastic,Agree,140,24,True,Sarcastic
4098,So will you be comparing gays to child molesters and priests in your same examples? Or blacks with slinging drugs and hoochie mammas? Or will you note the eerie similarities betweenn the wording of some of our gun laws to the Nazi gun laws? ,Sarcastic,Sarcastic,Agree,241,44,True,Sarcastic
4100,"Another red herring gay argument. Ever hear of a medical power of attorney? You don't need marriage to have one, you know. emoticonXRolleyes 
",Sarcastic,Sarcastic,Agree,143,23,True,Sarcastic
4102,"Yet that is an argument used by most LIB DIM GGs. Now there may be some consternation as to my use of that term, but gun control is for most purposes, the baliwick of those same minions.   It will always be easy for the crimiinals to acquire those weapons. Nine million anti-gun laws will not change that.",Sarcastic,Sarcastic,Agree,305,57,True,Sarcastic
4103,"Oh.. that makes sense. Because, it sounds exactly like modern day republicans.",Sarcastic,Sarcastic,Agree,78,12,True,Sarcastic
4104,Because it's unfair that us little people can also own guns.,Sarcastic,Sarcastic,Agree,60,11,True,Sarcastic
4105,I am interested in my life and freedom. I am not responsible for yours or anyone else I don't know. You fail to address how do you protect me when you take my gun? That is a pretty crappy trade. Your increase in personal protection and the decrease of mine? No thank you.,Non-Sarcastic,Non-Sarcastic,Agree,271,53,True,Non-Sarcastic
4106,"originally posted by easyrider: (to: shooterandproud) did i take you to raise?  you're not from around here, are you?  what it means is that i'm not obligated to wet nurse / answer all the follies of dedicated christ-bashers.",Sarcastic,Sarcastic,Agree,225,38,True,Sarcastic
4107,But isn't that the problem? This creationist decided that science should be limited to his religion. He's afraid of flying.,Non-Sarcastic,Non-Sarcastic,Agree,123,20,True,Non-Sarcastic
4108,But wouldn't it make it more likely that a gun dealer that was involved in gun trafficking would be audited and caught by the ATF? If there are less FFLs then the ATF has more time to monitor and inspect each gun dealer.,Non-Sarcastic,Non-Sarcastic,Agree,220,43,True,Non-Sarcastic
4109,You don't understand words; why the hell was I thinking you'd understand numbers? emoticonXRolleyes,Sarcastic,Sarcastic,Agree,99,14,True,Sarcastic
4110,So your biased reading of the Bible coupled with your personal flaws and your misunderstanding of science is the basis of your religiosity? Somehow I don't think that's something you'd really want to brag about...,Sarcastic,Sarcastic,Agree,213,35,True,Sarcastic
4111,"Ha.a.a.a :p emoticonXGood Good one, sinjin.What is the sound of one hand clapping.....?Ladywolf,Your answer will probably come from many different sources. Your idea that it evolved is pretty-much it, IMO.",Sarcastic,Sarcastic,Agree,205,30,True,Sarcastic
4112,"oh yeah, you got me. bigotry and hate are major turn on for me. you could use a good lay anyway. muah. ;0",Sarcastic,Sarcastic,Agree,105,23,True,Sarcastic
4114,"i just spat coffee on my new monitor...  wanna catch a movie, sinjin? i'll get the popcorn if you'll bring that yellow salt...",Sarcastic,Sarcastic,Agree,126,23,True,Sarcastic
4115,I think you are entirely correct. From the page VOR linked:,Non-Sarcastic,Non-Sarcastic,Agree,59,11,True,Non-Sarcastic
4116,"I believe organized religion increases ignorance and represses progress but I'll not infringe your right to believe what YOU want and attend whatever church YOU want. Placing arbitrary restraints on private behavior (or ideas or other's beliefs) based on personal religious beliefs flies in the face of everything this country stands for. And stop bringing up ANIMALS...animals are different from PEOPLE, even the bible got that right.",Non-Sarcastic,Non-Sarcastic,Agree,435,67,True,Non-Sarcastic
4117,I'm now slightly less confused about why I've never seen this discussed before.,Non-Sarcastic,Non-Sarcastic,Agree,79,13,True,Non-Sarcastic
4119,"You are perhaps thinking of the Miller-Urrey experiment. No one expected life to appear. They were merely curious about what would happen if they simulated the conditions of the early Earth.Since then, we've found pretty much the same thing in the interior of stony meteorites, including an excess of L-forms. So, it's confirmed the findings of Miller-Urey. None of this has anything to do with evolution, however.Evolution is the change in allele frequencies over time. This happens in populations; individuals don't evolve. Everything else in evolution is an elaboration of this phenomenon.",Non-Sarcastic,Non-Sarcastic,Agree,592,92,True,Non-Sarcastic
4120,"Last time I checked most state boards merely set the guidelines, whether or not they are followed is something entirely different. Still the fact that you have a board of education spouting such ridiculousness is pretty damn amusing.",Sarcastic,Sarcastic,Agree,233,38,True,Sarcastic
4122,"False and that doesn't invalide evolution given how it's a misrepresentation of one of the statements in the theory. 
 
 Gould can take his comments and shove them up his ***.",Sarcastic,Sarcastic,Agree,177,30,True,Sarcastic
4123,"Oh, is THAT where you are getting your information? The Biotic Message? I read the book tens years ago and eventually sold it because it wasn't worth keeping. You do know that it is a book on biology written not by a biologist, but by an engineer. Right? ",Sarcastic,Sarcastic,Agree,255,48,True,Sarcastic
4124,"I remain skeptical, but post your opening statement ASAP.   Please commit to this debate or notify us of other intentions.",Non-Sarcastic,Non-Sarcastic,Agree,122,20,True,Non-Sarcastic
4126,Shhhh . . . don't tell anyone: Habitat for Humanity is a religious (GASP) organization. Those mean old hateful Christians--helping giving homes to needy people . . .,Sarcastic,Sarcastic,Agree,165,28,True,Sarcastic
4127,You obviously don't read many posts. Why is this relevant?,Sarcastic,Sarcastic,Agree,58,10,True,Sarcastic
4128,With you gun nuts its shoot first and ask questions later. Thats why your 43 times more likely to kill a family member than an intruder. Oops that was grandma!,Sarcastic,Sarcastic,Agree,159,30,True,Sarcastic
4129,"Heh, this is really funny coming form a guy who keeps telling us that the evil Muslims are taking over Europe and that the European socialist economy is going to collapse.",Sarcastic,Sarcastic,Agree,171,31,True,Sarcastic
4130,"where did that happen, in your dreams? please note the word ' extreme'. extreme lefties have been just as blood thirsty as extreme righties.",Sarcastic,Sarcastic,Agree,140,24,True,Sarcastic
4131,"oh, so now you're claiming to be a psychologist too?! wow, you sure get aroud a lot!  hmmm...a failed shrink arguing over homosexuality with actual homosexuals. what does that suggest?  tomshairybills; you are way over your head and i really hate to be the one who has to keep telling you this, but you're not doing yourself any favors by continuing to dig that hole you're in even deeper.",Sarcastic,Sarcastic,Agree,389,69,True,Sarcastic
4133,"You have done a marvelous job knocking down strawmen of your own construction. Having offered a naive and superficial caricature of atheism, agnosticism, and theism, you then imagine a self-serving hierarchy that is, in a word, worthless - all in a silly effort to show yourself most humble. Ironic.",Sarcastic,Sarcastic,Agree,299,49,True,Sarcastic
4134,"If atheism is a religion, than yes and atheism. If it's not then no.   _________________",Non-Sarcastic,Non-Sarcastic,Agree,88,15,True,Non-Sarcastic
4135,"who appointed you forum moderator? i just asked obvious child what he thought should be done with iran? i never claimed to have all the answers, but i do share my opinions like everyone else here does.  seig heil to you too!",Sarcastic,Sarcastic,Agree,224,42,True,Sarcastic
4136,try and think about this then. you think the jury is going to be put under external influence to make an unbiased decision if firearms are in the court room. what other decision makers may have this problem if guns are allowed almost everywhere? the president? the senate? judges? don't expect that the jury can't be influenced either. the room cleaning service at their hotels will easily be able to have access to them if they wish and well armed of course.,Sarcastic,Sarcastic,Agree,459,82,True,Sarcastic
4137,i love when random myth followers talk about critical thinking :d,Sarcastic,Sarcastic,Agree,65,11,True,Sarcastic
4138,Are you referring to yourself as a Christian or Steeeeve being a Christian?,Non-Sarcastic,Non-Sarcastic,Agree,75,13,True,Non-Sarcastic
4140,":d i love how no matter what we're talking about on createdebate, politics, and usually fox news, inevitably comes up. haha.",Sarcastic,Sarcastic,Agree,124,21,True,Sarcastic
4141,oh no you didn't! not g earnst website?  oh yes you did! that would be like me quoting from nato's website.  po tow mack institute emoticonxsmilie  potomac river humm.,Sarcastic,Sarcastic,Agree,167,29,True,Sarcastic
4142,"Your writing is as muddled as your thinking.I assume the ""they"" here is the IPCC? Are you seriously asking why radiative forcing (which can be accurately calculated using line-by-line radiative transfer codes, see Collins et al. 2006 and Myhre et al. 2001) is relevant to the issue of global warming?",Sarcastic,Sarcastic,Agree,300,50,True,Sarcastic
4143,"When someone lacks the ability to understand and the ganas to try, then it doesn't make sense. However, if you understood any of it, it would be different. After all, you repeat over and over again how you don't understand.",Sarcastic,Sarcastic,Agree,223,40,True,Sarcastic
4144,"But wouldn't the biochemical similarities speak for themselves? That is, does one have to believe that the two specimens (which share biochemical similarities) evolved in order to infer that they will respond similarly to antibiotics? The observable facts of the similarities would seem sufficient (and more scientific?).",Non-Sarcastic,Non-Sarcastic,Agree,321,47,True,Non-Sarcastic
4145,"Ok, EF, so am i likely to win the lottery before i meet an alian?",Non-Sarcastic,Non-Sarcastic,Agree,65,15,True,Non-Sarcastic
4146,"Well, by the strict defintion of the word ""born"", an abortion is considered a premature birth.",Non-Sarcastic,Non-Sarcastic,Agree,94,16,True,Non-Sarcastic
4147,"Oh well. Keep trying and you will get there one day.
",Sarcastic,Sarcastic,Agree,54,11,True,Sarcastic
4149,That is exactly what he is here for. To spread god's.. 'love'.,Sarcastic,Sarcastic,Agree,62,12,True,Sarcastic
4150,"But does anyone actually need a marriage to do this? No.
 Are there any laws stating one must be married before giving birth? No.",Non-Sarcastic,Non-Sarcastic,Agree,130,24,True,Non-Sarcastic
4153,"So if it was deemed by 'those with the knowledge that give their opinion weight' that a fetus can feel pain and stress during a termination you would agree that the termination should not be carried out..well done
",Sarcastic,Sarcastic,Agree,215,38,True,Sarcastic
4155,We don't actually know this for sure. There is some data but much speculation as to what is exactly causing larger and more frequent storms. The bigger problem of reducing salinity is the currents themselves and how they intergrate with migration and heat transfer. Sources of food that humans depend upon could disappear if currents drastically change. And the basis of Day after Tommorrow is correct in how the gulf stream helps regulate temperatures in Europe.,Non-Sarcastic,Non-Sarcastic,Agree,463,76,True,Non-Sarcastic
4156,I sincerely doubt any of that happened. If so you would have links. Yea we know you are cyber brave to the point of heroine status. You are a troll pure and simple.,Sarcastic,Sarcastic,Agree,164,33,True,Sarcastic
4157,"again, please explain what possible benefits you forsee with teaching intelligent design. Please show me where it is anything than a belief. Evolution was always considered science. It used the scientific method, and offered evidence for everyone to see and peer review. Until the ""theory"" of intelligent design does that, I will always be forced to put quotes around the word theory, because it will simply be a religious belief.",Non-Sarcastic,Non-Sarcastic,Agree,430,70,True,Non-Sarcastic
4158,"PROJECTION, again.... I'm amazed you can't recognise the amount you do it....",Sarcastic,Sarcastic,Agree,77,12,True,Sarcastic
4159,but should the elected legislature based in part on partisan politics be telling our courts which case to look at and which case not to look at? i thought there was a reason we had 3 seperate branches of government.,Non-Sarcastic,Non-Sarcastic,Agree,215,40,True,Non-Sarcastic
4160,"Possibly, I must admit I never tried to gain access to swords whilst over there.",Non-Sarcastic,Non-Sarcastic,Agree,80,15,True,Non-Sarcastic
4161,"Yeah, because the Brady ratings and approval of a particular states gun laws has no bearing on reality as far as crime and safety goes! Which is Nato's real point!",Sarcastic,Sarcastic,Agree,163,30,True,Sarcastic
4162,"Hi Joe, welcome to the forum. I must warn you though that you have argued so perfectly and similarly all of the points I just argued on another thread about abortion, that some people around here might just accuse you of being me with a new handle. No problem though, I hope you have better luck than I did. emoticonXSmilie",Sarcastic,Sarcastic,Agree,323,60,True,Sarcastic
4163,"Rationalizing? I guess so, since I'm trying to explain why it's silly for it to be illegal. But, guess what, you are rationalizing why beer is legal. And you're SO WRONG about drinking beer for 50 years.  Drink enough beer to get a buzz and smoke enou",Sarcastic,Sarcastic,Agree,251,47,True,Sarcastic
4164,"The Raw Story | Peanut execs won't say if they eat their own products
Oh my! Another Republican pleads the Fifth.",Sarcastic,Sarcastic,Agree,114,21,True,Sarcastic
4165,"Or possibly your Holy Fathe has resorted to XXXXX-bashing. It's all perspective. Frankly, I don't think that the views on this message board will fuel discrimination and hatred of Popes everywhere around the world, so I think they have less to answer for.",Sarcastic,Sarcastic,Agree,255,43,True,Sarcastic
4166,"As Kronus explained, there are an infinite number of ""colors,"" because ""color"" is a function of wavelength.",Non-Sarcastic,Non-Sarcastic,Agree,107,17,True,Non-Sarcastic
4167,"AHHH good old capitalism, I suppose you will be wanting poor, and work houses, and debtors prisons. Ever read Dickens now that was captialism at its finist.
",Sarcastic,Sarcastic,Agree,158,27,True,Sarcastic
4169,"if something is modified, does it not become better, or more complex? there's nothing wrong with those terms, unless you're a degreed scientist who is talking down to common peasants.  all .00001% of them? you're not the only one i debate. emoticonxidea  does talkorigins have one? they are used as a reference here constantly - i don't think the asa has been referred to a single time, until now.  talkorigins feedback section supports my position.",Sarcastic,Sarcastic,Agree,449,75,True,Sarcastic
4170,"not true at all. hate crime legislation protects straights as well as gays. nothing 'special' there. so you make a claim, but can provide no example to document the veracity of your claim. meh... what i expected. the ruling is garbage. 'ex-gays' are supposedly straight, right? so they are already protected under existing legislation. if we had a bunch of democrats who changed to republicans, and then insisted they should be known as 'ex-democrats', would we need another legal status for them? no.",Sarcastic,Sarcastic,Agree,501,83,True,Sarcastic
4174,"Well, man has been called the third chimpanzee. Cladistics is some decades old now, and it has suplanted the old Linean system. While discoveries are still assigned genus and species names, evaluation of morphological charisteristics by computer yield much more realistic evolutionary trees.",Non-Sarcastic,Non-Sarcastic,Agree,291,43,True,Non-Sarcastic
4175,"The one that was investigating whether or not there were 'fast evolving' gamete cells. There were 4 general things they were going to study 1) fast evolving gamete cells, 2) accumulation of genes 3) forgot and 4) forgot.   How did the article turn out?",Non-Sarcastic,Non-Sarcastic,Agree,252,44,True,Non-Sarcastic
4176,"If fear of punishment by God is all that keeps you from raping sheep, then, well, I just don't know about you.
",Sarcastic,Sarcastic,Agree,112,22,True,Sarcastic
4177,It has a chance. Any scientist has the opportunity to study ID. We are discussing the science classroom. We already teach it as a hypothesis in most schools. But it simply should not be taught as a valid alternative to evolution. That's what this debate is over.,Non-Sarcastic,Non-Sarcastic,Agree,262,47,True,Non-Sarcastic
4178,College. They are normally studied for two years between the ages of 16 and 18 before going to uni.,Non-Sarcastic,Non-Sarcastic,Agree,99,19,True,Non-Sarcastic
4179,"Well, it seems pretty evident that you have know idea of the meaning of the word theory when used in science.",Sarcastic,Sarcastic,Agree,109,21,True,Sarcastic
4180,"and thus a reason to support balanced reporting.   true, there are indisputable facts. say 3000 died.   but the interpretation of the facts are subjected to bias. the 3000 deserved to die as collaborators vs the 3000 were innocent and did not deserve to die.",Non-Sarcastic,Non-Sarcastic,Agree,258,44,True,Non-Sarcastic
4182,"like in afghanistan? hopefully it will go a little better with this puppet, his own bodyguard was the latest in a slew of assasination attempts.",Sarcastic,Sarcastic,Agree,144,25,True,Sarcastic
4183,"23,000 firearms were handed in when the UK had its gun ban. According to your logic those people that handed in their firearms can still be prosecuted because they took possession of a firearm prior to the ban. I don't think so.",Sarcastic,Sarcastic,Agree,228,42,True,Sarcastic
4185,"Yes. The US Constitution is secularist, but it's not atheistic.",Non-Sarcastic,Non-Sarcastic,Agree,63,10,True,Non-Sarcastic
4186,"An immaculately presented response, entirely avoiding the topic, or indeed reason, in order to unwittingly further the case for retrospective abortion.",Sarcastic,Sarcastic,Agree,151,21,True,Sarcastic
4187,"Has the American Medical Association decided to recognize that aluminum, steel and polymer and addictive narcotic substances that can drastically alter a person's mental status?",Non-Sarcastic,Non-Sarcastic,Agree,177,25,True,Non-Sarcastic
4188,"Only in your mind could lying about me be telling the truth smiley. And if you had any concept of what truth is, you wouldn't be an anti-christian atheist my spiritually blind friend. emoticonXAngel",Sarcastic,Sarcastic,Agree,198,34,True,Sarcastic
4189,"In short, you have nothing but faith, and seek to project it where it has no place.",Sarcastic,Sarcastic,Agree,83,17,True,Sarcastic
4190,"Use some common sense, would you. And while you're at it, trying reading! I said, and you quoted me as saying:
",Sarcastic,Sarcastic,Agree,112,21,True,Sarcastic
4191,"allright, well then i think it's odd too, arians would have made more sense. i'm surprised they are considered obscure, the council of nicea is historically considered one of the defining moments of the early christian church, and the arian controvery was it's main event. for the record, they were discussed in my high school, that's why i was making sure.",Non-Sarcastic,Non-Sarcastic,Agree,357,61,True,Non-Sarcastic
4192,Not in your droll mind it hasn't that much is clear king trident... Why don't you go hunt some tuna or something...,Sarcastic,Sarcastic,Agree,115,22,True,Sarcastic
4193,You don't view infants as people either? What form of beast are you?,Sarcastic,Sarcastic,Agree,68,13,True,Sarcastic
4195,what do you find disrespectful about it? maybe it is 'disrespectful' but i sometimes that's not necessarily so bad. i don't think it rises to the level of being offensive.,Non-Sarcastic,Non-Sarcastic,Agree,171,30,True,Non-Sarcastic
4197,"A slimey claim you cannot support as usual. In developed Nations, the U.S. is far down the list as has been posted on this very board at least 5 times. Those 'other' Nations also have far more crime and violent crime than the U.S.",Sarcastic,Sarcastic,Agree,230,44,True,Sarcastic
4198,774 billion to china in debt... where are you going to 'buy' new technology? oh right... from china.,Sarcastic,Sarcastic,Agree,100,18,True,Sarcastic
4199,Is the Ammo Shortage the Result of a Government Conspiracy or an NRA Marketing Campaign?,Non-Sarcastic,Non-Sarcastic,Agree,88,15,True,Non-Sarcastic
4200,"no, darling....i'm a religiously 'lax', but 'spiritually active' episcopalian. but, what if i was a believer in the nation of islam? would that justify your bigotry and racism? i think not. check the 1st amendment, which you conveniently omit.",Sarcastic,Sarcastic,Agree,243,39,True,Sarcastic
4201,"Well said Jito.   I don't understand why pro-lifers dismiss pregnancy as easy and/or suggest that it's a wonderful snuggly thing that's just the best thing in the world. Even if you want a baby, it's unbelievably hard to go through and something your body never fully recovers from. If you don't want a baby and are being forced to go through it, it's unbearable.   You can't force somebody to go through this life-threatening condition that is always physically harmful.",Non-Sarcastic,Non-Sarcastic,Agree,471,79,True,Non-Sarcastic
4202,I'm not going to waste my time on someone lining up to be a perennial pit dweller.,Sarcastic,Sarcastic,Agree,82,17,True,Sarcastic
4203,"That's right...if there was any possibility we didn't do it the Soviets would have jumped right on top of us and shouted, ""Wait a minute! it was a hoax!""
",Sarcastic,Sarcastic,Agree,155,29,True,Sarcastic
4204,Talk about a crock! How can you wail on anyone with your imaginary truth stick of no mercy when you wouldn't know the truth if you tripped over it? And you going ballistic like this just proves the exact point I made in that you'll allow my free speech until I say something you disagree with and then you attack me to shut me up. Which is exactly what I said above that precipitated your childish tirade. See?,Sarcastic,Sarcastic,Agree,410,78,True,Sarcastic
4205,"#2 was questioning the personal, non-scientific beliefs of the evolution believer",Non-Sarcastic,Non-Sarcastic,Agree,81,11,True,Non-Sarcastic
4206,"well there is also trade with indians, customs collections from imports, and the patent office and of course the passing of laws and legislation to implement the whole thing. oh yes lets not forget legal tender which is mentioned i think. and also elections.",Non-Sarcastic,Non-Sarcastic,Agree,258,44,True,Non-Sarcastic
4207,So a theory was revised... does that mean that it was wrong afterwards?,Non-Sarcastic,Non-Sarcastic,Agree,71,13,True,Non-Sarcastic
4208,"Again, what evidence? anthropic principle doesn't have anything to do with creation. Puntucated Equlibrium anyone? How is symbiotic relations beteween plants and insects sign of creation?What are you talking about? A dog can't have a cat. That's retarded. What facts are you talking abot? ",Sarcastic,Sarcastic,Agree,289,44,True,Sarcastic
4209,"i like the band, but for a different reason... i am truly fascinated by the german language, and kulture.",Non-Sarcastic,Non-Sarcastic,Agree,105,19,True,Non-Sarcastic
4212,"Yes, it's been supressed. Only 14 people knew it before some brave soul tortured them until they confessed the horrible truth!!",Sarcastic,Sarcastic,Agree,127,21,True,Sarcastic
4213,"Oh . . . please be gentle with me. Whew! :p 
",Sarcastic,Sarcastic,Agree,46,11,True,Sarcastic
4214,"i love it when hypocrites say that we are no longer old testament law but proceed to quote the old testament that they just dismissed making themselves out to be fools and hypocrites. you can not have it both ways. either the old testament applies, or it does not. also, do you play football, wear polyester, stuff like that? those are abominations too. for more abominations, read leviticus 11. damn, this is a jolly good time!",Sarcastic,Sarcastic,Agree,428,76,True,Sarcastic
4215,"Based on what besides your own immediate knee-jerk denials?
You're always in the tank for the Bible bashers.",Sarcastic,Sarcastic,Agree,109,18,True,Sarcastic
4216,"Cases v United States, 131 F. 2d 916 (1st Cir. 1942), cert. Denied sub nom., Velazquez v. U.S, 319 U.S. 770 (1943). Basically, The US Curcuit Court upheld that the Second Amendment didn't apply to weapons that couldn't be carried by an individual.",Non-Sarcastic,Non-Sarcastic,Agree,247,43,True,Non-Sarcastic
4218,"Even then, your statement does nothing. They aren't ""getting themselves pregnant"". A doctor is doing a medical procedure, that may or may not result in a pregnancy (ya know, those little sperm thingies?) emoticonXAngel",Sarcastic,Sarcastic,Agree,218,34,True,Sarcastic
4219,"No offense, but I am in my early teens and understand the situation more than you.",Sarcastic,Sarcastic,Agree,82,16,True,Sarcastic
4220,"trebor, is there any odd chance that you are some what familiar with coptic christian traditions? i don't really expect it of you but i suspect that you may have spent a wee bit of time investigating other religions.",Non-Sarcastic,Non-Sarcastic,Agree,216,39,True,Non-Sarcastic
4221,"Actually, not at all true. The organisms of the Cambrian look little like modern animals. It is only the major phyla that are recognized by the derived characteristics. For example, the cordates first arise in the early Cambrian, along with primitive inverebrates. You can safely say that no animal living today looks much like any living then. For example, there were no amphibians, no reptiles, no insects, no birds, and of course, no mammals.   Your shotgun approach isn't actually worth answering in any detail. It isn't even your work.",Non-Sarcastic,Non-Sarcastic,Agree,540,89,True,Non-Sarcastic
4222,I think if Islamic fundamentalism shows us nothing else it's that...,Non-Sarcastic,Non-Sarcastic,Agree,68,11,True,Non-Sarcastic
4224,Nothing will replace fossil fuels until they reach a market price that favors an alternative.,Non-Sarcastic,Non-Sarcastic,Agree,93,15,True,Non-Sarcastic
4227,"George Bush won the majority of votes (the first majority winner in 16 years) in an election with the highest turnout in US history (>117Million voters). The Senate Minority Leader was defeated by a nobody. Democrats lost at least 3 seats in each of the House and Senate, something that never happens in a Presidential election year. This gave the Republican majority in both branches of Congress even more control. 11 Liberal ballot initiatives went down in flames by huge margins. If liberalism ISN'T dead, then it's in ICU on a heart and lung machine. emoticonXRolleyes ",Sarcastic,Sarcastic,Agree,573,96,True,Sarcastic
4228,"So it's just fine if someone says ""gay people are prone to force Christians out of their towns"", eh? Interesting. emoticonXWowJust ""typical English usage"", after all ....",Sarcastic,Sarcastic,Agree,170,27,True,Sarcastic
4229,"Yes, well thats usually the way it works. Kinda hard to enslave everybody when they are packing heat.",Sarcastic,Sarcastic,Agree,101,18,True,Sarcastic
4231,"What facts? The article above your post is replete with documented facts. Are you in denial? Have you even read the article? Are all of your responses knee-jerk, shoot-from-the-hip defense mechanisms?Pay attention.",Sarcastic,Sarcastic,Agree,214,32,True,Sarcastic
4232,"You could've just as easily revived the last thread, commenting on how the antis are unusually silent.",Sarcastic,Sarcastic,Agree,102,17,True,Sarcastic
4233,Bonus question:   (Can you spot the grammatical error within the quoted text?),Non-Sarcastic,Non-Sarcastic,Agree,78,12,True,Non-Sarcastic
4236,"Well, not completely, but yes, quite the same. However, this is irrelivent- she wasn't a person, because she was in a coma. Does that give me the right to kill her? Of course not!   What about fetuses born in comas? Can we kill them?   What about people in vegetative states? After all, they arn't perfect, so let's kill them!",Sarcastic,Sarcastic,Agree,326,59,True,Sarcastic
4237,"Throw off our conclusions about what? I'm getting a bit confused as to what you're trying to cast doubt upon.Dark matter is stuff that doesn't interact via the electromagnetic force, so again by definition anything that we can't 'see' using EM waves is dark matter. this is an interesting article about one way we can observe it indirectly",Non-Sarcastic,Non-Sarcastic,Agree,339,58,True,Non-Sarcastic
4240,Your correct the research is sound and the conclusions are accurate. I am impressed you came to this conclusion without even reading it. ,Sarcastic,Sarcastic,Agree,137,23,True,Sarcastic
4241,"Yeshua is a more accurate pronounciation.   There is little acceptance that it was ever ""Yahshua"" among scholars",Non-Sarcastic,Non-Sarcastic,Agree,112,17,True,Non-Sarcastic
4242,Your technicality bs is not needed here...granted you have only made 20 posts or so.,Sarcastic,Sarcastic,Agree,84,15,True,Sarcastic
4243,But faith is not religion. Religion is the expression of belief in a god or higher being or power of the supernatural.As an agnositc I think that both theists and atheists are wrong since it is impossible to know for sure wheither a god exists or not while one is still alive.,Non-Sarcastic,Non-Sarcastic,Agree,276,52,True,Non-Sarcastic
4244,"oh yeah those, i knew this girl once who put those up in her. freaky stuff man",Non-Sarcastic,Non-Sarcastic,Agree,78,17,True,Non-Sarcastic
4246,You ask to debate a lot of issues at once. Do you believe in a literal Adam? Do you not think that the idea is completely connected to Jesus' ministry? If it weren't for sin - Jesus would need not have come.,Non-Sarcastic,Non-Sarcastic,Agree,207,42,True,Non-Sarcastic
4247,"I'll address the later question. They may not ""need"" teeth that big, I couldn't say. Just because a creature has a feature doesn't mean its necessary or useful. While evolution does select for useful traits and against harmful traits, that doesn't mean that a trait won't develop that is simply odd. As long as it isn't particularly negative there's no reason to assume it will go away, and so sometimes you get traits that aren't ""useful"", they're simply not harmful. Those teeth could be such a case.",Non-Sarcastic,Non-Sarcastic,Agree,502,87,True,Non-Sarcastic
4248,"oh, and i would rather die than be your 'darling', butthole.",Sarcastic,Sarcastic,Agree,60,11,True,Sarcastic
4250,"And last years stats say, 3rd July 2009   The most violent country in Europe: Britain is also worse than South Africa and U.S.",Non-Sarcastic,Non-Sarcastic,Agree,126,23,True,Non-Sarcastic
4252,"so the quickest way to get over 20,000 points is to not be serious? check!",Sarcastic,Sarcastic,Agree,74,15,True,Sarcastic
4253,And your point was demonstrated to be specious using your own source. To contain strawmen even as you claimed it to be a strawman.,Sarcastic,Sarcastic,Agree,130,24,True,Sarcastic
4254,"Nice attempt at an audition. Since the law firm you hired is supposed to find a director and president for your crumbled .org do you think you will get the job? What's the matter, didn't Hennigan cut it after the other lawyer fled when he saw the handwriting on the wall? emoticonXGood",Sarcastic,Sarcastic,Agree,285,52,True,Sarcastic
4255,The point is that there are plenty of issues that go on in church meetings and denominational conventions that are areas of enormous disagreeement and struggle. It happens--it's not just this issue. You just don't hear about them because the press isn't interested in those issues.,Non-Sarcastic,Non-Sarcastic,Agree,281,46,True,Non-Sarcastic
4257,gitmo is a media darling. nobody talks about abu ghraib. and it is still in operation see what the obama admin thinks about closing that one. not a fucking word. enjoy the grandstanding.,Sarcastic,Sarcastic,Agree,186,33,True,Sarcastic
4259,"Maybe because it's a loaded question? If another evolution hoax were discovered similar to Piltdown man, would you reject evolution and become a Christian? :p",Sarcastic,Sarcastic,Agree,158,25,True,Sarcastic
4260,"No, Creationism is the specific idea that the creation story in Genesis is literally true (creation ex nihilo, direct creation of organisms, global flood, etc). It is false.",Non-Sarcastic,Non-Sarcastic,Agree,173,28,True,Non-Sarcastic
4261,Is that right next to ANWR? Are the Canadians downplaying ANWR while they side drill to extract our precious fluids? emoticonXClown,Sarcastic,Sarcastic,Agree,131,21,True,Sarcastic
4263,"Certainly science has provided part of the answer with their finding of the Mitachondrial ""Eve"", suggesting that one person can have all the DNA necessary for all the variation in human populations.One of the standard rebuttals you hear is ""How did the Kangaroos get to Australia""? I don't know if that's covered in the Bible... if God transported them or not.",Non-Sarcastic,Non-Sarcastic,Agree,360,61,True,Non-Sarcastic
4264,"isn't predestination incompatible with the idea of free will ? calvinist doctrine, in its pristine form, had a theory of predestination in which only the 'elect' were, from an original principle, 'guaranteed' salvation and everybody else doomed to a spiritual void. i'm not sure that even joining the calvinist cult (voluntarily) would allow you to be counted among the elect. after exposure to the gospels, people either choose to follow christ or not for a huge number of reasons, emotional factors, etc., etc. as a rational agent, wouldn't the choice ultimately be an exercise of free will ?",Non-Sarcastic,Non-Sarcastic,Agree,594,98,True,Non-Sarcastic
4265,"Which, to my mind, is the more proper way to do things. Having the people decide on legislative matters seems alot like having a commitee of your neighbors decide on the proper way to perform your heart surgery. Too many states make it far too easy to get an issue on the ballot, and alot of very stupid laws and constituional amendments have resulted. Take a look at California politics if you want some examples.",Non-Sarcastic,Non-Sarcastic,Agree,414,75,True,Non-Sarcastic
4266,"i'm having trouble following your line of thinking. could you please post in a common language, preferably english? i don't think anyone wants to ridicule you but if your posts are indecipherable you make discussion impossible.",Non-Sarcastic,Non-Sarcastic,Agree,227,36,True,Non-Sarcastic
4267,"**
Well, it's sure hard to take them from them if they're still standing!! :)",Sarcastic,Sarcastic,Agree,78,15,True,Sarcastic
4268,Funny. Foreigners are always cited when liberals talk about how great gun control is and how much good can come from it.,Sarcastic,Sarcastic,Agree,120,22,True,Sarcastic
4269,Simone you are a wretched little girl and unitl you can properly organize your thoughts into a comprehensible group of statements that expresses your views conciesly you must not post anywhere a man may run afoul of your devilish whimsical rantings. Your befuddlement of these issues of great import will not be tolerated. Do we make ourselves clear young lady? Now off to your room to contemplate the nonsensical mischief and unneccessary consternation we have all suffered due to your blatant disregard of forums ettiquite. emoticonXFrazzledYou sound like a 9 year old trying to get a date. Simone hasd left the building the debate has drifted it isn't the end of the world. The sun will rise tomorrow emoticonXBouncer,Sarcastic,Sarcastic,Agree,720,119,True,Sarcastic
4271,"So there you have an example of a deterministic system acting to suprise you with unpredictable behavior. Consider it an example of deterministic ""free-will""",Sarcastic,Sarcastic,Agree,157,24,True,Sarcastic
4273,"So, Jo, what is it you were saying about the UK being safer than America?",Sarcastic,Sarcastic,Agree,73,15,True,Sarcastic
4274,oh dear.another one that gets a hard on when they see a typo....emoticonxchicken,Sarcastic,Sarcastic,Agree,80,13,True,Sarcastic
4276,"that is strange the last i read bin laden absolutely hates the regime in iran, mainly becasue iran is run by the shia and bin laden is a sunni.  so iran should be held accountable for actions of bin laden ? it seems like before(iraq) people are trying to conjure up links between the real terrorist threat(aq) and unrelated nation.",Non-Sarcastic,Non-Sarcastic,Agree,331,60,True,Non-Sarcastic
4277,"you mean like northern illinois university or virginia tech? why....if they rescinded their complete ban on firearms on campus, someone could bring a firearm onto school property and shoot the place up! oh, wait........... yeah. seems like the complete ban on firearms is about as effective as it is in chicago or washington d.c. gun control laws: because someone who completely disregards the proscription against murdering innocent bystanders will, no doubt, altruistically agree to voluntarily disarm because it's against the rules.",Sarcastic,Sarcastic,Agree,535,81,True,Sarcastic
4278,It isn't offered to make that assertion at all. It is offered to show that God values the life of the unborn if He will demand that a man responsible for causing its death in the womb be held accountable by paying the ultimate price.,Non-Sarcastic,Non-Sarcastic,Agree,233,45,True,Non-Sarcastic
4279,"If Jyoshu thinks that way then he's right up there with the Spanish Inquisition, Octavian, Vlad oh yeah and Saddam. Hmmm...",Sarcastic,Sarcastic,Agree,123,21,True,Sarcastic
4280,"See, even conservative christans can have SOME common sense.
Well, some conservative Christians.",Sarcastic,Sarcastic,Agree,97,13,True,Sarcastic
4281,"orion's follies: some other goodies from that site... never linked to those specific articles.  but before orion gets too self-righteous, let's look at some ot the topics he considered 'funny' in a link he gave over at the usat creation / evolution forum: christian crimes - pastor molests widow's boys - pastor molests adopted daughters - priest molests altar boys - late for church - christian racist kidnapper - music pastor molests - bush's faith-based failure - pastor molest, guns, drugs - $400,000 missing - priest molests - church youth coach molests - bush suppresses student prayer - sen byrd's 'white ('n' word)'  is this funny? it's apparently real funny to orion. his link also had a pornographic sub-link on the virgin mary, describing her in graphic, profane language.  orion - christ-deniers like you and brummer need a lot of help.",Sarcastic,Sarcastic,Agree,848,141,True,Sarcastic
4282,"Because she, like every other political figurehead, thinks it's alright for her to carry a gun, but not anybody else.   If she DIDN'T support a ban on all firearms, then why did she say ""If I could have gotten 51 votes in the Senate of the United States for an outright ban, picking up every one of them -- Mr. and Mrs. America, turn them all in -- I would have done it.""",Non-Sarcastic,Non-Sarcastic,Agree,371,73,True,Non-Sarcastic
4284,there is the problem the lack of civilized societies are well.. when you find one come tell me.,Sarcastic,Sarcastic,Agree,95,18,True,Sarcastic
4285,"So, the short story is that you used to be Snow White, but you drifted? ;)",Sarcastic,Sarcastic,Agree,74,16,True,Sarcastic
4286,"Surely, all you have to do is believe that Christ is your saviour and your heaven ticket is already stamped. So, doing ungodly things is neither here nor there.
That is the rule isn't it?",Sarcastic,Sarcastic,Agree,188,35,True,Sarcastic
4289,jesus christ srom!!! you live in the stone age... i'm surprised you have internet access.,Sarcastic,Sarcastic,Agree,89,15,True,Sarcastic
4290,"Are you referring to the Epicurians? Aristotle? I can't think of any reference to these people as atheists. Socrates was accused of being an atheist, and the accusation made it clear this was because he didn't believe in the gods. Some schools of Hinduism",Non-Sarcastic,Non-Sarcastic,Agree,255,44,True,Non-Sarcastic
4291,"do you believe the average individual actually has any personal control over providing basic essentials and security? most individuals exist from proceeds of a 'job' or government programs and would be lost without one or the other, of which they generally have no actual influence.  i find it difficult to accept that the average, individual us citizen has the brain power to be concerned about anything but what's on tv. voter apathy of 25% or less participation in municipal elections are a strong indication of individual need to be manipulated as governing powers see fit.",Non-Sarcastic,Non-Sarcastic,Agree,577,95,True,Non-Sarcastic
4293,"if you loved everyone so much, why would you insist on your own son being tortured and killed ?  why would you need substitution sacrifice if you are the one making the rule? it doesn't make sense one lick.",Sarcastic,Sarcastic,Agree,206,39,True,Sarcastic
4294,Quite amusing that you refer to westerners as Gringos. The last time I heard that was in a film about Pancho villa!,Sarcastic,Sarcastic,Agree,115,22,True,Sarcastic
4296,"i thought he considered everyone who didn't adhere to his views as the same? jews, muslims, catholics etc. were all just as bad in his eyes iirc. -wez",Non-Sarcastic,Non-Sarcastic,Agree,150,28,True,Non-Sarcastic
4297,No but it will be funny to see what sex tapes this tramp did too....,Sarcastic,Sarcastic,Agree,68,15,True,Sarcastic
4298,"It's also a noun. But since you're unable but to repeat your self, maybe a few more times will make it 'true'",Sarcastic,Sarcastic,Agree,109,22,True,Sarcastic
4299,"oh yes a bit on respiration. nematode cysts can go dormant for many years (see anguina triticii) without exhibiting any perceptible respiration or metabolism. so can tardigrades, and many bacteria and fungi. not to mention seed which are dormant sometimes for centuries. are we to conder these objects alive or dead????? are human embryos frozen at liquid n2 temps alive or dead. they certainly are not going to respire at those temps!!!!!",Non-Sarcastic,Non-Sarcastic,Agree,439,72,True,Non-Sarcastic
4300,"yeah cartman is definately the best, i love how how epicly his evil is portrayed as e.g. scott tenorman must die",Non-Sarcastic,Non-Sarcastic,Agree,112,21,True,Non-Sarcastic
4301,"Because there are good things about every state means....what exactly? Of course there is good in bad in most everything, which has nothing to do with what I said.Yes, great food, crawfish as a staple, great fishing, bayous, New Orleans, Mardi Gras....long beads......sure, some great things. With regards to achievement or vision? I'm not seeing it. Legal gambling? That was another recent ""achievement"". What about wanting to secede from the Union? Yes, Louisiana is the consistent trend-setter for the civilized world. Oh wait, it isn't.-Mach",Sarcastic,Sarcastic,Agree,545,85,True,Sarcastic
4302,"There are certainly other theories, but the big bang is the only one supported by the evidence.",Non-Sarcastic,Non-Sarcastic,Agree,95,17,True,Non-Sarcastic
4304,actually they probably drifted much faster than that.....probably upon a pole reversal.,Non-Sarcastic,Non-Sarcastic,Agree,87,12,True,Non-Sarcastic
4305,"i think shortej is not a creationist. he/she never said so, and started off by saying he/she accepts evolution and maintains her catholic beliefs. (i have a hunch its ""she"")",Non-Sarcastic,Non-Sarcastic,Agree,173,30,True,Non-Sarcastic
4306,you hate broccoli? wow! you really are a giant freak... wait...,Sarcastic,Sarcastic,Agree,63,11,True,Sarcastic
4308,"Now you're playing word games to confuse people. Page 11 of the Heller ruling stated that the definition of ""arms"" include all modern forms of bearable arms that're in common use. They didn't rule on machineguns because they weren't part of the case.",Non-Sarcastic,Non-Sarcastic,Agree,250,43,True,Non-Sarcastic
4309,"so you'd ask mercy for child molesters, torturers, mass murderers, hitler, etc? wow. (the irony with your statement is that christian teaching is exactly what you're saying you'd ask for. a person can be the worst human being imaginable, and if they accept christ on their deathbed, they go to heaven.)",Sarcastic,Sarcastic,Agree,302,51,True,Sarcastic
4310,"That's good - so you no longer believe all actions that result in inevitable deaths are killings, only cruel ones. This is an improvement on your previous:
",Sarcastic,Sarcastic,Agree,157,27,True,Sarcastic
4311,"Where? I don't see it. My monkey brain's fine but my eyes aren't what they used to be.
I'm guessing we're through discussing the legality of armed self-defense in Australia given the flurry of OT links?",Sarcastic,Sarcastic,Agree,203,36,True,Sarcastic
4313,"This is retarded. A species would be defined by the genome, not which organs work the way they are supposed to or not.",Non-Sarcastic,Non-Sarcastic,Agree,118,23,True,Non-Sarcastic
4314,"wow! you're still going on and on about homos... you are one aren't ya... come on, just admit it.",Sarcastic,Sarcastic,Agree,97,19,True,Sarcastic
4315,"**
Gee, another one who doesn't accept the phenomena of intelligence and intelligence testing, reality be damned.
I don't know what you mean by ""design responses to stimuli"", unless you refer to your favourite computer programmes again. In that case, go back and re-read what I've said about that.
",Sarcastic,Sarcastic,Agree,301,49,True,Sarcastic
4317,of course you can pass that sort of opinion off and some people actuall believe it. how on earth it can be tested? i guess we're only going to respect the sweeping generalisation a typical atheist trick!,Sarcastic,Sarcastic,Agree,203,37,True,Sarcastic
4318,Nonsense. Just look at all the great things that the Dark Ages did for Europe!,Sarcastic,Sarcastic,Agree,78,15,True,Sarcastic
4319,"??????? emoticonXBanghead emoticonXBanghead In that case they weren't called by God then, to be celibate, were they??? Anyone who is called by God and doesn't do it is in disobedience. This isn't rocket science, Foundit.",Non-Sarcastic,Non-Sarcastic,Agree,220,35,True,Non-Sarcastic
4321,"Which part of ""they used self defense shootings, accidents, and suicides"" didn't you understand?
",Sarcastic,Sarcastic,Agree,98,14,True,Sarcastic
4322,"Give them a bus schedule or are they too good to ride public transportation? Can they carpool? There's always a solution to temporary transportation problems and it usually doesn't come from Uncle Sam. emoticonXRolleyes 
",Sarcastic,Sarcastic,Agree,222,34,True,Sarcastic
4324,Been saying that ever since the first time I heard about creationsism.,Non-Sarcastic,Non-Sarcastic,Agree,70,12,True,Non-Sarcastic
4325,"I think that what you two are doing is simply trading evidences. Saying someone is 'wrong' and directing them to a atheist web-site is not proof. You should merely be saying, 'here is an alternative argument'I say this because I can access a number of science posts that state the exact opposite of what you say, and show that they can find evidence for a flood.",Non-Sarcastic,Non-Sarcastic,Agree,362,66,True,Non-Sarcastic
4327,"But still, if you think there are rights in the bill of rights that is wrong, that should not be granted or guaranteed, it would be a viable option to vote for removing them.What debate are you trying to end here? The debate: 'do you want little or less gun-control'?",Non-Sarcastic,Non-Sarcastic,Agree,267,50,True,Non-Sarcastic
4328,"The link takes me to the USA Today site but gives a message ""The requested document was not found"".
 
 Please post the article.",Non-Sarcastic,Non-Sarcastic,Agree,129,23,True,Non-Sarcastic
4329,"Plenty. You haven't noticed how many ""sentences"" you post that aren't sentences?
",Sarcastic,Sarcastic,Agree,82,12,True,Sarcastic
4330,BWAAAAAAAHAHAHAHAHAHAHAH![/QUOTE]So you are saying that my DNA reflects the fact that I live in Texas?,Sarcastic,Sarcastic,Agree,102,15,True,Sarcastic
4331,"I believe in a strict interpretation of the Constitution, this makes me neither a liberal or conservative. The SN was inspired by VOR who kept signing his posts with quotes from Karl Marx.",Non-Sarcastic,Non-Sarcastic,Agree,188,33,True,Non-Sarcastic
4333,"And yet I alread showed what the ""moral code"" of atheistic societies has done for the world:   II 128,168,000 VICTIMS: THE DEKA-MEGAMURDERERS   4. 61,911,000 Murdered: The Soviet Gulag State   5. 35,236,000 Murdered: The Communist Chinese Ant Hill   6. 20,946,000 Murdered: The Nazi Genocide State   7. 10,214,000 Murdered: The Depraved Nationalist Regime   III 19,178,000 VICTIMS: THE LESSER MEGA-MURDERERS   8. 5,964,000 Murdered: Japan's Savage Military   9. 2,035,000 Murdered: The Khmer Rouge Hell State   10. 1,883,000 Murdered: Turkey's Genocidal Purges   11. 1,670,000 Murdered: The Vietnamese War State   12. 1,585,000 Murdered: Poland's Ethnic Cleansing   13. 1,503,000 Murdered: The Pakistani Cutthroat State   14. 1,072,000 Murdered: Tito's Slaughterhouse   IV 4,145,000 VICTIMS: SUSPECTED MEGAMURDERERS   15. 1,663,000 Murdered? Orwellian North Korea   16. 1,417,000 Murdered? Barbarous Mexico   17. 1,066,000 Murdered? Feudal Russia",Non-Sarcastic,Non-Sarcastic,Agree,946,123,True,Non-Sarcastic
4334,"So I have the choice between staying safe and then claiming insurance damages, or risking my life to kill a burglar and (likely) cause damage to my own property in the process?   Somehow, I'd rather stay safe. Better to lose my laptop than my life.",Non-Sarcastic,Non-Sarcastic,Agree,248,45,True,Non-Sarcastic
4335,"Just to let you know you're welcome to come back and debate Islam, don't hurry, you've a lot of reading to catch up on.emoticonXHoho emoticonXLove",Sarcastic,Sarcastic,Agree,146,25,True,Sarcastic
4336,"Public policy? Takes waaaay too much thought. Now one can go to ballpark here and pay $8.50 for a half pound hot dog, smothered in thick layers of chili, cheese and grilled onions (2,200 calories, 55 grams of saturated fat, 1,600 milligrams of sodium). That's a no-brainer (literally).
Dono",Sarcastic,Sarcastic,Agree,291,49,True,Sarcastic
4337,"There is just one thing however. The coelacanths found are different from those in the fossil record. Further, ALL evidence pointed to them being extinct, until we found other evidence, and we changed it. And, to top it off, the article says NEARLY extinct, not COMPLETELY. Although, this article was of course written after the coelocanths were re-discovered. Of course, this has absolutely nothing to do with the theory of evolution, which explains the mechanisms responsible for the change of allele frequencies in populations over time.",Non-Sarcastic,Non-Sarcastic,Agree,540,86,True,Non-Sarcastic
4338,"If you read the page i pointed.. it discusses that directly.
Sorry, you have one big epic failure there.",Sarcastic,Sarcastic,Agree,105,19,True,Sarcastic
4339,Asked and answered a dozen times now. How sad that it's beyond you to comprehend or grasp the answer I have given. emoticonXRolleyes,Sarcastic,Sarcastic,Agree,132,23,True,Sarcastic
4340,Tanq and tonic...ahh yes. The truth serum. You know me too well.emoticonXHoho,Sarcastic,Sarcastic,Agree,77,12,True,Sarcastic
4341,"Here you go, Maxim Popenker's Modern Firearms site will teach you all!
As for Cheney, at least he is getting with the people shooting program, even if he is hitting the wrong side.",Sarcastic,Sarcastic,Agree,181,33,True,Sarcastic
4342,"Everyone expects that. What they don't and shouldn't have to expect is that they will be specifically targeted and have to pay more, be penalised more, etc. than hetero couples such as yourself or me and my husband.",Non-Sarcastic,Non-Sarcastic,Agree,215,38,True,Non-Sarcastic
4343,And that is why they are wrong. They don't understand science. Science is not the presentation of proof but explanations of the evidence that have been tested.,Non-Sarcastic,Non-Sarcastic,Agree,159,27,True,Non-Sarcastic
4344,Sounds like what some wife beater would say to his wife just before he beats her up.,Non-Sarcastic,Non-Sarcastic,Agree,84,17,True,Non-Sarcastic
4345,"and how long before they absuse this law. I felt threaten by grandma....she was looking at me all mean anf hitting me with her purse...so I shot her.....
Bad LAw!",Sarcastic,Sarcastic,Agree,163,30,True,Sarcastic
4347,"originally posted by easyrider  would they have died for a lie, if christ were not resurrected? not likely. like i said, i doubt that very much.",Non-Sarcastic,Non-Sarcastic,Agree,144,26,True,Non-Sarcastic
4348,"this might surprise you but i find you quite impressive as well. despite my criticisms, i am absolutely impressed with how you are able to consider a diversity of views, which, i must say, you are getting a lot better at.",Non-Sarcastic,Non-Sarcastic,Agree,221,41,True,Non-Sarcastic
4350,And I suppose you feel it would've been better if she died at the hands of a knife-wielding killer?,Sarcastic,Sarcastic,Agree,99,19,True,Sarcastic
4351,"WW, are you talking to yourself?If not, then please learn how to attribute statements to the person who made them.",Non-Sarcastic,Non-Sarcastic,Agree,114,20,True,Non-Sarcastic
4352,Those damn black people! All wanting respect and equal opportunity! They should just be happy with what they got!Why should they work for the same pay? They are just selfish! [/end sarcasm]This argument is tired *yawn*,Sarcastic,Sarcastic,Agree,218,36,True,Sarcastic
4353,"Please read carefully. He was talking about the US population, not the world. 
 
 The initial post was NOT detailing population control but bringing up the issue of resource allocation and parenting.",Non-Sarcastic,Non-Sarcastic,Agree,201,31,True,Non-Sarcastic
4354,"Archie, you're not one of those Westboro Baptist Chuch types, are you? You don't buy that stuff about 'God Hates the ### Army' and 'God hates America' do you?",Non-Sarcastic,Non-Sarcastic,Agree,158,29,True,Non-Sarcastic
4355," and that any consistent pro-life advocate must urge any mother who accidentally loses her child due to actions she undertook  be charged with manslaughter.I wonder  is this actually the case?"" That's a good point. We need to outlaw miscarriage. After all, women knew the risk of miscarriage when they had sex. ",Sarcastic,Sarcastic,Agree,311,51,True,Sarcastic
4356,"watch this guys.  if vor believes that all life is precious, why does he support the killing of death row inmates (many of whom are likely to be innocent) ? why does he support the killing that is happening in iraq? why did he support the reagan policies that supported death squads?  oh yes, because either he's a hypocrite or has huge double standards.",Sarcastic,Sarcastic,Agree,354,64,True,Sarcastic
4359,Oh! Goody! At last someone who wants to actually discuss evolution instead of mythology!,Sarcastic,Sarcastic,Agree,88,14,True,Sarcastic
4360,"Like slavery. And the internment of ethnic minorities in concentration camps. And drug prohibition. And gay marriage bans.
",Non-Sarcastic,Non-Sarcastic,Agree,124,18,True,Non-Sarcastic
4361,"It has been 33 years. The allies managed to stop the holocaust in only two. You guys are certainly dragging your feet at stopping the great American ""holocaust"" against ""unborn babies.""",Sarcastic,Sarcastic,Agree,185,31,True,Sarcastic
4362,"See above. Nothing has been demonstrated that convinces me that God has been ruled out of all these issues. He probably isn't active in all situations, but there's nothing that says he (or even Satan) are totally inconsequential either.",Non-Sarcastic,Non-Sarcastic,Agree,236,39,True,Non-Sarcastic
4364,"correct, of all the freedoms most dear is the right to be left to **** alone.",Non-Sarcastic,Non-Sarcastic,Agree,77,16,True,Non-Sarcastic
4366,Then how exactly did a time capsule that was buried several feet underground get to the surface at the same rate as the surrounding area?,Non-Sarcastic,Non-Sarcastic,Agree,137,25,True,Non-Sarcastic
4367,"Fair enough. I appreciate the honest communication.Do you believe there to be a logical foundation to the ""perfection mandates perfection"" claim? What might that be? And, if not a non sequitur, how can an assertion adrift in anthropopathic concepts like ""perfection"" and ""flaw"" be considered anything other than cognitively meaningless?Parenthetically, it's interesting to define 'flaw' as 'that which is less than perfect' while accepting Anselm's definition of God as ""a being than which nothing greater can be conceived"". ;)",Non-Sarcastic,Non-Sarcastic,Agree,527,79,True,Non-Sarcastic
4369,"i'm surprised archangel hasn't jumped on this.  he's gullible enough to fall for tv props, why not this?",Sarcastic,Sarcastic,Agree,104,18,True,Sarcastic
4370,"that's pretty funny, the last two posts that is. that's actually interesting that the term started that way. i'm surprised that no one had coined a term before that though.",Non-Sarcastic,Non-Sarcastic,Agree,172,30,True,Non-Sarcastic
4371,How about this explanation - you're reading WAAAAAY too much into your precious Bible.,Sarcastic,Sarcastic,Agree,86,14,True,Sarcastic
4372,"i never did blame our black people for the mess that country music is today. reckon i ought to start laying that on them, too? emoticonxcool",Sarcastic,Sarcastic,Agree,140,26,True,Sarcastic
4374,"The tactics pro-lifers use make the Nazis look like the little league. I mean, seriously. The reason we are dealing with terrorism is because women have the right to the abortion procedure. Wow. Please give me one way those two things relate to each other.",Sarcastic,Sarcastic,Agree,256,45,True,Sarcastic
4376,BUt it comes down to gay people being harmed by not being allowed to marry. Any time a group is excluded because of someone elses religious beliefs that group is harmed.,Non-Sarcastic,Non-Sarcastic,Agree,169,31,True,Non-Sarcastic
4377,"A real simple Yes. Do I win something? emoticonXSmilie 
Here is why. ",Sarcastic,Sarcastic,Agree,70,12,True,Sarcastic
4379,"Brave words. Next they'll be limiting free speech. Oh wait. Done that already.
",Sarcastic,Sarcastic,Agree,80,13,True,Sarcastic
4381,"And do you include me in that analysis?   Perhaps you could link me to these threads so that we can see exactly how they 'open' I'm not saying I haven't seen put-downs of religion on this forum, but in my experience there's either personal history between the posters (the response is effectively continuing an on-going spat that transcends the thread), or the OP itself was laden with flame-bait.",Non-Sarcastic,Non-Sarcastic,Agree,397,68,True,Non-Sarcastic
4383,"You know something is wrong with this world when people start calling embryos and non-sentient life forms victims and referring to martin Luther King Jr. to justify their views. It seems today that anyone that shows any decency or slight intelligence or common sense is labeled a radical leftist. Man, the republicans are getting desperate when you see them trying to equate embryos to men using MLK.",Sarcastic,Sarcastic,Agree,400,67,True,Sarcastic
4384,###!! You're seriously advocating allowing kids to take guns to school? Don't you have enough greiving parents already without giving kids the option to shoot out a disagreement?,Sarcastic,Sarcastic,Agree,178,28,True,Sarcastic
4385,no practical purpose?! i'dcall preventing the killing of fetuses practical. so would most rational people. emoticonxrolleyes,Sarcastic,Sarcastic,Agree,124,16,True,Sarcastic
4386,"Gosh am I a little late?Anyhow if Comrade P. isn't anything but humor,thats why we put up with him,eh.Do you think he even has a clue?:p",Sarcastic,Sarcastic,Agree,136,26,True,Sarcastic
4387,Apples and oranges. We're not demanding that they have abortions either.,Non-Sarcastic,Non-Sarcastic,Agree,72,11,True,Non-Sarcastic
4388,"Being refuted by organized groups with an agenda they support does not make Supwersports ideas wrong. You call it garbage. I AM interested in what Supersport thinks about how his ideas will get wider respect and how he thinks this will change our society.I think this is an important question, because otherwise posting here seems like a kind of mutual masterbation trading facts and arguments that have no effect.Until I hear from SS, I give him the benefit of the doubt.",Non-Sarcastic,Non-Sarcastic,Agree,472,81,True,Non-Sarcastic
4389,"Seems to me its you that cant take a little humour.
If you think my reply was an insult you should get out more often.",Sarcastic,Sarcastic,Agree,119,25,True,Sarcastic
4390,"Seriously? You tell me how Ancient Greeks saying X means the bible can't possibly say Y. What's the connection?
There isn't one. As Trebor pointed out, it's a red herring, and indicative of faulty reasoning on Easy's part, and apparently yours as well.",Sarcastic,Sarcastic,Agree,253,43,True,Sarcastic
4392,Thanks. Well I'm a resident of California currently but my partner has orders to Virginia. If they allow outside residents to apply for a license we'll do it Considering DC is only a four hour drive or so.,Non-Sarcastic,Non-Sarcastic,Agree,205,38,True,Non-Sarcastic
4395,"There were no contradictory accounts on that, just descriptions on a linear timeline. I suppose you see ghosts around every corner too.
Are you a 9/11 Truther too?",Sarcastic,Sarcastic,Agree,164,28,True,Sarcastic
4396,"What part of ""I don't want a penis"" do you not quite understand? 
Is it that maybe you are the one who wants a penis? There are ways to resolve that issue. emoticonXRolleyes",Sarcastic,Sarcastic,Agree,174,33,True,Sarcastic
4397,All of the points above should be considered if you want to produce a solid argument that a series of events actually occured in the past. If you wish others to take this seriously please produce some relevant evidence from a source that held to a higher level of credibility. By your standards I should make a thread based on the National Enquirer or Star about Kerry's life as a male gigolo or golddigger.,Sarcastic,Sarcastic,Agree,407,74,True,Sarcastic
4399,"shooterandproud: hey, here's a novel idea, what about the man using contraception!?! don't tell me there are men so ignorant in this country that they don't know what the trojan dispenser in the men's bathroom is for!",Sarcastic,Sarcastic,Agree,217,37,True,Sarcastic
4405,And creationism was investigated and explored completely and shown to be false.,Non-Sarcastic,Non-Sarcastic,Agree,79,12,True,Non-Sarcastic
4406,haha political correctness? I think it is sad when it is politically correct to support a dog over another human...,Sarcastic,Sarcastic,Agree,115,20,True,Sarcastic
4409,gee golly that's fantastic! and how might i go about doing that?,Sarcastic,Sarcastic,Agree,64,12,True,Sarcastic
4410,It hasn't been proven that the Second Amendment is solely about tyrannical governments and not about dealing with violent criminals.,Non-Sarcastic,Non-Sarcastic,Agree,132,20,True,Non-Sarcastic
4411,"so your saying dr. tiggerroo, that my parents decided i would be gay for me. fascinating. do you have any other amazing rubbish to spit out of your mouth. i am captivated by your amazing intelligence on this subject. it sound like you have been studying this all through kindergarden. grow up, get a clue.",Sarcastic,Sarcastic,Agree,305,55,True,Sarcastic
4412,If guns laws don't affect criminals then how do you explain the low rates of criminal gun use in nations like the UK?,Non-Sarcastic,Non-Sarcastic,Agree,117,23,True,Non-Sarcastic
4414,"I'm not sure where you live, but round here natural sand gets made from a variety of erosion processes.
",Non-Sarcastic,Non-Sarcastic,Agree,105,19,True,Non-Sarcastic
4415,"real version ? (lol, i know what you mean, the original ad is annoying, but i'm surprised only you've noticed this isn't the original)",Sarcastic,Sarcastic,Agree,134,24,True,Sarcastic
4416,Your correct the research is sound and the conclusions are accurate. I am impressed you came to this conclusion without even reading it.,Sarcastic,Sarcastic,Agree,136,23,True,Sarcastic
4417,"Ah, so we shouldn't get all stirred up because little girls are singled out for slaughter?
Please excuse me for having misplaced priorities.",Sarcastic,Sarcastic,Agree,141,23,True,Sarcastic
4418,What good has come from religion? None that I can see.,Non-Sarcastic,Non-Sarcastic,Agree,54,11,True,Non-Sarcastic
4420,"Nice. Now you're telling us that women are basically brainwashed XXXXXX.
Keep digging, this is good stuff.",Sarcastic,Sarcastic,Agree,107,17,True,Sarcastic
4421,"Well, i vote, that seems to be working enough seeing that 2 pro-life judges have been appointed within 1 year. interesting, im takin a cheesecake break..",Sarcastic,Sarcastic,Agree,153,26,True,Sarcastic
4422,Once again archie squirms when the definition of regime is pointed out to him and it nullifies his claims.........,Sarcastic,Sarcastic,Agree,114,19,True,Sarcastic
4423,"Thanks for that little ad hominem! Shall I share with you my guesses about your motives?... But I digress.
",Sarcastic,Sarcastic,Agree,108,19,True,Sarcastic
4426,"You still trying to push your propaganda film? Let me ask you something, why would the fetus try and avoid the forceps? An infant will cheerfully try and grip a knife that is about to end it's life.",Sarcastic,Sarcastic,Agree,198,38,True,Sarcastic
4430,"**
If you call your diktat, ""productive dialogue"", then you must be employed by 'The Department of Truth', or whatever they're calling it these days. And since to you ""scientific"" means, solely and only, ""materialist/mechanist"", right from the jump, there never was any chance of 'dialogue' taking place.
",Sarcastic,Sarcastic,Agree,307,48,True,Sarcastic
4432,"True, but I was referring to psychological explanations, not genuine reasons.",Non-Sarcastic,Non-Sarcastic,Agree,77,11,True,Non-Sarcastic
4434,"Well...
You can apparently read, but what you have apparently chosen to read - and accept - says much.",Sarcastic,Sarcastic,Agree,103,19,True,Sarcastic
4435,"I've always wondered, do toilet cleaners, like yourself, use the same brush for their teeth? emoticonXRolleyes",Sarcastic,Sarcastic,Agree,110,16,True,Sarcastic
4437,"Oh really? Gun ownership allowed these ""lunatics"" as you call them, to become government dictators? If I owned 50 guns and 10,000 rounds of ammunition, you're saying I could run the government with an iron fist all by myself, just like that? Any random person can just appoint themselves God over the entire nation, without a single ounce of resistance just because they're armed?",Sarcastic,Sarcastic,Agree,380,64,True,Sarcastic
4439,"if god is supposed to be omnibenevolent, why should we fear him? oh wait, he kills children...",Sarcastic,Sarcastic,Agree,94,17,True,Sarcastic
4440,"Oh please, have you looked in any economics, business or law departments recently?",Sarcastic,Sarcastic,Agree,82,13,True,Sarcastic
4441,"What, to be ""open-minded?"" or to embrace your definition of ""tolerance?""",Sarcastic,Sarcastic,Agree,72,11,True,Sarcastic
4443,Science is the current sum of human knowledge about how the world works.,Sarcastic,Sarcastic,Agree,72,13,True,Sarcastic
4444,"So you represent something you don't believe exists?Doesn't this make you a Nihilist?""Vee beleef in nossing, Lebowski! Nossing!""",Sarcastic,Sarcastic,Agree,128,18,True,Sarcastic
4445,"One could easily say that the heart is when life begins, because the heart is what all living things have. However, where's the evidence? There is very little if any. Not to mention, it goes against the principle of biogenesis which says that humans only ",Non-Sarcastic,Non-Sarcastic,Agree,255,45,True,Non-Sarcastic
4446,"Oh I can easily spend $1,000 dollars an hour. If I could I would also have plenty of reason to live to be 114.",Sarcastic,Sarcastic,Agree,110,24,True,Sarcastic
4448,maybe you teachers should get off your fat arses and help the caretakers make the school safe for the children ..but why do that when you can stay at home and laugh at the mugs who have to work for a living? public sector shirkers more like!,Sarcastic,Sarcastic,Agree,241,47,True,Sarcastic
4449,"i'm shocked! shocked, i say!!! you seem so pure! roflmao....sorry!",Sarcastic,Sarcastic,Agree,66,10,True,Sarcastic
4450,"With all of the drunks running around, you'd think everyone would know how to treat someone for alcohol poisoning or being run over by a car, wouldn't you.   Sometimes I'm certain that your elevator has never seen the penthouse.",Sarcastic,Sarcastic,Agree,228,39,True,Sarcastic
4451,"The inanity in defence of guns continues unabated. The poor shooter probably thought, quite innocently, that his fellow countrymen might be about to shoot him with their concealed carries, he shot them first, a perfectly reasonable response.",Sarcastic,Sarcastic,Agree,241,37,True,Sarcastic
4452,Show us your gay fat almighty gremlin omnipotent ogre. Me and EZ Rider want to know. Five years and all. :),Sarcastic,Sarcastic,Agree,107,21,True,Sarcastic
4453,"Ah yes, adopting the Nazi Germany policy of encouraging neighbors to snitch on others, to reward tattle tails for violating the trust of others and invading privacy.",Sarcastic,Sarcastic,Agree,165,27,True,Sarcastic
4454,"all you have to do is scroll back a page or two in this forum...look for my posts regarding cichlids, guppies and lizards. I also gave you snails. show me any example of so-called natural selection or evolution in the field and I bet I can shoot it down.",Sarcastic,Sarcastic,Agree,254,49,True,Sarcastic
4455,"perhaps. but which would you rather have: promiscuity without protection or with? the distinction can matter, so if there is going to be promiscuity going on, i for one would perfer to see it be safe-sex, as much as possible. but even better would be if a person not being promiscuous at all, imo anyway.",Non-Sarcastic,Non-Sarcastic,Agree,304,55,True,Non-Sarcastic
4456,"Social Security should be an option. The government has no right to tell you what to do. Period.   Also, the government has no right to take 30% of your paycheck (income tax).",Non-Sarcastic,Non-Sarcastic,Agree,175,32,True,Non-Sarcastic
4459,"That's true, but how much have we actually learned, and how much have we theorized, with an atheist presupposition, the only presupposition currently allowed?",Sarcastic,Sarcastic,Agree,158,24,True,Sarcastic
4460,"Our national parks are safe as is, huh? Regular people have no reason to feel to need to carry concealed weapons for their own protection, huh? How can you be safe when mexican drug cartel members are literally behind the next bush and inclined to kill you for stumbling upon their operation?",Sarcastic,Sarcastic,Agree,292,52,True,Sarcastic
4461,"Oh, please show me this. I wait with bated breath for you to provide the quotation in which I ""assumed"" that evolution has been ""disproved"" I'm really looking forward to your providing of this. Until then, you aren't worth my time, strawman.",Sarcastic,Sarcastic,Agree,241,42,True,Sarcastic
4462,"How mature: all caps screaming and namecalling.
It's no surprise, though; it's all you have, Archie. You come in here making assertions about souls, so when we challenge you to defend your view... you don't. emoticonXRolleyes",Sarcastic,Sarcastic,Agree,226,36,True,Sarcastic
4463,So we don't? I thought we had the capacity to destroy it. That seems within the range of control eh?,Sarcastic,Sarcastic,Agree,100,20,True,Sarcastic
4465,But there were not always laws on the books that prevented these things. I was presenting a hypothetical situation in which those laws are not already on the books. The situtation was intended to show only that a ruling allowing same-sex marriage would not have to cost companies a dime.,Non-Sarcastic,Non-Sarcastic,Agree,287,50,True,Non-Sarcastic
4468,"'lame apologetics'? well, i guess if you say so, with your invincible assurance of being right whenever you open your mouth, it would be futile to contradict you.  at least you haven't accused me of being 'prejudiced' against science.  james.",Sarcastic,Sarcastic,Agree,242,40,True,Sarcastic
4469,"ooooo am i supposed to be concerned at anything you have to say? you're a blowhard delusional wannabe christian who doesn't understand your own claimed religion, how can your word hold any meaning.",Sarcastic,Sarcastic,Agree,197,33,True,Sarcastic
4470,"my debate. i say when we're done. another childish response. you from britain? oh wait of course you are, you're mic.",Sarcastic,Sarcastic,Agree,117,21,True,Sarcastic
4472,oh yeah everytime you downvote someone you lose points so if you don't have that many you go into the negative.,Non-Sarcastic,Non-Sarcastic,Agree,111,21,True,Non-Sarcastic
4474,"Sorry, I hadn't realised your one-man legislature had passed a law forbidding discussion of equal protections. I'll discuss what I damn well please.
",Sarcastic,Sarcastic,Agree,150,23,True,Sarcastic
4476,"Hmmm..... but if that were the case certain Christians would be guilty of applling hypocrisy, judgementalism, intolerance of minorities and choosing to wear the hat the fits their head best, regardless of what their sacred book says.
Surely this couldn't be the case? emoticonXAngel",Sarcastic,Sarcastic,Agree,283,44,True,Sarcastic
4478,"Strange, I thought it was supposed to be a global flood that wiped out all of man except the chosen few. That would be 'involving Australia' one assumes.",Sarcastic,Sarcastic,Agree,153,28,True,Sarcastic
4479,I guess the European union is a great failure? Is that why the Euro is trending 1.5 dollars as liberalism creats misery?,Sarcastic,Sarcastic,Agree,120,22,True,Sarcastic
4481,"Because of your question "" What is your definition of pure"", I now know how to make soap. I'll never stink again!!! And I think homeopathic medicine is all about using things like vitamin c to prevent colds, and making sure you ingest lots of calcium if you are worried about ostioperosis. Ya know stuff that makes sense.",Sarcastic,Sarcastic,Agree,321,58,True,Sarcastic
4482,"Gee, maybe catch a few episodes of ""Entertainment Tonight"" and see if they have anything on it. Why not just refute what she said. After all, she posted it, so it must be true, right?(For those wondering why I posted this, see this thread.",Sarcastic,Sarcastic,Agree,239,44,True,Sarcastic
4483,"Fair enough; I was just simplifying and using 'pro-life' as a dichotomy with 'pro-choice'. Clearly, it's not that simple.
 
 With regards to religion in the debate - that's fine by me for this thread*.",Non-Sarcastic,Non-Sarcastic,Agree,203,34,True,Non-Sarcastic
4484,"Wow BIOLOGISTS have been working on strteches of DNA of previously unknown function and found what they went looking for - function. That sure knocks genetics and evolution off its feet. Yep no question about it at all. Darwin will be trashed when junk DNA is explained, all his predictions about junk DNA being functionless will be falsified. Oh, oh wait a second. Darwins theory and the NDS make zero predictions about ""junk"" DNA! Guess that if one has nothing to falsify then falsification is pretty unlikely.",Sarcastic,Sarcastic,Agree,512,87,True,Sarcastic
4485,"Yeah, lets tax those rich greedy jerks!!! I mean really, why be equal when you want something for free right??? SCREW FREEDOM I WANT MY HEALTHCARE!!!",Sarcastic,Sarcastic,Agree,149,26,True,Sarcastic
4488,"Now, that logic is so bad, it's worse than circular reasoning. It's figure eight reasoning.",Sarcastic,Sarcastic,Agree,91,15,True,Sarcastic
4489,"So every woman who has an abortion lives an irresponsible life. Care to give any examples, or are you just spouting rubbish with no experience or knowledge whatsoever?",Sarcastic,Sarcastic,Agree,167,28,True,Sarcastic
4490,"That was someone else you were posting to about them ""hammering"" porn, whatever that means.
Gay men watch hetero porn and thats the reason for so much gayness? Real logical.",Sarcastic,Sarcastic,Agree,174,30,True,Sarcastic
4491,"What case? You don't have a case, or a leg to stand on! emoticonXRolleyes",Sarcastic,Sarcastic,Agree,73,14,True,Sarcastic
4493,"Do you think that dinosaurs did not exist nowadays for two of them would not fit in Noah's ark ? and what happened to the dragons??
emoticonXConfused",Sarcastic,Sarcastic,Agree,150,27,True,Sarcastic
4494,"You're deluded. Typical left-wing nonsense. No one can ever intellectually oppose the radical left on merit - they must be racists. Sure, Chester. 
You people are the worst racists of all, as we see in your quote above. And you're too blind to see it.
",Sarcastic,Sarcastic,Agree,254,45,True,Sarcastic
4495,"Kudos to Dubya! I thought that Brown was, well I don't know, INCOMPETENT!",Sarcastic,Sarcastic,Agree,73,13,True,Sarcastic
4496,"oh yeah, it's a real brain teaser. who would have thought it's possible for someone to have two parents?",Sarcastic,Sarcastic,Agree,104,19,True,Sarcastic
4497,"Let me guess what bring you closer, besides to hear a child laugh.
Twisting nipples!",Sarcastic,Sarcastic,Agree,85,15,True,Sarcastic
4500,"oh really? ever voluntarily flown in a plane by any chance? taken medication for anything, or received a vaccination?",Sarcastic,Sarcastic,Agree,117,19,True,Sarcastic
4501,That would be one hell of a kiss...you would probably drown first though :),Sarcastic,Sarcastic,Agree,75,14,True,Sarcastic
4503,Well then the courts must be insane. Because I'm sure there are some gun control laws that they're struck down due to their ineffectiveness.,Sarcastic,Sarcastic,Agree,140,24,True,Sarcastic
4508,"Yes California is following European socialism. Just like socialist Europe, they are going broke. Socialism depends on large income taxes to fund social programs. Try the same taxes here in the USA and people will get thier guns and shoot all the politicians trying to tax them. Remember this country was born over a fight over taxes.",Sarcastic,Sarcastic,Agree,334,57,True,Sarcastic
4511,"So, want to provide chapter and verse for that Archie?Oh, and bragging about how humble you are? Classy, and completely self-defeating. LMAO",Sarcastic,Sarcastic,Agree,140,22,True,Sarcastic
4513,"See above. A lock can create doubt about the ease of entry into a residence. Many criminals move from door to door until they find one that is unlocked, rather than drawing undue attention by smashing one in.",Sarcastic,Sarcastic,Agree,208,38,True,Sarcastic
4515,"10th post, Godwins law invoked. That must be some sort of record :)",Sarcastic,Sarcastic,Agree,67,13,True,Sarcastic
4516,The question still remains as to whether this is negative intrusion (which is what the libertarians want) or positive intrusion (what the libertarians do not want.) Anyone with half a brain can know that it's intrusion. The matter becomes complicated when one tries to place it in the category of anti-murder laws or theocratic forced religion laws.,Sarcastic,Sarcastic,Agree,349,57,True,Sarcastic
4517,"I don't really give a flying hippo's arse what you think - your posts here and on the other forums are repugnant, and as of now, you are being put on ignore (to take a page from Steeeeve).",Sarcastic,Sarcastic,Agree,188,38,True,Sarcastic
4518,what's your opinion of religious people who believe evolution is merely a part of creation?  there are non-literal creationists out there in large numbers.,Non-Sarcastic,Non-Sarcastic,Agree,155,24,True,Non-Sarcastic
4519,"So, your saying an eyewitness would mean nothing. Yeah right.",Sarcastic,Sarcastic,Agree,61,10,True,Sarcastic
4520,And what does that have to do with the price of Tea in SF?emoticonXDonno,Sarcastic,Sarcastic,Agree,72,14,True,Sarcastic
4521,"I think it is very difficult, if not impossible to prove a negative.",Sarcastic,Sarcastic,Agree,68,13,True,Sarcastic
4523,business is a purely private association. you mean like interracial marriage? 'social harm' is just another term for 'things i personally find distasteful'.,Sarcastic,Sarcastic,Agree,156,23,True,Sarcastic
4524,The Archbishop of York has a screw loose too on that subject.,Sarcastic,Sarcastic,Agree,61,12,True,Sarcastic
4525,"Certainly a term Id never heard of; not even wikpedia has it.
",Sarcastic,Sarcastic,Agree,63,12,True,Sarcastic
4527,Nope. Not the parts that are taught in high school. The conjecture is mostly at the molecular level these days.,Sarcastic,Sarcastic,Agree,111,20,True,Sarcastic
4528,"Do you believe that the freedom to not participate in any religion whatsoever is not covered by the expression ""Freedom of Religion""?",Sarcastic,Sarcastic,Agree,133,22,True,Sarcastic
4529,"wow :) i'm just a starter, that's my first big tattoo (the debate picture, sorry about the glare, i had another sitting friday and it was lathered in tattoo goo!) i've had 5 hours on it so far, still got so long left but it's going to be a 3/4 sleeve once finished.",Non-Sarcastic,Non-Sarcastic,Agree,265,53,True,Non-Sarcastic
4531,Well good at least you are aware there is no reason beyond your opinion of morality against gay marriage. So by all means don't marry a man and the problem is solved.,Sarcastic,Sarcastic,Agree,166,32,True,Sarcastic
4532,Well he HAS admitted he can't prove his belief. I guess that posting here would admit his false dichotomies that it's either literal genesis or evolution are false and god knows the world will end when that happens. Super admitting he's wrong? Never going to happen.,Sarcastic,Sarcastic,Agree,266,46,True,Sarcastic
4535,"It's not often you see such a golden opportunity handed to you on a silver platter.
",Sarcastic,Sarcastic,Agree,85,16,True,Sarcastic
4538,You make some great points but she could carry the baby to term and then put it up for adoption...........There are long lists of people wanting to adopt babies...........I know a couple that waited 5 years and then adopted a child from South Korea..........   Why does the innocent baby have to forfeit its life?,Sarcastic,Sarcastic,Agree,313,54,True,Sarcastic
4539,"Just how do you suppose the government seeking permision would work in reality? And what exactly are you afraid of? It seems odd when people advocate blind trust for Joe Civilian, but then think that the government shouldn't be allowed to be armed. I think there must be a balance in trust given both ways.",Sarcastic,Sarcastic,Agree,306,55,True,Sarcastic
4540,Evolution doesn't explain the event. The event is an example of evolution - a change in the frequency of alleles in a populatioin over time. The explanation may or may not be evolution by natural selection. You merely asserted that based on your imagined case.,Sarcastic,Sarcastic,Agree,260,45,True,Sarcastic
4541,This coming from the guy who is accurate on every thread on this forum and provides factual and analytical evidence to a intellectual arguement. (sarcasim) PleaseemoticonXRolleyes,Sarcastic,Sarcastic,Agree,179,26,True,Sarcastic
4542,"Interestingly everyone but 'the left' can assimilate what is being said, however, the left is notorious for their ever-present attitude that everyone else is mindless. You don't got no brownie points.....",Sarcastic,Sarcastic,Agree,204,31,True,Sarcastic
4543,Psh Leiberman is a one man party that much is true. He's a lone wolf and by all rights I hope the whole pack of dogs eat him up...I'm personally getting fed up with politics... Change we can believe in.. Yeah getting republicans and democrats to work together is like getting Palestinian and Israelis to build a joint place of worship... or even a wal mart.. NEVER gonna happen...Oh and the only hope I have is that Costco is still hiring cause this economy is XXXX.....emoticonXKill,Sarcastic,Sarcastic,Agree,483,86,True,Sarcastic
4544,That would be more likely than finding evidence for abiogenesis.,Sarcastic,Sarcastic,Agree,64,10,True,Sarcastic
4545,"yes, and you are playing white knight for gays everywhere. i wonder which is more annoying? oh wait. i already know.",Sarcastic,Sarcastic,Agree,116,21,True,Sarcastic
4546,"Yep, you libs would love that. Then you could party on end without having your carnal consciences tweaked, LOL! No sin then no need for a Savior.",Sarcastic,Sarcastic,Agree,145,27,True,Sarcastic
4547,"Yes yes, this was all covered in Wells' previous book, Icons of Evolution. It has been refuted numerous times (some even on this forum). See here for a thorough debunking.",Sarcastic,Sarcastic,Agree,171,30,True,Sarcastic
4548,"however, just because the majority of people share something in common doesn't always mean the truth? very good. philosophers call this type of argument 'argumentum ad populum'. it is a fallacy that many people are prone to commit. you can choose a sonnet and correctly pick's its emotion but you can never be so sure i agree. shakespearean scholars often disagree about very miniscule details. but i think just because they are not 'sure', that doesn't mean that they can't be certain. maybe you could go google 'shakespeare sonnet 1' and read just the first poem of his sonnets collection. tell me what you think! i'm sure that shakespeare will charm you like he has charmed so many.",Sarcastic,Sarcastic,Agree,685,118,True,Sarcastic
4549,"No need to visit relatives that don't live in the same metro area, right? emoticonXWow",Sarcastic,Sarcastic,Agree,86,15,True,Sarcastic
4550,so then women who are pregnant shouldn't be allowed to 1) smoke 2) take any kind of drug that could possibly harm the child 3) drink or do any otherwise legal action? and vor takes another giant step towards fascism.,Sarcastic,Sarcastic,Agree,216,40,True,Sarcastic
4551,Oh he won't read that... This American in exile (does not even live here anymore) just disappears for a while whe the heat is on only to resurface with his same propaganda after the heat has died down.,Sarcastic,Sarcastic,Agree,201,38,True,Sarcastic
4556,"That's like looking at a rainbow and insisting it only has the color red in it.
",Sarcastic,Sarcastic,Agree,81,16,True,Sarcastic
4557,I think that scientists don't work with religion and religion has no place in science class.,Non-Sarcastic,Non-Sarcastic,Agree,92,16,True,Non-Sarcastic
4559,Oh damn it...and I was going to sell this joke and retire!,Sarcastic,Sarcastic,Agree,58,12,True,Sarcastic
4561,"See, this is the same logic used by the slaver owners. If one believes slavery is wrong then what right does he have to impose that on someone else?",Sarcastic,Sarcastic,Agree,148,29,True,Sarcastic
4562,"they don't have toilets there. they have buckets to poop in. the guards threw the korans in the buckets. but yeah, who needs credible reporting? bush reported that saddam bought uranium from niger. this was based on a forged report from a source that the cia said wasn't credible. that sparked some violence and deaths if i recall.",Sarcastic,Sarcastic,Agree,331,58,True,Sarcastic
4565,we always talk about the 2nd amendment in relation to gun rights. does anyone remember the tattered and neglected ninth amendment? i don't think it was ratified just to fill up space!,Sarcastic,Sarcastic,Agree,183,32,True,Sarcastic
4566,ultimate purpose? do the doctors ask how many firearms and what type? serial numbers?  how can a yes answer to the question as to whether one keeps guns in the house result in anything 'akin to registration'?  nothing but paranoid delusions imo.,Sarcastic,Sarcastic,Agree,245,42,True,Sarcastic
4567,"loll i love how you completely ignore the link i posted ehh?? and then you downvoted me and tried to sound smart afterwards, but actually made yourself look like twice a fool. :d. you better upvote me again. smh. hah.",Sarcastic,Sarcastic,Agree,217,40,True,Sarcastic
4568,"Don't think so. Provide an example of an ""unbridaled capitalist"" system operating in the 19th century.",Non-Sarcastic,Non-Sarcastic,Agree,102,16,True,Non-Sarcastic
4569,Well you never know cause your pro life and for the death penalty.,Sarcastic,Sarcastic,Agree,66,13,True,Sarcastic
4571,"But apparently they can't say no to renting the property for a gay wedding, even if they decide to just say 'no' to everyone and get out of business. go figure",Sarcastic,Sarcastic,Agree,159,31,True,Sarcastic
4572,oh really? where might i see this cowboy? might i have some evidence to support your appalling claims? pick any cowboy movie .. any,Sarcastic,Sarcastic,Agree,131,24,True,Sarcastic
4573,"What's your evidence that the Gospel prophecies are ""spurious claims""? Seems like you've bought into a scalding case of rational tunnel-vision (or political correctness, if you prefer).",Sarcastic,Sarcastic,Agree,185,27,True,Sarcastic
4576,"This coming from the Christian College graduate who thinks cells aren't organisms.
Historically, the Conservatives and (especially) the Christians usually come out looking pretty stupid in the scientific field, which you and DR have done a great job of reflecting.
You two go teach the geocentric theory while the people who know what they're talking about handle this debate.",Sarcastic,Sarcastic,Agree,378,59,True,Sarcastic
4577,"And only a ""miniscule and negligible fraction of the total wild moth population"" has even been observed resting anywhere else. Despite my explanation of his mathematical misleading, wabbit continues with it.Some of you with better short-term memory might remember that I stated that there is little debate that many of Kettlewell's experiments were imperfect. wabbit has posted some excerpts to this effect, but really, all we need to do here is realize that wabbit has quote mined to his little heart's content. Here's a portion he purposely excised:",Sarcastic,Sarcastic,Agree,551,88,True,Sarcastic
4582,"Well, you got that one exactly right. I didn't bother to watch your video. It was pretty predictable coming from you - personal attacks on creationists. I quoted YOU because of what YOU said.",Sarcastic,Sarcastic,Agree,191,34,True,Sarcastic
4583,And oddly enough you have been given several on silver platters. Perhaps you need to visit a neurologist and get checked for memory problems? Just to remind you once more - SICKLE CELL TRAIT is a mutation AND it benefits the phenotype under specific definable conditions. Do you really want to get hit about the head with that bat yet again?,Sarcastic,Sarcastic,Agree,341,61,True,Sarcastic
4584,Your extremist views are surfacing. It's likely you'd rather follow California into the pits of wierdism.,Sarcastic,Sarcastic,Agree,105,16,True,Sarcastic
4585,Folding proteins... Show me where and how this happens. Why is it that one protein is able to fold into the right shape to attach itself to another? If this is happening all the time we'd see more mutations all the time.Good theory you've got there. Saying something can happen doesn't mean that it does!,Sarcastic,Sarcastic,Agree,304,55,True,Sarcastic
4587,"Once one is adept at finding evidence after a conclusion is presumed, all sorts of ""proofs"" reveal themselves. What's next, Nostradamus?",Sarcastic,Sarcastic,Agree,136,21,True,Sarcastic
4588,And here I thought that could be thrown onto the errors of 'The Great Awakening'.,Sarcastic,Sarcastic,Agree,81,15,True,Sarcastic
4589,"Translation = ""I've closed my brain off and I've got not nothing.""",Sarcastic,Sarcastic,Agree,66,12,True,Sarcastic
4591,"Yeah, and we all know what happened when they did that with Galileo. emoticonXRolleyes",Sarcastic,Sarcastic,Agree,86,14,True,Sarcastic
4592,"Kronos, I get the impression sometimes that you are reading a whole different thread.",Sarcastic,Sarcastic,Agree,85,14,True,Sarcastic
4595,"Fred Phelps has joined the forum!   Edo, it is abundantly clear how concerned you are about your credibility, when considering your addition of this statement to your previously rather notable track record.",Sarcastic,Sarcastic,Agree,206,32,True,Sarcastic
4598,"mutzie, darling, is it absolutely necessary for a warrior to run with an m240 bravo while under fire, and also carrying a 70-pound pack. surely, warfare can be competently sized down so that 80-females can be deadly.",Sarcastic,Sarcastic,Agree,216,37,True,Sarcastic
4599,"I heard the ""we are the one true ..... bla bla la"" from Catholics, Mormons, Protestants, Witnesses. Oh who to believe. yawn",Sarcastic,Sarcastic,Agree,123,22,True,Sarcastic
4603,Don't you get tired of passing of just-so statement as argument?,Sarcastic,Sarcastic,Agree,64,11,True,Sarcastic
4604,"Yes, it doesn't agree with your agenda so it must be trolling. 
",Sarcastic,Sarcastic,Agree,65,12,True,Sarcastic
4605,that was a cheap shot my friend.. lets keep at around an a*d*u*l*t level.. shall we?,Sarcastic,Sarcastic,Agree,84,16,True,Sarcastic
4606,You mean to tell me it's a falsehood??   I don't believe it.,Sarcastic,Sarcastic,Agree,60,12,True,Sarcastic
4608,I am curious as to how you determine whos middle class on this forum. Do you have a crystal ball or simply discern peoples classes based on whether they agree with you or not?,Sarcastic,Sarcastic,Agree,175,34,True,Sarcastic
4609,"Maybe you can provide an example so I can go to ""school"" on it?",Sarcastic,Sarcastic,Agree,63,14,True,Sarcastic
4610,"As the Christian Right's poster boy, this is hugely damaging, don't you think? Also makes him very hypocritical (or, dare I say, a FLIPFLOPPER?! ) since he is campaigning against open abortion now.",Sarcastic,Sarcastic,Agree,197,33,True,Sarcastic
4611,"Or, since he didn't have $37-million tucked away from questionable business practices and a rich daddy, perhaps he paid attention to the ramifications of abnormal deficit spending.",Sarcastic,Sarcastic,Agree,180,27,True,Sarcastic
4613,No contradiction; the Permian extinction was the most severe in history and noted as such in the page linked.,Non-Sarcastic,Non-Sarcastic,Agree,109,19,True,Non-Sarcastic
4615,And my interpretation of my writing is that I didn't mean that. Who has more authority?,Sarcastic,Sarcastic,Agree,87,16,True,Sarcastic
4616,Well with thinking challenged individuals like slimjim floating around it is no wonder we have a rogue agency with no oversight attacking the honest citizens. See Ruby Ridge and Waco for examples.,Sarcastic,Sarcastic,Agree,196,32,True,Sarcastic
4618,wow you really don't like america do you? i should start calling you hate monger.,Sarcastic,Sarcastic,Agree,81,15,True,Sarcastic
4619,tobi is actually obito uchiha because naruto broke off his mask and in the manga it explained how he survived and kakashi was shocked and so was guy.,Non-Sarcastic,Non-Sarcastic,Agree,149,28,True,Non-Sarcastic
4622,"LOL! If my post was about either of those things, I would cut it down. The vast majority of the post, however, is about the objections to irreducible complexity.",Sarcastic,Sarcastic,Agree,161,29,True,Sarcastic
4624,"I suppose Piltdown Man was the product of newspapers, cute indeed!",Sarcastic,Sarcastic,Agree,66,11,True,Sarcastic
4625,"Careful Tither that could be taken as having racial undertones,I LOVE IT!!",Sarcastic,Sarcastic,Agree,74,12,True,Sarcastic
4626,And Anarchy. Am I allowed to kill someone if I feel like it ?,Sarcastic,Sarcastic,Agree,61,14,True,Sarcastic
4628,And yet we're still waiting for your mental condition to finally hit you like a ton of bricks.... Denial is the usual reaction...,Sarcastic,Sarcastic,Agree,129,23,True,Sarcastic
4634,"yada yada yada.... jesus was a pretty nice fellow (and god) but you don't believe him either, so what's the point? you'll get your evidence soon enough.",Sarcastic,Sarcastic,Agree,152,27,True,Sarcastic
4635,i am surprised that you would agree with the president of a group that says it promotes ' individual liberties to counter the radical right. ',Sarcastic,Sarcastic,Agree,142,26,True,Sarcastic
4639,"The Pastors are claiming themselves as a ""Spiritual shield"" against witchcraft. Of course you don't need such a shield until you find a witch, guess what happens next.",Sarcastic,Sarcastic,Agree,167,28,True,Sarcastic
4643,"Let's see now....you're Christophobic, Biblephobic, Fundie-phobic, steeped in carnal hedonism, you use derogatory rhetoric against God's people, and what else?Hypocrite!!And Barney Franks a respectable congressman? ROTFLOL!!!!You're clueless, Shooter. I shutter to think where you'll wind up. But we'll have to see what develops. It'll probably be negative, since you've lost your focus.",Sarcastic,Sarcastic,Agree,387,52,True,Sarcastic
4644,"So in your own words the police want to go on murder sprees, because they're armed. According to you the military is just waiting for the first convenient excuse to open fire on anyone, be them designated enemies or just innocent bystanders.",Sarcastic,Sarcastic,Agree,241,42,True,Sarcastic
4652,"You're full of folly. When you've been shown specifics in the past you casually sluff them off like your used elevator shoes.
There's no educating stiff-necked numbskulls like you people.",Sarcastic,Sarcastic,Agree,188,30,True,Sarcastic
4653,"dunno... feind seems to be a german surname. perhaps a feindslayer is someone who goes around killing people named feind? i'm happy being viewed as a fiend, however. not so easily slayed! ;)",Sarcastic,Sarcastic,Agree,190,33,True,Sarcastic
4656,"Actually, I've been posting more than ever...just not here. This place has become gay central and it bored me. I posted the above because I knew it was a topic near and dear to both of our hearts. emoticon_xkill emoticon_xgood ",Sarcastic,Sarcastic,Agree,227,40,True,Sarcastic
4660,"So, in other words, what you're saying is that the Pope, who just declared that all Christian Churches apart from the RCC to be false churches, including we evangelicals/fundamentalists is a fundie himself ? JPs right Matt, take your meds and do it quickly.",Sarcastic,Sarcastic,Agree,257,44,True,Sarcastic
4661,You sound like a guy who just doesn't like the taste of crow very much.,Sarcastic,Sarcastic,Agree,71,15,True,Sarcastic
4663,"oh, good! but on a side note, keep up the new generation of education. your students are lucky, this in my opinion is the best was to truly learn and grasp an idea. i'm impressed that you took a step beyond the text book. keep up the good work!",Non-Sarcastic,Non-Sarcastic,Agree,244,49,True,Non-Sarcastic
4664,"You are the only one defending them now...the funny part it, planned parenthood had the stats as reasons why abortion should be legal (or is legal). But wait! As we established the number of people that died from abortions went down to under a thousand so this reason is still not accurate and is still misleading. Anymore ideas?",Sarcastic,Sarcastic,Agree,329,58,True,Sarcastic
4666,"that explains your excellent use of grammar, word choice and spelling? rotflmao",Sarcastic,Sarcastic,Agree,79,12,True,Sarcastic
4667,voice of reason: why? it seems like something you could have found out about easily enough.,Sarcastic,Sarcastic,Agree,91,16,True,Sarcastic
4668,Hmmm.... your religious predecessors would have sentenced you to house arrest for something so heretical.,Sarcastic,Sarcastic,Agree,105,15,True,Sarcastic
4669,"what does the big bang have to do with evolution?   Oh yes I know, NOTHING   Once again peddler shows he has virtually no understanding of evolution.",Sarcastic,Sarcastic,Agree,149,26,True,Sarcastic
4670,Don't expect your misrepresentations of the findings of those studies to sink in. I'm not that easily fooled.,Sarcastic,Sarcastic,Agree,109,18,True,Sarcastic
4671,Here's a novel idea - how about the right gives up the abstinence programmes (scientifically unproven) and improves access to and information on b/c to stop women having UPPs in the first place? Just a thought.,Sarcastic,Sarcastic,Agree,210,36,True,Sarcastic
4672,"The way I read it is that he has disdain for wars which could possible be avoided. It's interestng that one side of the thought process is patriotic, the others have disdain for life, liberty and the pursuit of happiness.
Will we never think above a 1st grade level?",Sarcastic,Sarcastic,Agree,267,49,True,Sarcastic
4675,"No need for further evidence why this law would be dangerous to those who do not think exactly like you do!   Instead of calling it a government terrorist watch list, we should just drop the pretension and call it what it would be come. The Democrat Political Enemies Terrorist Wish List! :lol:   Bloomberg: Deny Second Amendment to People on Terror Watch List",Sarcastic,Sarcastic,Agree,360,62,True,Sarcastic
4677,"Somebody needs to check his Little Golden Dictionary. ""Random"" and ""selective"" are antonyms. To say that selection is random is to admit ignorance of the English language.",Sarcastic,Sarcastic,Agree,171,27,True,Sarcastic
4679,"Oh, and keep your lie - I mean, explanation - consistent with your entire post!",Sarcastic,Sarcastic,Agree,79,15,True,Sarcastic
4683,So what you are saying is that the actual purpose of prison is to be raped in the shower by some 400 pound guy called Betty? Or brutalised by a guard with an inferiority complex...and these don't strike you as cruel and unusual?,Sarcastic,Sarcastic,Agree,228,43,True,Sarcastic
4684,"But it did have (if we are talking the very first non-unicellular organisms) tiny ickle wickle bits and pieces that eventually became what we call 'organs'. Seriously, if you can't answer my questions above then you have no business questioning the theory, because if you don't know what the theory says, how can you argue against it? Your questions in this thread make no sense because they do not even address the issues from the standpoint of what is already known.",Sarcastic,Sarcastic,Agree,468,81,True,Sarcastic
4686,"Ahh, pointy tailed devils with pitchforks, more of your menagerie of divvels, demons, saints, angels, demigods, ghosts and other varied superstitious nonsense. Which of your gods created them, Snerdley?",Sarcastic,Sarcastic,Agree,202,29,True,Sarcastic
4687,When you do. And thanks for lowering the level of the debate another notch.,Sarcastic,Sarcastic,Agree,75,14,True,Sarcastic
4688,"And what does he mean by that? You apparently don't have a clue. Tell me, do you have any idea what ""secondary cause"" is?",Sarcastic,Sarcastic,Agree,121,24,True,Sarcastic
4690,"Here we go again. emoticonXRolleyes Another bible thumping straight individual with no formal training in the subject matter, professing to be an expert on how homosexuals feel.
Get a life.",Sarcastic,Sarcastic,Agree,190,30,True,Sarcastic
4691,I can tell that you dismissed the post below that. And I feel I can assume that you didn't read it. Odd that a paranoid conspiracy theorist / communist who concluded that communism has never led to dictatorship should accuse me of being a fanatic.,Sarcastic,Sarcastic,Agree,247,45,True,Sarcastic
4694,"I like the idea of sterilization for rightwing Christian extremists, like AA, but it is too late, he's already reproduced.",Sarcastic,Sarcastic,Agree,122,20,True,Sarcastic
4695,"Did you slip in it AGAIN? Were you led astray by a passage from Heller you thought you could use to legitimize gun control, your wet dream?
I submit from many past rulings of the courts that little statement is in error.",Sarcastic,Sarcastic,Agree,221,42,True,Sarcastic
4697,"So, I guess in your view, educating people against prejudice and intolerance is a bad thing.",Sarcastic,Sarcastic,Agree,92,16,True,Sarcastic
4698,"Oh come on, marc, you can't possibly expect me to swallow that one. Religion, which locked up astronomers? What atheist social policy was geocentrism getting in the way of, hmm? What makes that farce science's fault?",Sarcastic,Sarcastic,Agree,216,36,True,Sarcastic
4699,Thus you admit that you would prefer ignorance to knowledge. How sad.,Sarcastic,Sarcastic,Agree,69,12,True,Sarcastic
4704,"Oh, there's no hypocrisy involved, just you being your usual self and not even looking at the actual information (or, more likely, looking at the information and then deliberately playing dumb).",Sarcastic,Sarcastic,Agree,194,31,True,Sarcastic
4706,"So you refuse to engage in an informal debate on the topic, but you all of a sudden are itchin' for a formal debate? How about you make the challenge?",Sarcastic,Sarcastic,Agree,150,30,True,Sarcastic
4707,"Yep. Here in the U.S., the 5.7 ammo is the ordinary hollow point for Civilian use. It does not penetrate. It is not Armor Piercing.",Non-Sarcastic,Non-Sarcastic,Agree,131,25,True,Non-Sarcastic
4708,Looks like someone couldn't grip with the fact that he was a closest racist. emoticonXCry,Sarcastic,Sarcastic,Agree,89,15,True,Sarcastic
4709,cant you read? if you are correct this actually supports my point.,Sarcastic,Sarcastic,Agree,66,12,True,Sarcastic
4711,"Go pound sand. You're the people who want the Separation of Church and State, remember? Get your sick, satanic mits off the church.",Sarcastic,Sarcastic,Agree,131,23,True,Sarcastic
4713,"You know what I meant... it was an expression. But I really don't need to know if your mouth was open or not, way too much information.
",Sarcastic,Sarcastic,Agree,137,27,True,Sarcastic
4716,you really believed me? wow! i never knew i had such power ;),Sarcastic,Sarcastic,Agree,61,13,True,Sarcastic
4717,"
What say you, Archie? Are you going to put any meaning into your accusations, or will you chicken out because you know that I'm right and that you're full of balderdash?",Sarcastic,Sarcastic,Agree,171,31,True,Sarcastic
4720,"Well, you did... only that ""you"" then resided in countries like France, Brittain, Sweden, Norway, Germany, Ireland, Botswana, China etc, etc ;).... And yes, we where all racists back then...",Sarcastic,Sarcastic,Agree,190,30,True,Sarcastic
4721,I support gay people in all their efforts but I'm not gay myself so you will have to look elsewhere for a date.,Non-Sarcastic,Non-Sarcastic,Agree,111,23,True,Non-Sarcastic
4723,"That is about the same for me (although I never went to church), and I find it more of an intellectual stimulation, and I can learn a lot too",Non-Sarcastic,Non-Sarcastic,Agree,141,29,True,Non-Sarcastic
4724,LOL. Nice plan. Wait around for 3 years with cancer while hoping to attain Canadian citizenship. emoticonXGood,Sarcastic,Sarcastic,Agree,110,17,True,Sarcastic
4725,"for your answer to that, look at my argument about rehabilitation. oh yeah, i was just messin' around with that previous comment.",Sarcastic,Sarcastic,Agree,129,22,True,Sarcastic
4726,"wow, your sex life is based on relativity? i assumed you were quick, but not that bad.",Sarcastic,Sarcastic,Agree,86,17,True,Sarcastic
4727,"<whap> (slaps him in the face with a leather glove) Listen those so-called scholars are religious, not Christians.",Sarcastic,Sarcastic,Agree,114,18,True,Sarcastic
4728,I think he is just disturbed because he didn't get his 40 acres and mule?,Sarcastic,Sarcastic,Agree,73,15,True,Sarcastic
4732,"hmmm. 'wow... and this op made it through the rigorous admin review process? anyway, here is a question for you to ponder about. if god made human from dirt, how come there are still dirt around?' sounds like a joke to me.  evc forum: human evolution (re: if evolved from apes, why still apes?) but we all know that arch is incapable of opening the blue colored links.",Sarcastic,Sarcastic,Agree,368,68,True,Sarcastic
4733,"Species may die out, but they may also evolve into new forms- without reproduction there is no possibility of continuity over even short periods of earth time, with it there is.",Non-Sarcastic,Non-Sarcastic,Agree,177,31,True,Non-Sarcastic
4737,"lol Seriously boring is right. Just think, no Larry Craig scandals.",Sarcastic,Sarcastic,Agree,67,11,True,Sarcastic
4738,i love it when the left dogs beck but blatantly shows their bias by not covering news stories detrimental to our pot-earred president. ;),Sarcastic,Sarcastic,Agree,137,24,True,Sarcastic
4739,i just like the author...i'm surprised a single person even knows who he is with the level of society's litterary intelligence. emoticonxsmilie,Sarcastic,Sarcastic,Agree,143,22,True,Sarcastic
4740,"Sheesh ! What a way to bring goodwill to all people in the world, ""yearning"" for democracy. And if I remember right Saddam was our toady during the first Reagan Administration. Hmmmmmm, wasn't George Herbert Walker Bu$h our Veep then ?",Sarcastic,Sarcastic,Agree,235,41,True,Sarcastic
4742,Does the sexual orientation of the would-be single parent even come up?,Non-Sarcastic,Non-Sarcastic,Agree,71,12,True,Non-Sarcastic
4744,I didn't know that doctors have the constitutional right to perform abortions. What provision in the Constitution guarantees that right?,Sarcastic,Sarcastic,Agree,136,20,True,Sarcastic
4745,"the nice part. i'm surprised that you've even read the bible. presumably you're commenting on 1 thessalonians 5:2, wherein paul admonishes the greeks to be watchful for the coming of god? the funny thing is that all of my bibles say that.",Sarcastic,Sarcastic,Agree,238,42,True,Sarcastic
4746,Oh never mind that such a condition would be toxic...not to mention that no ice cores support such magical ideas.,Sarcastic,Sarcastic,Agree,113,20,True,Sarcastic
4749,Did the Prohibition stop drinking? Did the drug war stop smoking? What makes you think it is different with guns?,Sarcastic,Sarcastic,Agree,113,20,True,Sarcastic
4750,"ok, i understand now. all those people, including children and the fetuses of pregnant women were all sinful and god had to murder them in tsunamis, earthquakes, etc.,  is that how god deals with overpopulation? i guess that wars are part of god's plan, too, because the recent invasion of iraq wiped out more than 100,000 iraqis according to god's plan for dealing with overpopulation.",Sarcastic,Sarcastic,Agree,386,65,True,Sarcastic
4755,"I wish you guys would quit trying to ""muddy the waters"" by introducing facts that contradict my claims, innuendo, cliches and WAG. - signed X gazer",Sarcastic,Sarcastic,Agree,147,26,True,Sarcastic
4757,"Have you stopped beating your wife yet?
Give it up! Good grief! emoticonXDonno",Sarcastic,Sarcastic,Agree,79,13,True,Sarcastic
4758,"Exactly, to everyone else, ""wascallywabit"" makes much more sense than ""pandion"" who doesn't actually answer any issues, he's too bussy admiring how ""great he is at biology.""
And if you're wondering why I've kept quiet it's because like ""wascallywabit"" said, I can't be bothered with arrogant people who won't listen to reason.",Sarcastic,Sarcastic,Agree,327,52,True,Sarcastic
4759,"Hmm, when you say ""numberless"" do you mean something other than the standard definition of infinite? If not, please explain how an infinite number of organisms could be created in a finite time with finite space and resources. Thank you.",Non-Sarcastic,Non-Sarcastic,Agree,237,40,True,Non-Sarcastic
4761,"And you wonder why people call ""republicans"" racist, women hating bigots. (hint: it's comments like yours)",Sarcastic,Sarcastic,Agree,106,16,True,Sarcastic
4762,"Well, I guess this all just proves that more brain dead crack babies are surviving than I originally thought.",Sarcastic,Sarcastic,Agree,109,19,True,Sarcastic
4763,"Really? Why don't you go out and start randomly hurting and killing people and see how far that argument gets you in court.
",Sarcastic,Sarcastic,Agree,125,23,True,Sarcastic
4764,"You're lying to yourself.. So I'll just keep letting you know until the cloud of delusion dissipates.
",Sarcastic,Sarcastic,Agree,103,17,True,Sarcastic
4768,"Tell you what-get your math and science skills up to a grade 6 level and I'll consider taking advice from you, 'kay?
",Sarcastic,Sarcastic,Agree,118,22,True,Sarcastic
4769,"You've got no problem with Jim Crow laws? Nice.
It IS seperate. Black people are not white people.
",Sarcastic,Sarcastic,Agree,101,18,True,Sarcastic
4770,Even if winnie the poo could read he simply doesn't have the brain power to comprehend.,Sarcastic,Sarcastic,Agree,87,16,True,Sarcastic
4772,"Well that is what the Congress called it when they passed the bill to ban it.......
I guess i could not expect anymore then a cop out form you on the question though...........What else is new? emoticonXRolleyes",Sarcastic,Sarcastic,Agree,212,37,True,Sarcastic
4773,I'm guessing that nobody wanted to fish it out of the toilet bowl. ;),Sarcastic,Sarcastic,Agree,69,14,True,Sarcastic
4774,oh yeah because someone else getting involved and helping them wage war on palestine for daring to live in their own country is really likely to prevent the war from escalating.,Sarcastic,Sarcastic,Agree,177,31,True,Sarcastic
4776,"That explains your excellent use of grammar, word choice and spelling? ROTFLMAO",Sarcastic,Sarcastic,Agree,79,12,True,Sarcastic
4777,Actually the details of HOW embryogenesis proceeds is becoming increasingly understood. And it goes way the heck beyond speculation. Check out how homeobox genes work and how regulation by master switches is understood as just two examples.,Non-Sarcastic,Non-Sarcastic,Agree,240,37,True,Non-Sarcastic
4783,"The truth hurts archangel, but the fact of the matter is, you don't get degrees from Harvard or Yale with those ""different explanations""...
Waxy",Sarcastic,Sarcastic,Agree,145,24,True,Sarcastic
4784,"Then why aren't doctors who advise rest and plenty of fluids for a cold in jail? Oh right, because you're lying, as usual.",Sarcastic,Sarcastic,Agree,122,23,True,Sarcastic
4785,"Well, then I'd have to convert everest to kilometers. I live in the US. Metric is alien. haahh.",Sarcastic,Sarcastic,Agree,95,18,True,Sarcastic
4786,"Because I am one who likes see things from different angles. What better way to fight your enemies then to understand their viewpoint. Before I am attacked on the the last statement, just because I understand a viewpoint does not meant that I accept it as true or that I don't reject it.",Non-Sarcastic,Non-Sarcastic,Agree,287,53,True,Non-Sarcastic
4787,"Right, uh huh. That sounds like a big rationalizing to me.",Sarcastic,Sarcastic,Agree,58,11,True,Sarcastic
4788,Here we go again with the name calling..............See what I mean Justine.......no wonder the gay movement is losing traction in this country........,Sarcastic,Sarcastic,Agree,151,22,True,Sarcastic
4790,"so.... whats he been doing for the past two thousand years? i'm sure this rapture probably requires a lot of paperwork.... i mean, if you're going to torture and murder millions of people i guess you better have all your t's crossed and i's dotted huh?",Sarcastic,Sarcastic,Agree,252,46,True,Sarcastic
4794,Who but a creationist would ever make such a laughable claim?,Sarcastic,Sarcastic,Agree,61,11,True,Sarcastic
4795,"That's the difference between liberals and conservatives (AKA ""real Americans.) Conservatives have a sense of humor. Liberals don't.",Sarcastic,Sarcastic,Agree,132,18,True,Sarcastic
4796,"Oh boy,,.. I got ignored with a potty remark. Why is that not surprising?",Sarcastic,Sarcastic,Agree,73,14,True,Sarcastic
4797,"And isn't it time that the Bush haters on the opposite side of the argument quit spreading lies about the constitutionality of the law? I'm sick of unsubstantiated liberal blather, aren't you? emoticonXRolleyes",Sarcastic,Sarcastic,Agree,210,33,True,Sarcastic
4798,"that sounds a lot like another species... what is it called... oh, right, humans! have no predators to fear? check. grown high in numbers? check. a danger to all other animals and humans alike? check. so, here's an easy way to curb the numbers... let's hunt them!",Sarcastic,Sarcastic,Agree,263,47,True,Sarcastic
4800,"Funny. That's not what the articles say. All of the articles pretty much concentrate on the research as significant in support of the dinosaur/bird link. If you had been paying attention, you would have been aware that it had been previously established through other tests that protein remnants were present. Thus, the amazement that protein remnants so old had been found had already passed.",Sarcastic,Sarcastic,Agree,393,64,True,Sarcastic
4801,you really have no idea what a argument is? i do find it amusing you will lose every argument you get into with your significent other.,Sarcastic,Sarcastic,Agree,135,26,True,Sarcastic
4804,Then why can't you explain an unreflective fertility and abortion rates between 1972-1979 here in America or how the Polish fertility rate never increased after the 1993 referendum that criminalized abortion?   Prove to me when criminalizing abortion has ever decreased it's demand. So far you haven'tonly provided empty rhetoric. The pro-life movement thoroughly brainwashes it's supporters to believe such jibberish.,Sarcastic,Sarcastic,Agree,418,60,True,Sarcastic
4805,"So much for choice. Obama's little socialist minions want to use the tax system to collect healthcare premiums if you don't comply. After all, getting employers to collect income taxes before you even see your money has worked for these leeches in the past.",Sarcastic,Sarcastic,Agree,257,44,True,Sarcastic
4806,"Nah, he has been TRAINED to recognize demonic possession as part of his B.A.",Sarcastic,Sarcastic,Agree,76,14,True,Sarcastic
4807,Oh. Then you're just a dupe rather than being dishonest. Your information comes from a moonie. Funny that the Discovery Institute doesn't mention that. The fact that he decided to study biology with the express purpose of disproving evolution. So he had made up his mind that it was wrong before he undertook to find out what is was. Wells was encouraged by the Rev. Moon. He is known selective presentation of data.,Sarcastic,Sarcastic,Agree,416,73,True,Sarcastic
4809,"I'd love to know what would constitute ""impartial"" in your view. Btw who'd scrutinize the board?
Why don't you pro-compulsory birthing folks just start a fund and offer to pay women $100,000+ for carrying to term and surrendering the baby. I'd bet you'd have many takers. Can you get a second mortgage on a trailer?",Sarcastic,Sarcastic,Agree,316,55,True,Sarcastic
4810,"you're right. god hates fags, dontcha know? it's not like hiv can be contracted by heterosexuals or anything.",Sarcastic,Sarcastic,Agree,109,18,True,Sarcastic
4811,"On the bright side, it appears that the Rapture will solve the Social Security financing problem...",Sarcastic,Sarcastic,Agree,99,16,True,Sarcastic
4812,"Really, so you are totally knowable? Show me the site that has the Mach User-Manual where I can know everything about you.",Sarcastic,Sarcastic,Agree,122,22,True,Sarcastic
4813,"pay attention. age of consent is still the topic and point. if teen pregnancy is reduced to statistically acceptable levels through education and contraception with medical risk being a negligible five-decimal point factor, that would position teen sex emotional distress as a good/bad societal interpretation designated by non-teens, would it not? which would negate chronological age of consent for legal sex to a non-status unless those non-teens making the laws had another agenda.",Sarcastic,Sarcastic,Agree,485,73,True,Sarcastic
4816,"haha, probably very smart of you ;) It gets heated in here",Sarcastic,Sarcastic,Agree,58,12,True,Sarcastic
4820,"Why does they admin let EZ post comments like this to other people, if he can't be vicl and debate like an adult to others, why is he here......to spread god's love ...right?",Sarcastic,Sarcastic,Agree,174,33,True,Sarcastic
4822,But I'll bet that you don't know what any of them are. ,Sarcastic,Sarcastic,Agree,55,12,True,Sarcastic
4823,"<Flush>
Your own source said there's a cliff a mile and a half away, and I'm the liar? Go find it and jump off it, you flaming, incompetent, scatter-brained, dishonest cretin.",Sarcastic,Sarcastic,Agree,176,31,True,Sarcastic
4825,"Where did you here this XXXX?Some cheap detective novel or something?Once again, my sincerest apologies.",Sarcastic,Sarcastic,Agree,104,15,True,Sarcastic
4826,you kidding? ez can't see past the front of his cobwebbed skull.,Sarcastic,Sarcastic,Agree,64,12,True,Sarcastic
4827,"Don't get your panties in a wad, 38 State Attorney Generals signed a brief in opposition to any gun control this clown can dream up.",Sarcastic,Sarcastic,Agree,132,25,True,Sarcastic
4829,"Wow! Just out of interest, if the 'Will of the people' had decided that gay marriage was fine, would you have supported their decision, or railed against it?
Smiley",Sarcastic,Sarcastic,Agree,165,29,True,Sarcastic
4831,"Actually, isn't it creationists who claim that the universe was created from nothing? Creationists even have a magazine formally called ""Ex Nihilo"" (changed to ""Creation"" because creationists didn't know what it meant.)",Sarcastic,Sarcastic,Agree,219,32,True,Sarcastic
4832,"Dude, you only figured that out now? I'm disappointed in you. just joking. Everything he states has a hidden agenda.",Sarcastic,Sarcastic,Agree,116,20,True,Sarcastic
4836,And an even funnier thing is it won't affect his wallet at all.,Sarcastic,Sarcastic,Agree,63,13,True,Sarcastic
4837,"
Me thinks thou dost be too kind. Yon creature willst make the false charge in any event. emoticonXKill",Sarcastic,Sarcastic,Agree,104,18,True,Sarcastic
4838,Oh my!!!!! Salon.com and Huffington Post think the guy was at fault! Get out!,Sarcastic,Sarcastic,Agree,77,14,True,Sarcastic
4842,"Yes they did: ""...it ate itself.""   No wonder they're extinct...",Sarcastic,Sarcastic,Agree,64,10,True,Sarcastic
4843,"It was an attempt at irony which is not easy for you north Americans to understand.
",Sarcastic,Sarcastic,Agree,85,16,True,Sarcastic
4848,"No, in other words ""the cut and thrust of peer review."" Where ID falls flat on its face. Stop trying to dress that up as some kind of underserved mugging; if you aren't prepared to understand and defend ID on a scientific level you aren't equipped to decide that it is being unfairly treated.",Sarcastic,Sarcastic,Agree,292,54,True,Sarcastic
4849,"No need. As soon as I see that a thread is started by supersport, that's what I already expect to happen within a few days. I'm sure I'm not the only one.",Sarcastic,Sarcastic,Agree,154,32,True,Sarcastic
4850,Maybe I wanted it from a source that was worth looking at,Sarcastic,Sarcastic,Agree,57,12,True,Sarcastic
4851,"It's returned! Now while you may be totally satisfied as to your knowledge of my psychology I am not of yours. Why has the black night maneuver returned? Is there some special trigger or are you just in a bad mood?
",Sarcastic,Sarcastic,Agree,216,41,True,Sarcastic
4852,Do you know how stupid that sounds? Do you have a hangnail or something troubling you?,Sarcastic,Sarcastic,Agree,86,16,True,Sarcastic
4854,"You really have flipped over the edge into the desparate area of insanity.   Please Penfold present some STATISTICS to back up your wild accusations. IF you cannot present anything other than the disgraceful 43..... Then shut up   Guns in the hands of law abiding citizens save lives, the statistics back this up from EVERY country EVER to introduce gun control.",Sarcastic,Sarcastic,Agree,362,60,True,Sarcastic
4855,Really? I never know why people can't objectively look at things. Where would this reduce ANY health care costs? From every study I've seen it will cost Americans more,Sarcastic,Sarcastic,Agree,167,29,True,Sarcastic
4856,"btw, i'm 17... well, 18... (almost yay!)
 
 bullsh*t. you do get critized for tlaking about god... any other god other than the christian god that is.",Sarcastic,Sarcastic,Agree,152,26,True,Sarcastic
4857,But we also don't know that evolution is true - it is a belief system about the past that requires faith for it to have any reason. Your first part is already false (proved above).,Sarcastic,Sarcastic,Agree,180,35,True,Sarcastic
4858,"At last we are getting somewhere EZ.. You have finaly admitted what a lot of folks have been trying to tell you. 
Your apoligests simply read and apply their interpetations to this book.
Thanks for begining to actually discuss something instead of just condeming us all to hell.
",Sarcastic,Sarcastic,Agree,282,48,True,Sarcastic
4861,I wager 12 cubits that WW has no comprehension of what he just linked to.,Sarcastic,Sarcastic,Agree,73,15,True,Sarcastic
4862,"You mean you are as biologically ignorant and as easily refuted as the thread originator? Yes, we knew that already. Why all the big letters?",Sarcastic,Sarcastic,Agree,141,25,True,Sarcastic
4866,"And you tell people not to call you a gay basher? LOLemoticonXRolleyes emoticonXRolleyes emoticonXCensored 
I know very well what faux means - that is the reason it is bashing to call someone's marriage that.",Sarcastic,Sarcastic,Agree,209,34,True,Sarcastic
4867,"Yep, but those ""mixed views"" are slanted way left of center. A good offense always beats a good defense :) My guess is you are not very mature nor old? You out of high school yet?
",Sarcastic,Sarcastic,Agree,181,36,True,Sarcastic
4872,"And were THIS the 17th century, I might understand that, but this is the 21st century. We don't ""bleed"" people to make them well; we don't have barbers performing surgery and we usually have a trained physician in the delivery room.",Sarcastic,Sarcastic,Agree,232,41,True,Sarcastic
4873,Our pumping of CO2 is certaintly not helping. Does that mean we should pump gasses and make people in big cities sneeze?,Sarcastic,Sarcastic,Agree,120,22,True,Sarcastic
4875,Neener neener - is it time to go in from the playground yet?,Sarcastic,Sarcastic,Agree,60,13,True,Sarcastic
4876,i did not realize there were people who actually believed the recession was over until i got on google news today and saw this: u.s. retail sales unexpectedly drop as jobs evaporate (update2) - bloomberg.com unexpectedly? where in the hell have these people who were not expecting it been?  the sun unexpectedly rose this morning.......,Sarcastic,Sarcastic,Agree,336,55,True,Sarcastic
4878,"did you say something about an irrational outburst? i on the other hand certainly have, as always, maintained my unrivaled dignity. thank you very much, buckwheat. and once again, my deepest apologies.",Sarcastic,Sarcastic,Agree,201,32,True,Sarcastic
4882,Minnesota   Permits single GLBT adoption. Joint gay adoption unclear. Second-parent adoption allowed in some areas.,Non-Sarcastic,Non-Sarcastic,Agree,115,15,True,Non-Sarcastic
4884,"Oh, so this only happens here, huh? Every single hardcore drug addict is here, huh?",Sarcastic,Sarcastic,Agree,83,15,True,Sarcastic
4887,I know that. I asked those questions to show how dumb and ridiculous unkerpaulies question was - took it to other examples where such a question is obviously ridiculous to illustrate the ridiculousness of his question.,Sarcastic,Sarcastic,Agree,218,36,True,Sarcastic
4892,"What! You mean that WE don't want to do all of those things? Who knew? I didn't get the memo? emoticonXConfused And you forgot ""make Seniors eat dog food"". emoticonXGood",Sarcastic,Sarcastic,Agree,169,30,True,Sarcastic
4893,"Look who's talking - the bird brain who thinks Sodom and Gomorrah morality is (ahem) ""progressive."" What is that - about 1,500 B.C. or so? Yeah right. Mr. Progressive! LOL!
emoticonXChickenemoticonXChicken",Sarcastic,Sarcastic,Agree,206,31,True,Sarcastic
4894,"I guess I am just ""psychologically conditioned"" to be blue eyed.?",Sarcastic,Sarcastic,Agree,65,11,True,Sarcastic
4897,"Why would anyone want to get to Heaven? Archangel and people like him would be there, praying and chanting 24/7 . Thanks but no thanks!",Sarcastic,Sarcastic,Agree,135,25,True,Sarcastic
4902,lol! well you may have picked the wrong answer choice though??? i guess not much can happen in the desert... maybe a dust storm or something? we get tornadoes here... i was in one as a kid! crazy stuff.,Sarcastic,Sarcastic,Agree,202,39,True,Sarcastic
4905,me whine?  this entire f ing thread is devoted to you whining. go cry to your mommy about all those big bad gay people picking on you and your poor little religion.,Non-Sarcastic,Non-Sarcastic,Agree,164,32,True,Non-Sarcastic
4906,"...said a ""certain nobleman""...
No wonder you cause such a stink, trebor. And you accuse Easyrider of manipulation of Scripture?",Non-Sarcastic,Non-Sarcastic,Agree,129,20,True,Non-Sarcastic
4907,The biblical end has got to be near. This was a Doctor who spends all of his life saving people's lives.,Non-Sarcastic,Non-Sarcastic,Agree,104,21,True,Non-Sarcastic
4908,"They originally might have been an arbitrary guess, but experience of all humans always has given them a very high probability of being true (at least the existence of the outside world, the others are abstract logical concepts that don't have a physical reality, just an abstract one).",Non-Sarcastic,Non-Sarcastic,Agree,286,48,True,Non-Sarcastic
4909,"i'm intrigued, can you give one or two examples off of the top of your head?  good point as to the 2nd paragraph.",Non-Sarcastic,Non-Sarcastic,Agree,113,23,True,Non-Sarcastic
4910,in the old testament people were punished for the sins they committed. i think he's asking why should we punish people while they are living? god will punish them when they die.,Non-Sarcastic,Non-Sarcastic,Agree,177,32,True,Non-Sarcastic
4911,"732,000 DIDN'T sign the petition. It seems only 5% of South Dakotans say ""repeal the extreme abortion ban"" and that is ASSUMING that all the signatures are valid. The good news for South Dakota is that come November they can show America how they really feel about abortion as opposed to having the courts decide laws.",Non-Sarcastic,Non-Sarcastic,Agree,318,56,True,Non-Sarcastic
4912,"okay, at least you gave an example for reagan. i personally think the russians were on the decline long before the end of the cold war, and reagan happened to be president when they finally fell, but we can agree to disagree. for bush i hope you're joking, because it has been quite clear that his policies have more than likely created more terrorists than he has helped defeat (not to mention the numerous other bad things he's done as president). in fact the only really good thing that came out of bush's presidency was that his unpopularity paved the way for obama to become president.",Non-Sarcastic,Non-Sarcastic,Agree,590,106,True,Non-Sarcastic
4913,a lot of people are adopted... my science teacher was adopted. he had a successful military career that ended with him as a war planner helping to plan the gulf war... he had a successful chiropratic practice too. what you said is not so true. should he have been denied his life because of some emotional trama he might bave later in life? i don't think so.,Non-Sarcastic,Non-Sarcastic,Agree,358,67,True,Non-Sarcastic
4916,"but how is it concerned with this? or perhaps more to the point; what exactly do you mean by political correctness? to me, it`s an atmosphere of intolerance towards intolerance. and has nothing to do with legislation what-so-ever. perhaps we are simply 'talking' about different things here? how do they censor free speach? and in what ways does the priciple of free speach apply to academic institutions?",Non-Sarcastic,Non-Sarcastic,Agree,405,67,True,Non-Sarcastic
4918,"That is an incorrect statement. Viability seems to be the topic that gets little mention here. Humanity, consciousness, personhood, sentience, etc. are all extremely debatable, as has been demonstrated, sometimes ad nauseam. But viability outside another human being is a clearly distinct difference between a zygote and a new-born baby.",Non-Sarcastic,Non-Sarcastic,Agree,337,50,True,Non-Sarcastic
4919,"I believe you can relinquish the child support responsibility if you also relinquish parental rights.Complicated stuff - kind of going through it right now as we are working on revoking my son's bilogocal father's parental rights. Once that is done I can not pursue him for support.Plus, plenty of dads do it the easy way, don't pay, don't care and disappear.",Non-Sarcastic,Non-Sarcastic,Agree,359,61,True,Non-Sarcastic
4920,"Given that I do not hold that opinion, I would challenge you show where I have stated such.",Non-Sarcastic,Non-Sarcastic,Agree,91,18,True,Non-Sarcastic
4921,"Well Clive, I will formally invite them here........ I don't know if any of them will take my invitation seriously, but we will see.",Non-Sarcastic,Non-Sarcastic,Agree,132,24,True,Non-Sarcastic
4925,my question is: who's funding this?  no sane investor would give him the money needed to run such a operation especially in israel.,Non-Sarcastic,Non-Sarcastic,Agree,131,23,True,Non-Sarcastic
4927,"Ah ha! Someone who understands the application of information theory to biological organisms. By the biological specific definition of information, the genome of any organism is information about the environment in which it lives.",Non-Sarcastic,Non-Sarcastic,Agree,230,34,True,Non-Sarcastic
4930,"How does this have anything to do with marriage? Reproduction occurs outside of marriage and has done so long before man became civilized. 
 
 Permitting only gay marriages won't decrease numbers. Increased family planning and birth control will.",Non-Sarcastic,Non-Sarcastic,Agree,248,37,True,Non-Sarcastic
4931,"Really! Then I assume that you have read Darwin - at least On the Origin of Species. Otherwise you are babbling. Please cite specific passages from Darwin's books where he made ""morals and ethics"" a joke. Please also do the same for the works of Dawkins. Your assertion presumes that you have read the works of both men.",Non-Sarcastic,Non-Sarcastic,Agree,320,58,True,Non-Sarcastic
4934,"I'm against polygamy, marriages with underaged minors and marriages to livestock as well, so don't feel that you are the only ones not ""accomodated"". 
",Non-Sarcastic,Non-Sarcastic,Agree,152,24,True,Non-Sarcastic
4935,You could try to be a good person and nevermind about the hocus pocus stuff. I'm not tryimg to convince you of anything. The fact is that what you use a reasons to believe don't hold up under logical scrutiny. Don't justify faith with logic. That only cheapens faith.,Non-Sarcastic,Non-Sarcastic,Agree,267,49,True,Non-Sarcastic
4937,"Demographics plays a role, but it does not explain away the whole shift in the numbers.",Non-Sarcastic,Non-Sarcastic,Agree,87,16,True,Non-Sarcastic
4938,"So, if there was a way to know that that baby would be infertile it would be alright in your view to abort?",Non-Sarcastic,Non-Sarcastic,Agree,107,23,True,Non-Sarcastic
4940,then what did you mention? compensation against stolen goods is insurance against theft.,Non-Sarcastic,Non-Sarcastic,Agree,88,13,True,Non-Sarcastic
4941,"Your argument is moot. The Iraq population wasn't heavily armed, only the Taliban and soldiers.",Non-Sarcastic,Non-Sarcastic,Agree,95,15,True,Non-Sarcastic
4942,Yep. They're free to marry a member of the opposite sex just like any other American.,Sarcastic,Sarcastic,Agree,85,16,True,Sarcastic
4943,i live in the seattle area and the city boasts there are no differnce in the benefits..........can you cite a link? thanks.......,Non-Sarcastic,Non-Sarcastic,Agree,129,22,True,Non-Sarcastic
4945,"bush can't run again, so who's the idiot? emoticonxrolleyes  won't happen. i'm not stupid enough to buy a house below sea level in a known flood plain. ut don't let me influence your decisions. ;)  and you dnc parots have no originality.  hum, i'm not sure i know what a gop christian is. is that like a catholic with a twist? emoticonxclown",Sarcastic,Sarcastic,Agree,341,62,True,Sarcastic
4946,I didn't know neanderthals like you and Mr. Grimm had the social graces to know what to do with toilet paper.,Sarcastic,Sarcastic,Agree,109,21,True,Sarcastic
4948,"I think a more telling question would be, why the hell would you rather feel constantly threatened than feel safe? It seems completely idiotic to me.   Smiley",Non-Sarcastic,Non-Sarcastic,Agree,158,27,True,Non-Sarcastic
4949,"Actually, this data point is perfectly meaningless.NONE of the other information (or the conclusions) presented in this talk require ""26"".If we made it 260, does it change ANY of the other conclusions? No.A failure to recognize non-sequitur data tidbits is usually indicative of an argument that includes other errors.",Non-Sarcastic,Non-Sarcastic,Agree,318,49,True,Non-Sarcastic
4950,"How is that a affect of deterrence? Deterrence works by preventing people through the fear of consequences. A dead man has no fears. Furman Vs. Georgia, where the supreme court specifically noted that there is not a single piece of conclusive evidence that the penalty is a effective deterrent.",Non-Sarcastic,Non-Sarcastic,Agree,294,49,True,Non-Sarcastic
4951,More heretical misinformation from dear old cap0.  'Zionism is Racism' - a Dead Issue ,Sarcastic,Sarcastic,Agree,86,14,True,Sarcastic
4952,"the catholic position on evolution always seemed to me a rather supine cop-out, and i'm not at all surprised that some catholics are re-examining it. cardinal schonborn in his nyt article wrote schonborn has a fearsome reputation as an intellectual, but his demand that any scientific treatment of evolutionary theory has to start with an a priori assumption of design does not say a lot for his understanding of science.",Non-Sarcastic,Non-Sarcastic,Agree,421,70,True,Non-Sarcastic
4953,"And as such, the term as you use it is utterly meaningless as it could be applied to any cell or sell remnant of human origin.",Non-Sarcastic,Non-Sarcastic,Agree,126,26,True,Non-Sarcastic
4954,"Because they knew full well that the bulk of the confiscated weapons never came from the United States!I don't see why we should care how many weapons couldn't be traced back to America even though they came across the border, because it's a moot point. The identifying marks don't exist on them if they can't be traced, meaning the whole thing is a non-issue for everybody except those who have an axe to grind and rights to try and destroy.",Non-Sarcastic,Non-Sarcastic,Agree,442,80,True,Non-Sarcastic
4955,"Well, I'd say that since that sort of question don't have a pat and universal answer, then that's why they shouldn't have been asked in the first place, in this case. My view is that questions over a job like this should be about a person's qualifications",Non-Sarcastic,Non-Sarcastic,Agree,255,47,True,Non-Sarcastic
4956,"Logically incorrect. One can as many red balls as one likes, and still only have one green one.",Non-Sarcastic,Non-Sarcastic,Agree,95,18,True,Non-Sarcastic
4957,"Since he's commented on it several times now, and seems to have me confused with someone else, maybe he's channeling a past life or something--who knows? Better yet, who cares? :p",Sarcastic,Sarcastic,Agree,179,31,True,Sarcastic
4959,"Oops, my bad. You're right of course. Port is an interface on a computer. It's also a harbour, so you're wrong too! :P",Sarcastic,Sarcastic,Agree,118,23,True,Sarcastic
4960,"It's quite obvious that it's the ID proponents who have issues with definitions, particularly among themselves. Behe has changed his own definition of IC, and Dembski changed Behe's definition of IC.",Non-Sarcastic,Non-Sarcastic,Agree,199,31,True,Non-Sarcastic
4961,"actually, quite correct. i am surprised. i woudl have thought you more of the relativistic type.",Sarcastic,Sarcastic,Agree,96,16,True,Sarcastic
4962,"'two other sacramento-area police officers also were implicated in illegal weapons sales but not charged because they didn't turn large profits,' ah it's ok to sell illegal weapons as long as you don't make a big profit?  'california law bars citizens from buying handguns that have not been deemed safe by the state department of justice, but the law exempts peace officers.' the cops there are above the law? had to put a new hard drive and install,good to be back.",Sarcastic,Sarcastic,Agree,467,81,True,Sarcastic
4963,"i'm surprised that your picture doesn't precede the phrase 'ignorance of actual american history' in every encyclopedia on earth, simone. emoticonxdonno emoticonxfrazzled emoticonxic emoticonxwow",Sarcastic,Sarcastic,Agree,195,24,True,Sarcastic
4965,"OOOHH!! Such ANGER!!!emoticonXAngry
What is it about you righties that impels you to resort to ad hominem attacks on those whose opinion differs from yours?emoticonXKill
Must be that your quiver quivers for the lack of the arrows of substance.emoticonXAngel",Sarcastic,Sarcastic,Agree,259,39,True,Sarcastic
4966,"Not at all, I'm simply forcing those making the argument to address the undeniable facts.",Non-Sarcastic,Non-Sarcastic,Agree,89,15,True,Non-Sarcastic
4967,"scratches and bruises versus a gunshot wound. oh yeah, he was totally in the right to kill the kid.",Sarcastic,Sarcastic,Agree,99,19,True,Sarcastic
4969,"So, you got your tubes tied because ""With womens right's getting shredded in the debate over abortion, fewer and fewer women are going to want to even risk have sex with men at all. It'll cause a wave of abstinence and imprisonment that will cut succesive generations in half. That'll even further errode the solvancy of social security."" Why would one get their tubes tied if they were swearing off men? emoticonXConfused And do you really believe the rest of the load about imprisonment and SS solvancy erosion, too? emoticonXRolleyes",Sarcastic,Sarcastic,Agree,536,90,True,Sarcastic
4972,Tell this to those infants and adults in the netherlands who are being euthanized against their will. this is a logical conclusion of a quality of life ethic without a sanctity of life basis.,Non-Sarcastic,Non-Sarcastic,Agree,191,34,True,Non-Sarcastic
4973,lol...well why don't you use your brain and tell me how and why breasts formed then. why would they get selected for in the first place? ns can't see into the future. have any evidence of a reptile with breasts?,Sarcastic,Sarcastic,Agree,211,40,True,Sarcastic
4975,"Who is Allah, Alex? Great, I'll take 'things a terrorist god would do' for $1600 Alex.
",Sarcastic,Sarcastic,Agree,88,16,True,Sarcastic
4977,"Well. compared to you, I am a spiritual genus. Well.. so is 95% of the human race.",Sarcastic,Sarcastic,Agree,82,17,True,Sarcastic
4978,But didn't they tell you? They outsourced your job to me!,Sarcastic,Sarcastic,Agree,57,11,True,Sarcastic
4979,"I think we're seeing a culture war. Hardly seems a fair fight though, since only one side has any.:p",Sarcastic,Sarcastic,Agree,100,19,True,Sarcastic
4980,"Does this seem a little ironic to anyone else? Either becoming intoxicated is acceptable or it isn't, why does the method make one acceptable and practitioners of the other ""losers""? For the record I don't drink, smoke or partake of illegal drugs.",Non-Sarcastic,Non-Sarcastic,Agree,247,42,True,Non-Sarcastic
4981,"Just like the Brady Campaign. Often when trying to paint concealed carry holders as dangerous individuals, most instances they cite either never had a concealed carry permit to begin with, or the matters of the case were instances that lacked mens-rea and weren't crimes to begin with.",Non-Sarcastic,Non-Sarcastic,Agree,285,47,True,Non-Sarcastic
4982,It did not because it was not clear till the 1970s that horizontal gene transfer was something to be considered. Nobody knew the mechanism till that era. And of course HGT is just another form of variability to be taken into account.,Non-Sarcastic,Non-Sarcastic,Agree,233,42,True,Non-Sarcastic
4983,It's almost as hilarious as him believing in fairy tales written 3000 years ago.... That is how Easy's mind works kids ;),Sarcastic,Sarcastic,Agree,121,22,True,Sarcastic
4984,Honest question Arch: where is the problem with a potential variance of 10 billion years? I know this question may appear ridiculous to you but could you take the question in the spirit it was meant?,Non-Sarcastic,Non-Sarcastic,Agree,199,36,True,Non-Sarcastic
4985,"believe me, dear sir: there is not in the british empire a man who more cordially loves a union with great britain than i do. but, by the god that made me, i will cease to exist before i yield to a connection on such terms as the british parliament propose; and in this, i think i speak the sentiments of america.  thomas jefferson, november 29, 1775",Non-Sarcastic,Non-Sarcastic,Agree,350,67,True,Non-Sarcastic
4986,emoticonXGood I think the sarcasm my be lost as someone may not understand.,Non-Sarcastic,Non-Sarcastic,Agree,75,13,True,Non-Sarcastic
4987,"All sin undermines society, including illicit gay sex sin. Or have you forgotten Sodom and Gomorrah? Coming to a San Francisco bath house near you.",Sarcastic,Sarcastic,Agree,147,25,True,Sarcastic
4988,"I kinda took it as a little payback?Teen Birth Rates Higher in Bible Belt
gotta nice belly i guess.emoticonXFrazzled",Sarcastic,Sarcastic,Agree,117,19,True,Sarcastic
4989,"Well, many have argued that if you don't except a literal Genesis, you're damned. Perhaps not in this particular thread, but the arguments are esentially the same. I believe that the theological implications of that position are fair game for discussing the validity of creationism. ",Non-Sarcastic,Non-Sarcastic,Agree,283,45,True,Non-Sarcastic
4991,Are you saying kill the chicken by shooting it? Rather then just choking the chicken,Sarcastic,Sarcastic,Agree,84,15,True,Sarcastic
4992,"he was a partial-birth abortion provider that killed babies late term. in terms of fetal viability he might as well been killing babies right after they'd been born. i don't condone it, but i'm surprised it didn't happen sooner--one monster killed by another. it wasn't right, but what that sicko doctor was doing was certainly no better.",Non-Sarcastic,Non-Sarcastic,Agree,338,57,True,Non-Sarcastic
4994,Criminals continually inform the public that their greatest fear is a victim capable of fighting back against them and possibly killing them.,Non-Sarcastic,Non-Sarcastic,Agree,141,22,True,Non-Sarcastic
4995,"Well, I would agree that as many constitutional ammendments probably would not have passed, but I certainly don't think they all would not have been passed, and I don't think that Massachusettes allowing same-sex marriage was a bad thing. Constitutional ammendments are difficult to overcome, but no one can ever change a law if people aren't willing to take a stand and fight for it.Can you tell that I love the quote in Jyoshu's signature?",Non-Sarcastic,Non-Sarcastic,Agree,441,75,True,Non-Sarcastic
4996,"If only Ann Coulter could report a pie throwing to the admin like a spoiled little cry baby. emoticonXRolleyes 
She's probably more of a ""man"" than that though. :p 
Waxy",Sarcastic,Sarcastic,Agree,171,30,True,Sarcastic
4997,"Well of course. This spiritually dead church which exists to serve Man, but not God, must compromise biblical principles in order to attempt to preserve membership in an ever expanding secular humanist society. Just remember that no matter how many churches abandon the spiritual truths outlined in Gods Word in these last days, it does nothing to diminish or nullify that truth.",Non-Sarcastic,Non-Sarcastic,Agree,379,62,True,Non-Sarcastic
4998,"No it doesn't, as abortion WAS a legal option in this case.   This was not a legality issue, but an education issue.",Non-Sarcastic,Non-Sarcastic,Agree,116,22,True,Non-Sarcastic
5000,"Oh, I agree....private security companies are the answer. Very republican of you.",Sarcastic,Sarcastic,Agree,81,12,True,Sarcastic
5001,"Seems that there are a lot of his ""boys"" on the opposing ""team"".",Sarcastic,Sarcastic,Agree,64,13,True,Sarcastic
5002,"No, for murdering innocent babies in the womb by performing abortions that were not necessary but just being done as a means of birth control.........",Non-Sarcastic,Non-Sarcastic,Agree,150,25,True,Non-Sarcastic
5003,"that's fantastic! i say you go for it, and... um... pics or it didn't happen.",Sarcastic,Sarcastic,Agree,77,15,True,Sarcastic
5005,"No it doesn't. First, the changes may not be neutral. I will presume that you are intelligent enough to grasp that idea the mutations in and of themselves are neither advantagous nor disadvantageous, and the they have no purpose. Evolution happens when the mutations (and other mechanisms that increase genetic diversity) are acted upon by other mechanisms of evolution. Even in natural selection there is no purpose. Natural selection is differential reproductive success. Some organisms tend to produce more offspring because they have characteristics that give them an advantage in a particular environment.",Non-Sarcastic,Non-Sarcastic,Agree,610,93,True,Non-Sarcastic
5006,"originally posted by fracas only way to be more efficient is to continue to wage war preferentially against technologically similar sides are we back to a us-eu war? sorry i took that the wrong way, but regardless, the kind of thinking that leads to wars and seeing who has the largest most powerful military is precisely what i'd like to get away from in order to advance the military. yes we learn from war, but its wasteful, i'm proposing a not so wasteful military.",Non-Sarcastic,Non-Sarcastic,Agree,469,84,True,Non-Sarcastic
5007,"Right, because besides rape and health concerns these really are the only other reasons women have abortions. emoticonXRolleyes",Sarcastic,Sarcastic,Agree,127,18,True,Sarcastic
5008,"attn jessald: so after falling all over yourself in praise of our dear leader, do you realize that nothing he said will curb the rising premiums, deductibles, etc. why can't we have universal healthcare or singlepayer or public options who is gonna control these 'exchanges' --- another corporate industry invention",Sarcastic,Sarcastic,Agree,315,50,True,Sarcastic
5009,"Show me where healthcare can be found in the Constitution as a guaranteed right. Just saying so doesn't cut it. We are (or were, any way) a nation of laws.",Non-Sarcastic,Non-Sarcastic,Agree,155,30,True,Non-Sarcastic
5010,"Yes and no. Metaphorical creationism can't be disproved period as there are no hard facts to disprove. Literal creationism can be disproven on a number of factors, from the timeline, to events such as the flood.",Non-Sarcastic,Non-Sarcastic,Agree,211,36,True,Non-Sarcastic
5011,"So have I, since I know that evolution has and does take place. But I catch it from both sides because I don't believe the scientific explanation of the origins of life or the beginning of intelligent awareness.",Non-Sarcastic,Non-Sarcastic,Agree,211,38,True,Non-Sarcastic
5012,"ummmmmmm, because it was built in 1932-1935, and has nothing whatsoever to do with the founders or early government leaders, nor with what they believed was correct? you really are the master of the art of self-pwn, archie.",Sarcastic,Sarcastic,Agree,223,38,True,Sarcastic
5013,Said like a cruel evil person who has no concern for his fellow man.,Non-Sarcastic,Non-Sarcastic,Agree,68,14,True,Non-Sarcastic
5014,"Strawman. Scientists deal with scientific issues.. The people who are trying to promote ID are doing it for religious purposes, and have no science behind their claims.   Science shoudl be taught in science class, not religion.   If/when the proponents actually GET to the point their ideas are science, then it can be looked at. Until then, warmed over creationsism does not belong in the science class.",Non-Sarcastic,Non-Sarcastic,Agree,404,66,True,Non-Sarcastic
5016,It is clear that the profetallifers wish to make the pregnant woman a slave to her fetus.,Non-Sarcastic,Non-Sarcastic,Agree,89,17,True,Non-Sarcastic
5017,"So parthenegenic births are always female. Where did the X chromosome come from? Is this another case of ""POOF, it was a miracle"" when faced with reality?",Sarcastic,Sarcastic,Agree,154,27,True,Sarcastic
5018,"Jesus was then what he is now: the Logos of God (Philo, quis rerum divinarum heres 42.405), the heavenly High Priest (Hebrews), the culmination of Gods eternal plan (Ro. 16:25), the secret mystery only now, after his sacrifice, revealed through revelation and scripture (1 Cor 2:6-13).",Non-Sarcastic,Non-Sarcastic,Agree,285,46,True,Non-Sarcastic
5019,"are you telling me you cannot figure out how creating a gay-hostile atmosphere causes and condones anti-gay bullying? forsooth! butter wouldn't melt in your mouth, would it.",Sarcastic,Sarcastic,Agree,173,27,True,Sarcastic
5020,"Just exactly who is this ""we"" you claim to speak for, old chap?
Seems as though you are only speaking for yourself and the few remaining hard right religious lunatic radical fringe wingnuts.emoticonXAngry
You had better get used to the phrase ""President Obama""; you will be hearing it a lot for the next 8 years.emoticonXGood",Sarcastic,Sarcastic,Agree,327,55,True,Sarcastic
5022,oh man! what is going on?  i vote for the 2nd coming of christ is near!,Sarcastic,Sarcastic,Agree,71,16,True,Sarcastic
5025,"just isn't the case in countries with nationalised health care, yet those countries also have a large number of pharmaceutical companies that are based there.",Non-Sarcastic,Non-Sarcastic,Agree,158,25,True,Non-Sarcastic
5026,"The reported killings in European countries have rivaled the levels of Columbine. Quite a feat for a country with strict gun control laws. How can even a rare and isolated incident in a country with draconian gun control, meet or exceed something that's supposedly relatively common in America?",Sarcastic,Sarcastic,Agree,294,48,True,Sarcastic
5027,"boy that's the pot calling the kettle black. Darwinian science abandoned living, breeding animals as units of study 7 decades ago. Instead they study genes and bacteria and viruses and rotting bones. Freaks.",Sarcastic,Sarcastic,Agree,207,33,True,Sarcastic
5028,"emoticonXFrazzled
You call gays ""degenerate"", and then complain about ""demonizing"" others???
emoticonXDonno",Sarcastic,Sarcastic,Agree,109,12,True,Sarcastic
5029,"lazy jason, darling, but you very sadly lack one item of attractiveness, the freshness and beauty of innocence.",Sarcastic,Sarcastic,Agree,111,18,True,Sarcastic
5030,why are you trying to turn this into a religious debate? no one said anything about finding jesus. all you have done is show your anti-god prejudice.,Non-Sarcastic,Non-Sarcastic,Agree,149,27,True,Non-Sarcastic
5031,"Clear up some more muddled thinking for jo. As stated, that is from the Declaration of Independence. When was it penned?The Constitution would not have been ratified without the BOR being included. When were those rights penned and when was it adopted? The Declaration simply told England why we were separating and why, it had nothing to do with the BOR.",Non-Sarcastic,Non-Sarcastic,Agree,355,61,True,Non-Sarcastic
5032,"Hey Matt, if that paintbrush were any broader, you could paint a room in just five minutes",Sarcastic,Sarcastic,Agree,90,17,True,Sarcastic
5033,"Hey sparky, exactly how do you think they were supposed ""to protect"" these thugs? How many debates do you have to lose like the school claims on the student duck hunter before you begin to say you are either wrong or completely illiterate? You gunning for one of the new yellow CS medals?",Sarcastic,Sarcastic,Agree,288,53,True,Sarcastic
5034,"Duh! Maybe the folks who wrote the Book of Yasher had access to Manetho. emoticonXRolleyes 
",Sarcastic,Sarcastic,Agree,93,15,True,Sarcastic
5036,"If science deals with how information is gathered, different ways of analyzing, and different hypothesis, then it involves worldviews. The base for the worldview of a sizable part of the population should not be excluded. Maybe in Saddam Hussien's Iraq, maybe in communist Russia, but not in the United States.",Non-Sarcastic,Non-Sarcastic,Agree,310,50,True,Non-Sarcastic
5038,"Anyone speaking English could well be an illegal from the UK then, right? I guess Puerto Ricans better watch out too.",Sarcastic,Sarcastic,Agree,117,21,True,Sarcastic
5039,"wow. i'm not really that surprised at something like this happening. most anti-gay bigots i've met seem rather petty, and i wouldn't put it above many of them to attack a person like this. and boy, this really shows these 'christians' sure know how to follow christ's teachings. emoticonxrolleyes",Sarcastic,Sarcastic,Agree,296,49,True,Sarcastic
5040,"Well, ""reasonable"" is clearly subjective... So the authors of the letter are practicly saying that any gun laws not interfering with the state militia would be permited according to the second amendment. But that gun laws obviously should be reasonable. But what reasonable is, is best left to the democratic will of the people. Or am I reading it wrong?",Non-Sarcastic,Non-Sarcastic,Agree,354,60,True,Non-Sarcastic
5041,"Free traders, rummers, smugglers, disdainers of law, pirates, essentially. But wait! Weren't the pirates a Marxist lot? Aren't there rumors about Black Beard and his communistic leanings? Smugglers And Smuggling in Cornwall",Sarcastic,Sarcastic,Agree,223,32,True,Sarcastic
5042,"So I take it you don't accept my challenge on the basis that it is impossible? Why is it impossible? Or better yet, why don't we al just evolve into perfect, anti-sinning creatures with 500 IQ points a piece?
",Sarcastic,Sarcastic,Agree,210,39,True,Sarcastic
5043,"when you were asking this question, was it somewhat in reference to bill clinton? personally, i think that whole thing was blown out of proportion. is that the type of thing that you're saying should be investigated?",Non-Sarcastic,Non-Sarcastic,Agree,216,37,True,Non-Sarcastic
5044,"No more hypocritical than somebody actively harping on me for citing the Huffington Post, but then HAVING NO negative comment for the RNC embracing NewsMax...But here's an idea.You probably wouldn't vote for me cause I cited Huffington Post, right?So logically, one should ALSO NOT VOTE for Republicans who embrace NewsMax, right???emoticonXDonnoNah. I don't expect that kind of consistency...",Sarcastic,Sarcastic,Agree,393,58,True,Sarcastic
5046,Oh really? What evidence do you have? These people started out as soldiers in the army.,Non-Sarcastic,Non-Sarcastic,Agree,87,16,True,Non-Sarcastic
5047,"what did sanger say specifically that leads you to this conclusion? the preceding is from wikipedia. now, perchance, does 'cleaner' possibly mean having been exposed to enough medical information to be aware of veneral diseases so as to know how to avoid them? do you have an aversion to accurate information about stds being available?",Non-Sarcastic,Non-Sarcastic,Agree,336,55,True,Non-Sarcastic
5048,"wow ursus, uh, hmm, it's like i'm amazed but almost not surprised to hear that. i think it explains a lot. i wish and hope that they will realize that most non-religious people are rational, good-natured, well-adjusted folks that mostly want everyone to get along. (insert campfire song here) and that a lot of them fear a theistic government that limits freedom.",Non-Sarcastic,Non-Sarcastic,Agree,363,62,True,Non-Sarcastic
5051,and you don't think 9/11/01 was and attack on this country huh? emoticonxrolleyes  you are exactly the kind of liberal carl rove was talking about in his speech the other day.......,Sarcastic,Sarcastic,Agree,181,31,True,Sarcastic
5052,"Was she on her knees, taking lessons from you...or was she skilled already?",Sarcastic,Sarcastic,Agree,75,13,True,Sarcastic
5053,I know ... I know. I agree with you that it's sad more of those people couldn't or didn't take advantage of concealed carry to help prevent so many deaths. That needs to change along with education so more people can defend themselves.,Non-Sarcastic,Non-Sarcastic,Agree,235,43,True,Non-Sarcastic
5055,"You may see a vast differene, many do not. The ""moral"" grounds for many is simply the justification for their homophobia.",Non-Sarcastic,Non-Sarcastic,Agree,121,21,True,Non-Sarcastic
5056,The frequency of legitimate ones doesn't warrant my walking around armed all the time IMO. How does my being unarmed put you at risk? Think I should be prepared to shoot someone for you in case of emergency? Touchee yourself.,Sarcastic,Sarcastic,Agree,225,40,True,Sarcastic
5057,"persecution on political grounds? we are talking about a kingpin of russian organized crime here. he has been indicted in russia for fraud and political corruption (bribing politicians) and there is absolutly no question that he is guilty as sin. now he is hiding in britain and actively planning a violent coup in order to overthrow the elected government...and he lays all this out to a british newspaper.  political persecution if he returns? probably not. execution for treason? that one seems more likely.  in the extradition rhetoric arena, the russians are looking a lot more reasonable then the british.",Non-Sarcastic,Non-Sarcastic,Agree,611,99,True,Non-Sarcastic
5058,"And like I said, your opinion is worth exactly NOTHING. emoticonXRolleyes",Sarcastic,Sarcastic,Agree,73,11,True,Sarcastic
5059,good thing this argument has never been done!...oh wait. With that logic we should make everything legal. You are much better off making theft legal and safe (no more guns needed!) than to have it illegal and dangerous.,Sarcastic,Sarcastic,Agree,219,38,True,Sarcastic
5060,"i just disproved the whole thing! fine, what would happen if i poked both of your eyes out? its one eye for one eye.",Sarcastic,Sarcastic,Agree,116,24,True,Sarcastic
5062,"Responding to the question in the topic, I tend to use the case of Baby Fae.
 
 Freethoughtradio also has short blurbs called ""What's the Harm?"" that gives some examples of ""the natural harm caused by supernatural belief.""",Non-Sarcastic,Non-Sarcastic,Agree,224,37,True,Non-Sarcastic
5063,Apes are sentient...guess your theory is out the window. Either that or Apes need to be freed from the zoo.,Sarcastic,Sarcastic,Agree,107,20,True,Sarcastic
5065,could you see language evolving in non social animals? it wouldnt have a reason to.,Non-Sarcastic,Non-Sarcastic,Agree,83,15,True,Non-Sarcastic
5068,"Maybe you should form a religion for gays only where all members have to be married to each other...then push for the issue on religious freedoms rights.
;)",Sarcastic,Sarcastic,Agree,157,28,True,Sarcastic
5069,Actually in terms of populations we're the same people as the Irish. If you want tyranny try the oppression of the Native Americans. Did you know that the Natives and the blacks were both on the British side during the War of Independence? Amazing how we tyrants command such free support huh....,Sarcastic,Sarcastic,Agree,296,52,True,Sarcastic
5071,"Like Big Bad John McCain?
Who's been a dependent of Big Daddy gubment all his life?",Sarcastic,Sarcastic,Agree,84,16,True,Sarcastic
5072,"Now name one country with universal socialized healthcare with a population of 300 million citizens modulus, just one if you can. Your exemplar countries are tiny in comparison to us so lets get realistic and compare apples to apples for once, ok?",Non-Sarcastic,Non-Sarcastic,Agree,247,42,True,Non-Sarcastic
5073,"i am well aware (and sympathetic) to your hatred of jews, negros, gays, gypsies, etc.; but i am shocked and dismayed at your ignorance (and/or) intolerance of hermaphrodites.  hitler; you sir, have lost my respect.",Sarcastic,Sarcastic,Agree,214,35,True,Sarcastic
5074,"I like the Grape Flavored best, But I won't be drinking any KoolAid with you or one of your religious Cult Fanatics... 
And why would I be embarrassed about telling the truth?....",Sarcastic,Sarcastic,Agree,180,32,True,Sarcastic
5076,"That's not evolution. Life has evolved in the lab, many times.",Non-Sarcastic,Non-Sarcastic,Agree,62,11,True,Non-Sarcastic
5077,"ICBM, but I believe the termites make up the largest land-based biomass on earth.",Non-Sarcastic,Non-Sarcastic,Agree,81,14,True,Non-Sarcastic
5078,Are we talking about the place Jesus and the Jews believed in or the one later Christians made up to keep people in check?,Sarcastic,Sarcastic,Agree,122,24,True,Sarcastic
5080,"how did cjd come about again? i know it had somethig to do with cows and chickens, but i forget the details.",Non-Sarcastic,Non-Sarcastic,Agree,108,22,True,Non-Sarcastic
5081,"Actually, 2 viruses and a bacteria have been constructed by building the genome from nucleic acids.",Non-Sarcastic,Non-Sarcastic,Agree,99,16,True,Non-Sarcastic
5082,"Well, if some of the implications of quantum theory are correct (and don't quote me on this), then some of those things are actually possible. However, as any scientist worth his/her salt will tell you, just because something is possible doesn't mean it's definite. I don't see any proof of those things happening any time soon, either, but they're fun to think about, aren't they?",Non-Sarcastic,Non-Sarcastic,Agree,381,65,True,Non-Sarcastic
5083,"in what passages does jesus refer to his junior partner? i'm not saying he did not, rather, i'm not recalling off the top of my head any specific mention of the holy ghost by jesus.",Non-Sarcastic,Non-Sarcastic,Agree,181,35,True,Non-Sarcastic
5085," I think the court decision in Nunn vs. State of Georgia did the best summation of this right!"" Yeah, all liberals love overturned court cases that never saw the light through the appeals process. I think Ohio and it's Constitution finally prevailed and now they carry open or concealed.You wasn't on that Cessna were you? ",Sarcastic,Sarcastic,Agree,323,55,True,Sarcastic
5086,"Well, since the definition of marriage involves ""bringing together to make one"" then that doesn't make sense. But, whatever, nothings stopping you. Marry yourself. I just did (in the eyes of god).",Sarcastic,Sarcastic,Agree,196,32,True,Sarcastic
5088,"The slaves, of course, were sentient humans, not mindless collections of tissue. certainly, horses, cattle etc have mre sentience than a fetus, yet you are not calling them ""slaves.""
So once again, hyperbole is the PL answer. Nice going.",Sarcastic,Sarcastic,Agree,238,39,True,Sarcastic
5089,"oh yeah, lets just say all the main people on comedy central.",Sarcastic,Sarcastic,Agree,61,12,True,Sarcastic
5090,i love how point-whoring/farming is allowed when it's in the form of this.,Sarcastic,Sarcastic,Agree,74,13,True,Sarcastic
5091,"Uh, let's see. The one thing this all ""equates to"" is you need a dictionary?",Sarcastic,Sarcastic,Agree,76,15,True,Sarcastic
5092,So biology didn't exist before the theory of evolution was formulated?,Sarcastic,Sarcastic,Agree,70,11,True,Sarcastic
5093,The deafening screech of moving goalposts. DC is not the argument here.   YOU claimed the following:   You were wrong. Eat your crow like a good little boy.,Sarcastic,Sarcastic,Agree,156,27,True,Sarcastic
5094,"compared to speaking all that is into existence, these events were childs-play for my father in heaven. these are much easier to believe/accept than your magic of the big bang event spontaneously occurring with no trigger or determinable origin. then the spontaneous appearance of life on earth from that puddle of primordial ooze. oh yes snakepit, as easy pointed out so poignantly, that's not believing in magic, is it!!!",Sarcastic,Sarcastic,Agree,423,69,True,Sarcastic
5095,I think its actually the states job...the judiciary does need to overturn Roe v. Wade to get this done though...which doesn't mean it becomes illegal.,Non-Sarcastic,Non-Sarcastic,Agree,150,25,True,Non-Sarcastic
5096,"And are people in DC legally allowed to carry their guns with them in a concealed manner, having them readily available like the rest of us do in the country?Absolutely not. According to DC your rights don't extend past your home, and it barely even exists inside your home.",Non-Sarcastic,Non-Sarcastic,Agree,274,49,True,Non-Sarcastic
5097,"It should be noted that other exotic amino acids are also used by a few other codes (derived form the original). E.g. Selenocysteine and pyrrolysine are encoded for in many archaea and vertebrates. Archaea, however seem to be the most primitive organisms, thus these encoded amino acids must have been fixated early on.Thus an interesting question can be applied to an ""evolving"" code as posited in the above quote:Are these ""still evolving"" mRNAs, still evolving? Or did it hit an inevitable global optimum? Secondly, from the article:",Non-Sarcastic,Non-Sarcastic,Agree,536,87,True,Non-Sarcastic
5098,"and on top of all that, trigger happy self appointed vigilantes oops! I mean: neighbourhood watchers emoticonXRolleyes
by the way, what's wrong with the secret services guys having some r&r ?? they were not on duty in any case ;)",Sarcastic,Sarcastic,Agree,230,40,True,Sarcastic
5099,"That link reads more like a children's story book than a science text.
I wondered what they could come up with, I guess the answer is nothing.
Waxy",Sarcastic,Sarcastic,Agree,149,28,True,Sarcastic
5100,good u not lied in 1 yr ....good progress.....but till what time.....? life can show any moment at any time......no one knows about it....not lieing is good but sometimes your truth can kill or hurt someone dear.....,Non-Sarcastic,Non-Sarcastic,Agree,216,37,True,Non-Sarcastic
5101,telling of what?....that some imaginative authors created fantasy stories wherein guns were unnecessary for the champions to win? that has no bearing on reality. i'm surprised that you tried to extend that into real life.,Sarcastic,Sarcastic,Agree,221,35,True,Sarcastic
5102,ignorant faux patriotism and racism do nothing to undermine the fact roosevelt knew.  all we're left with is the disgusting spectre of an authoritarian navy dropout who can't bear dealing with the facts about the man responsible for 2000 dead colleagues. do you apply the same non-logic to smear anyone who states bush knew there were no wmd in iraq? or is it only your favourite presidents who get a free pass on lying the public into war.,Non-Sarcastic,Non-Sarcastic,Agree,440,78,True,Non-Sarcastic
5103,I think that the type of weapon does make a difference. A tyrant would be more dangerous to the world if he was armed with WMDs rather than knives.,Non-Sarcastic,Non-Sarcastic,Agree,147,29,True,Non-Sarcastic
5104,"are they the ones going to nigeria and whose result of preachings there end up with gays getting killed? the funny thing is that in another thread, i challenged you for evidence that christians rebuke fred phelps... and here, it's obvious that you're punting on the issue of the christian involvement on the issue, providing an excellent example of you being guilty of what you tried to accuse gays of doing. emoticonxmad the irony of that statement is rather underwhelming. if the situation had been turned around between gays and christians, you would be beating this drum like a red-headed step child. emoticonxrolleyes",Sarcastic,Sarcastic,Agree,622,103,True,Sarcastic
5105,I dunno. Those Priuses are so small inside and out. How much explosive compound could Hasan fit into the thing and still be able to get in and drive it?,Sarcastic,Sarcastic,Agree,152,30,True,Sarcastic
5106,"it is no ""story""........i am debating on the whole evolution thing... look at the facts. so many great ppl, physics people, niels bohr, he was for evoulution, then he found out all of the facts that it is junk, so he became a christian",Non-Sarcastic,Non-Sarcastic,Agree,235,44,True,Non-Sarcastic
5107,What I find hard to believe is that politicians will place their decision above the right to life of a human person only for political expediency.,Non-Sarcastic,Non-Sarcastic,Agree,146,26,True,Non-Sarcastic
5108,if easyrider is so concerned about pedophilia (which he isn't he's just using it as a lame excuse to scapegoat homosexuals) why then doesn't he speak out again the catholic church and the cover up their doing on their sex scandals? you know who actively does care about the well being of these children? atheists. atheists like richard dawkins. wheres your slippery slope on morality now easy?,Sarcastic,Sarcastic,Agree,393,67,True,Sarcastic
5109,"I'm saying that if we assume reports that don't fit with science aren't true, then we can't use the filtered evidence to prove science is always true. Just like if I rejected as impossible any reports of Christians killing people and then said 'therefore Christians don't kill people'. The conclusion is made certain by the methodology.",Non-Sarcastic,Non-Sarcastic,Agree,336,56,True,Non-Sarcastic
5110,"No, not at all. Read the post above. 'Christmas cracker'?? What's that? Here, we have Fortune cookies.:)",Non-Sarcastic,Non-Sarcastic,Agree,104,17,True,Non-Sarcastic
5112,Right. It's called stasis. Species that are well adapted to their environments tend to change little in a stable environment. It is still true that fossil crocs are not the same as modern crocs. There are obvious differences.,Non-Sarcastic,Non-Sarcastic,Agree,225,38,True,Non-Sarcastic
5113,"then what are you doing in this thread? or to quote yourself: game, set, match, gamehuis is teh win!11@!@11 :p",Sarcastic,Sarcastic,Agree,110,20,True,Sarcastic
5114,"Hey, maybe some chosen by God religious fundamentalist will offer up his own daughters to be gang-raped, and then later have sex with those same daughters and children by them. You know, the way Lot did in the Bible. The one Peter called ""a righteous man"".",Sarcastic,Sarcastic,Agree,256,46,True,Sarcastic
5115,"We don't know for sure. Traditionally thought to be Homer but is probably from oral tradition. Single authorship itself is disputed. Beyond that, I don't know much about it.
 
 What is your point in asking this question?",Non-Sarcastic,Non-Sarcastic,Agree,222,37,True,Non-Sarcastic
5116,"i'm just surprised that 'compliment' is in your vocabulary... for that, i compliment you.",Sarcastic,Sarcastic,Agree,89,14,True,Sarcastic
5117,i guess i'm not really surprised at some of the reaction here: ignorant blather. i am dissappointed though. it's amazing what people will say about something with no knowledge of it. yes.,Non-Sarcastic,Non-Sarcastic,Agree,187,32,True,Non-Sarcastic
5118,"Actually, I snipped your remarks because 1) you twisted what I said and 2) I'm already spending too much time arguing with random complainers and I was in a hurry to do something more important at the time.",Non-Sarcastic,Non-Sarcastic,Agree,206,38,True,Non-Sarcastic
5121,Are there truly laws of logic?   Where are they encoded?,Non-Sarcastic,Non-Sarcastic,Agree,56,10,True,Non-Sarcastic
5123,"The range limit was 150 km and the Iraq Survey group said they flew further than that.
Plus, no comments on the missiles? It couldn't possibly be because you were wrong?",Sarcastic,Sarcastic,Agree,170,31,True,Sarcastic
5125,So what else is new? Does Texas support the death penalty?,Sarcastic,Sarcastic,Agree,58,11,True,Sarcastic
5126,And yet you have no problem with this law Galileo?,Sarcastic,Sarcastic,Agree,50,10,True,Sarcastic
5127,"Actually, you have slipped into talking Bible here and seem to be refering to the miracle of Lazarus.",Non-Sarcastic,Non-Sarcastic,Agree,101,18,True,Non-Sarcastic
5128,"How about getting the government out of marriage entirely? That is the goal of the libertarians, and maybe the liberals. No standards would be redefined if that happened, and gays would get their right to marry.",Non-Sarcastic,Non-Sarcastic,Agree,211,36,True,Non-Sarcastic
5129,You should try reading my posts. It would make you look like you know what you're talking about. ;),Sarcastic,Sarcastic,Agree,99,19,True,Sarcastic
5130,"As proved above by definition of reason above, it all depends on what premise or starting assumption you have as to what conclusion you will reason out. You are correct that faith does not neccessary require evidence. But there is usually always evidence to support the validity of a particular faith, in this case Christianity.",Non-Sarcastic,Non-Sarcastic,Agree,328,55,True,Non-Sarcastic
5131,"'IF' is the question. It suggests that Holy Tradition does not know the answer.   Secondly, the issue of the flood itself could still be true and tested scientifically... as to whether an historical Noah existed that you might consign to 'myth'.   Does anyone here not find it interesting that there is almost a universal factor in societies concerning a global flood?   PS I have already discussed M-Eve on another post.",Non-Sarcastic,Non-Sarcastic,Agree,421,70,True,Non-Sarcastic
5132,"not to me, but let's not quibble about things we can't change. let's talk about something that we can change...for a change. we could argue about it forever and never change one thing that's written. how about making a proposal suited to fit those whose religious beliefs tend to make us feel inferior? or passing legislation that more medical staff be trained in 'special' fields of medicine for certain diseases so that constant referrals won't bounce us off the walls.",Non-Sarcastic,Non-Sarcastic,Agree,471,80,True,Non-Sarcastic
5133,"Wow Archie, way to suck the fun out of something. Let me use your words here:
",Sarcastic,Sarcastic,Agree,79,16,True,Sarcastic
5134,"Yes. I believe it's a matter of personal individual freedom.   If purchased legally, and not used to commit a crime, what harm comes from handgun ownership? I don't own one, but I own many other guns. If they can ban handguns, what's to stop them from banning shotguns, or even BB guns?   I don't believe in a nanny state, taking away my toys ""for my own good"".   Waxy",Non-Sarcastic,Non-Sarcastic,Agree,368,68,True,Non-Sarcastic
5136,"Hey - you're the one who condones sinful, illicit gay-sex sodomy, which God himself calls a perversion, so you're the one who is spiritually and historically challenged. You're right in step with Satan, though, so you can really feel proud of that. LOL!
Romans 1:26-27",Sarcastic,Sarcastic,Agree,269,45,True,Sarcastic
5137,"It bounces off me like bullets off Superman emoticonXClownSeriously, this is your rejoiner? To make fun of my title? lol, how that stings... I think I have to go get a tissue before I reply ;)If you care to try and back up your statements, then we might have a debate.",Sarcastic,Sarcastic,Agree,268,51,True,Sarcastic
5138,"Actually, evolution occurs on the level of the population: individuals don't change, but populations do. See the examples above.",Non-Sarcastic,Non-Sarcastic,Agree,128,19,True,Non-Sarcastic
5141,"just print out your own posts, my dear james. they'll say it all for me! emoticonxangel",Sarcastic,Sarcastic,Agree,87,16,True,Sarcastic
5142,oh yes. the holocaust never happened and the nazis were innocent aryan wonder-men. =d :),Sarcastic,Sarcastic,Agree,88,15,True,Sarcastic
5143,"What is this ""we"" stuff? Got a mouse in your pocket? I thought god was going to destroy it...not ""we"". 
",Sarcastic,Sarcastic,Agree,105,20,True,Sarcastic
5144,John/John would figure out a way for the American taxpayers to foot the bill.,Sarcastic,Sarcastic,Agree,77,14,True,Sarcastic
5146,"I'm not claiming any omnipotent deciever. I'm not sure where you derive 'probability' from, or how you can have any degree of certainty over your past experiences or those of other consciousnesses.And in any case, saying 'it hasn't happened yet' is hardly logical proof.",Non-Sarcastic,Non-Sarcastic,Agree,270,44,True,Non-Sarcastic
5148,Yer lucky you ain't as old as me. They would have loved you with the M-1!,Sarcastic,Sarcastic,Agree,73,16,True,Sarcastic
5149,"While I'm still iffy on her with the whole New Haven case, and her off-the-bench comments on race, this is one thing I commend her for and agree completely with.",Non-Sarcastic,Non-Sarcastic,Agree,161,30,True,Non-Sarcastic
5150,"Somehow, I knew that one would sound sexist. You are, of course, absolutely right.
Touchy little thing, aren't you? emoticonXAngel",Sarcastic,Sarcastic,Agree,131,20,True,Sarcastic
5152,"So put the criminals to death, don't let them see daylight again.",Non-Sarcastic,Non-Sarcastic,Agree,65,12,True,Non-Sarcastic
5153,"I wonder if I can convince a judge that all other legal documents should be read in an ""enlightened"" way. I can perhaps get out of contracts and speeding tickets if I just show them the light and error of their ways! 
Your supercilious post amazes me.",Sarcastic,Sarcastic,Agree,252,47,True,Sarcastic
5154,What kind of quality? How about speed?Free but slow and crappy healthcare is not acceptable and I'd vote a solid no.,Non-Sarcastic,Non-Sarcastic,Agree,116,21,True,Non-Sarcastic
5155,"Because quite simply, it is all what we observe. One has never observed a mutation that has been seen to increase the information in the genome. If there have been any mutations that have led to an increase in information, please state it.",Non-Sarcastic,Non-Sarcastic,Agree,239,43,True,Non-Sarcastic
5156,"And if the state decides to keep abortion legal? Then you don't care if these ""gifts from God"" have a chance or not?",Sarcastic,Sarcastic,Agree,116,23,True,Sarcastic
5158,"Unless of course, you can deny them their personhood. 
Right Antonia?",Sarcastic,Sarcastic,Agree,70,11,True,Sarcastic
5159,"Well then, using just the Bible, what is the value of pi to the third decimal point?",Sarcastic,Sarcastic,Agree,84,17,True,Sarcastic
5160,"Well, you certainly defended this video, Archangel. How interesting to now hear that you were defending material you hadn't even viewed. 
But I'm not going to do your homework for you. It's on this thread; jyoshu posted it. So search his posts on these pages.
",Sarcastic,Sarcastic,Agree,262,45,True,Sarcastic
5161,"This is not to say that every current dictionary includes such a definition... yet... but a number of major on-line ones demonstrably do, and to my knowledge human civilization has yet to suffer any negative effects.   (By the way, the above entries also include the typical ""husband and wife"" kind of arrangement as well. Funny how words can have more than one meaning, isn't it?)",Sarcastic,Sarcastic,Agree,381,65,True,Sarcastic
5162,Old news. There have been accusations of similar stories for years.,Non-Sarcastic,Non-Sarcastic,Agree,67,11,True,Non-Sarcastic
5163,Well that explains your anger.:p I hope you are blessed with homeliness.:) Makes your commitment easier to keep. How old are you now?,Sarcastic,Sarcastic,Agree,133,23,True,Sarcastic
5164,The attacker is usually armed in spite of gun control laws. All they do is disarm the law abiding. Not to mention the lack of enforcement on criminals.,Non-Sarcastic,Non-Sarcastic,Agree,151,28,True,Non-Sarcastic
5165,No. You've not understood what I said. I don't know how to make it perfectly clear to you...the reason the skin color vs. homosexuality analogy is not valid is that one is in 100% of the cases studied a result of uncontrollable genetic inheritance and the other is generally not.,Non-Sarcastic,Non-Sarcastic,Agree,279,50,True,Non-Sarcastic
5166,"And we all know when you say ""We"" you mean your buddies the Mormons and their Money are the ones voting down such bills.. It's just a matter of time before people start to wake up. Once they realize they've been duped by an invisible man they'll do the right thing and give gay people their rights.
",Sarcastic,Sarcastic,Agree,300,57,True,Sarcastic
5167,"Nice try. If America was an Ally to Germany during WWII, to this day you wouldn't forgive US Citizens no matter what excuse they have.",Sarcastic,Sarcastic,Agree,134,25,True,Sarcastic
5168,depends on when the baby bird died.   run along little boy..let the adults debate.,Sarcastic,Sarcastic,Agree,82,14,True,Sarcastic
5169,Hope you have fun carrying your pistol through the post office lobby!,Sarcastic,Sarcastic,Agree,69,12,True,Sarcastic
5170,"It was only last year that an American merchant ship disregarded international policy and armed itself, and in the process deterred a pirate attack from taking place.",Non-Sarcastic,Non-Sarcastic,Agree,166,27,True,Non-Sarcastic
5171,"You still haven't learned what Google is have you Yankee Fan?HowStuffWorks ""Artificial Life""Artificial Life Likely in 3 to 10 Years - Science - redOrbitAnd relying entirely on insults is not a good way of gaining credibility. It didn't work on Livewire, it won't work here. ",Sarcastic,Sarcastic,Agree,274,45,True,Sarcastic
5172,...that is on every single one of his posts? Still going to claim you read other peoples stuff properly?,Sarcastic,Sarcastic,Agree,104,19,True,Sarcastic
5174,Evolution wasn't introduced until 1859. When did abortion become popular? The industrial revolution occurred in the 1800s. Maybe that was the cause of abortion's alleged popularity. Grover Cleveland was elected in the 1800s. Clearly he had something to ,Sarcastic,Sarcastic,Agree,253,38,True,Sarcastic
5175,"you're on the right track; the problem with evolution is that it has no verifiable creator -- the fact is, mutations (which supposedly add new raw material for selection) have never shown to add any new structure or even a new part to any existing structure. It's a sad fact for evos.",Non-Sarcastic,Non-Sarcastic,Agree,284,52,True,Non-Sarcastic
5176,On Faith: Murder is Murder and Abortion is Not - Arthur Waskow,Non-Sarcastic,Non-Sarcastic,Agree,62,12,True,Non-Sarcastic
5178,No I can't marry them becasue some of them are married. Also none have intent to li ve within Mass.,Non-Sarcastic,Non-Sarcastic,Agree,99,20,True,Non-Sarcastic
5181,If the same question had been posed by different polls over time it would be easier to draw trends from the responses..... but good luck with finding some trends in amongst that lot.,Sarcastic,Sarcastic,Agree,182,33,True,Sarcastic
5182,"Wow, make up your mind. Either populations change over time (evolve) or they don't.   Would your wingless beetles be able to produce wings again if they were somehow beneficial again? You are starting to sound like Darwin and his finches.",Sarcastic,Sarcastic,Agree,238,40,True,Sarcastic
5185,"The vast majority of scientists do not believe in Creationism, and all those people you listed who say there are only 2 varients evolution or creationism--they are't anthropological or theological experts. All they know is their westernized view. Their opinions have no reflection on Biology in that sense. THey should stick to Biology. There is only 1 true way--that's evolution. THe other's are wishful thinking, whether they be the primordial flood, the divine parrot, or magic god who made people from dust.",Non-Sarcastic,Non-Sarcastic,Agree,511,82,True,Non-Sarcastic
5186,"I see a subtle distinction here. Creationism is concerned with the spiritual origins of people. ""Evolutionism"" is entirely concerned with explaining the nature and history of the physical world. The conflict of opinion arises out of the importance of the detail- can Genesis be accepted as a parable which contains a fundemental truth or must it be taken as a historical account?",Non-Sarcastic,Non-Sarcastic,Agree,379,62,True,Non-Sarcastic
5187,"If the rejecting of the ""lifestyle"" results in death, beatings, job displacement, eviction, insults or inequality, then what would YOU call it? ""Religious moral code?""",Sarcastic,Sarcastic,Agree,167,25,True,Sarcastic
5189,"Which assumes we(unbelievers) will have traditional Christian Ceremonies, for one I don't ever plan on getting married and I plan to live forever so I see no need to have a funeral.",Non-Sarcastic,Non-Sarcastic,Agree,181,32,True,Non-Sarcastic
5190,"Well then, my skeptic fellow Australians, what is the answer to the question? Do any of you guys here know? I sure as hell don't. Creationists did not misquote Dawkins because the words came from his mouth. And Dawkins is a professional at biology, but he",Non-Sarcastic,Non-Sarcastic,Agree,255,46,True,Non-Sarcastic
5191,"so atop a mountain of ignorance is where we will find religious people? yeah, sounds about right to me.",Sarcastic,Sarcastic,Agree,103,19,True,Sarcastic
5192,"gooey cute as this reads, how is this relevant to the philosophy discourse?",Sarcastic,Sarcastic,Agree,75,13,True,Sarcastic
5194,"Well for one thing religion is specificly mentioned in the constitution, not as 100% protected but in that gov't cannot mandate a religion. Also, religion is not unilateraly protected, as I've stated several times. There are many restrictions put on religion by government and if government can restrict religion then why not which marriages they recognise? That being said I have long been a supporter of limited gov't and believe that gov't has no business endorsing or giving advantages to any marriage. They should be silent on the subject.",Non-Sarcastic,Non-Sarcastic,Agree,544,89,True,Non-Sarcastic
5196,"barrett isn't even selling to kalifornia, much less mexico :) where do you think they are getting them? our own military sales to the mex gov't? we been through the 5.7, maximum effective range 50 meters from their own website. how would you consider them 'superior' and compared to what?",Non-Sarcastic,Non-Sarcastic,Agree,288,50,True,Non-Sarcastic
5198,What's that? Campaigning and use of taxpayer funded facilities like transportation for political purposes? I suppose they paid the cops for going out of their jurisdiction too?,Sarcastic,Sarcastic,Agree,176,27,True,Sarcastic
5199,"speaking of dear, kindly, old moses, (sorry, i mean charlton heston,) and truths, half-truths and downright lies. does anyone know that a few years ago, the australian foreign minister had to lodge a formal protest against the good mr heston's portrayal of australia as (quote) 'the most violent society on earth'. heston and the nra claimed this to be the result of newly introduced gun restrictions in australia?  homicides per million - usa 57 australia 18 which would you say comes close to being the most violent society? leo",Sarcastic,Sarcastic,Agree,530,89,True,Sarcastic
5200,"my dear; sweetie; (and any other ridiculous and intentionally patronizing words you regularly use) i don't support the gop. i think both parties are corrupt. you on the other hand, seem to have sold your soul to the dnc a long time ago.",Sarcastic,Sarcastic,Agree,236,43,True,Sarcastic
5201,"Yet he hasn't. No pro-choice person I know wants abortion to be prevalent, they just want it to be an option. Wanting it safe and rare and available is not an abnormal positon for a pro-choice person.",Non-Sarcastic,Non-Sarcastic,Agree,200,37,True,Non-Sarcastic
5202,"All science is provisional. For absolutes, we look to your interpretation of your bible. That's always absolute and beyond any correction.
",Sarcastic,Sarcastic,Agree,140,21,True,Sarcastic
5203,So now gays don't exist? The anti-marriage side has reached a new low! Denying the existance of a what they are aruging aganist! I didn't think you guys could go that low. I was sadly mistaken. ,Sarcastic,Sarcastic,Agree,194,36,True,Sarcastic
5204,"Well, sort of. It isn't necessary, but if you're predicting intelligence from what someone does rather than direct measurements of physical properties, knowing their motivation level might allow you to make more accurate predictions.   Nevertheless even without knowing the subjects' motivations at all, today's generic intelligence tests still have excellent predictive power for success in both school and employment, and are perhaps better predictors for future success than any other method we have (including interviews, personality inventories, aptitude in a particular field)",Non-Sarcastic,Non-Sarcastic,Agree,582,82,True,Non-Sarcastic
5205,"Could you perhaps define ""teleology"" as you understand it and say why you believe there is teleology in the universe?",Non-Sarcastic,Non-Sarcastic,Agree,117,20,True,Non-Sarcastic
5206,"Ah, you've engaged in the grammarian nitpick function of debate. Sad, but predictable. 
 
 Obviously, I was discussing the entire article, which is making that argument. It is generally bad form to quote an entire post when it reaches such length.",Sarcastic,Sarcastic,Agree,249,40,True,Sarcastic
5207,"Thanks, my friend, as you can see, Jito completely ignored the substance of my argument as it applies to the current american culture, as she responded to how it would apply to her personal life's credo. A more dishonest way of avoiding the meat of my argument couldn't be formed except by a manipulative, insincere and philosophical coward of jitobear's caliber. That's why there's nothing she wrote that's worth responding to. As usual she hasn't actually responded to anything I said. Why must these leftists twist what we say as they ignore the actual substance of it?",Non-Sarcastic,Non-Sarcastic,Agree,572,97,True,Non-Sarcastic
5208,"i think you may be the one whos perverted. suddenly, were talking about gay sex!!!!!",Sarcastic,Sarcastic,Agree,84,15,True,Sarcastic
5209,"Not many women would say they had an abortion now, let alone back when it was illegal.It is an emotionally trying event. I can understand why she wouldn't for that reason alone. Another possibility is that the Administration is buying her silence, or it could be a combination of the two.",Non-Sarcastic,Non-Sarcastic,Agree,288,51,True,Non-Sarcastic
5210,I wouls also add that humans have been able to make CHIHUAHUAs and Irish wolf hounds from wolves.,Non-Sarcastic,Non-Sarcastic,Agree,97,18,True,Non-Sarcastic
5211,"Contradict what? Thank you for acknowledging that I know what I'm talking about. I call it questioning. You call it wrangling because you've no coherent thoughts of your own.
",Sarcastic,Sarcastic,Agree,176,29,True,Sarcastic
5212,"And what does it matter if they're in the army reserve, or a lawyer, a teacher, a doctor?",Non-Sarcastic,Non-Sarcastic,Agree,89,18,True,Non-Sarcastic
5213,Hush Poseidon! Be a good non-existent God and stay away from the burning bush you'll put it out and then your really be in trouble.,Sarcastic,Sarcastic,Agree,131,25,True,Sarcastic
5214,"what are you talking about?!?! the constitution was written in the late 1700's we have to go by thier meaning not a modern interpretation, this is most silly. as for your quote on adams i do not see how that even remotley applies to this discussion... care to expound?",Non-Sarcastic,Non-Sarcastic,Agree,268,49,True,Non-Sarcastic
5217,"Thanks: your contributions to this thread throw more light on the subject thananybody else's. However, not sure that believers in any religion in whichsupernatural agencies are worshipped would be happy with the inclusion of""God"" among the set of human beings - unless Jesus Christ was both a man and God which I think is a Christian doctrine.I suppose I started out reading this particular thread expecting to discovera non-circular logical argument that would ""prove"" the existence of a God -and found nothing of the kind. I now think my questions on the matter have been rather stupid and naive.",Non-Sarcastic,Non-Sarcastic,Agree,598,99,True,Non-Sarcastic
5218,"And this equates to starvation how? Only in the Kitty Genovese case does that equate. On the other hand if you went to Somalia you might find starvation if they had death certificates. 
By the way your figures come from the census and guess work baby.",Sarcastic,Sarcastic,Agree,252,46,True,Sarcastic
5219,i sincerely hope you're joking and not just an idiot for saying that i'm wrong for agreeing with myself.,Sarcastic,Sarcastic,Agree,104,19,True,Sarcastic
5220,"Yes, but our cells, are functional. It's cells are not yet functional beyond dividing.",Non-Sarcastic,Non-Sarcastic,Agree,86,14,True,Non-Sarcastic
5221,"have you been to one? our local catholic schools only require that you take a single religously oriented class and that you attend church twice a week, though they waive the churc requirement witha notef rom your parents. they will even waive the religous class requirement if asked. if you go to a public univerrsity, you are likely to be requred tot ake a comparative religon class, or a sociaology class which includes religous beliefs.",Non-Sarcastic,Non-Sarcastic,Agree,439,75,True,Non-Sarcastic
5222,"Ah yes, the ever popular 3rd grade ""they started it"" response. Didn't jesus say to turn the other cheek?",Sarcastic,Sarcastic,Agree,104,19,True,Sarcastic
5223,"Notice the double-standard here? The homosexual lobby accuses us of harassment, yet they are willing to provide names and addresses of people who oppose their agenda. I can't wait to see the backlash from this one.",Sarcastic,Sarcastic,Agree,214,36,True,Sarcastic
5225,"Well to get healthcare from $6000 per person to $3,400 per person you'd have to pay them less or fire them. So do I understand you correctly that we will either cut pay or fire doctors and nurses?EDIT: that seems dramatic...not ""fire"" them but they will basically go into another profession since they are no longer needed.",Non-Sarcastic,Non-Sarcastic,Agree,323,57,True,Non-Sarcastic
5226,So Lewontin is the person who determines the opinion of the general public or something?,Sarcastic,Sarcastic,Agree,88,15,True,Sarcastic
5227,"Or maybe it was his reaction to the outcome of Heller vs. DC, which resulted in the lowest number of homicides since 1966. The facts aren't on your side, Brady.   This is probably the only thing Obama ever did politically that I agree with.",Non-Sarcastic,Non-Sarcastic,Agree,240,44,True,Non-Sarcastic
5228,"Don't take it personal EZ, Mental illness is a disease, not something you can do anything about....",Non-Sarcastic,Non-Sarcastic,Agree,99,17,True,Non-Sarcastic
5229,The leftie trolls are acting to character. The cant refute the content so they attack the source..yawn,Sarcastic,Sarcastic,Agree,102,17,True,Sarcastic
5231,"Every relationship does entail moral obligations in one way or another, but the argument is that there is no relationship that morally obligates one to share ones body. They are trying to generalize 'moral obligations' as if that justifies anything. There are things that cannot be morally obligated, no matter the relationship, so the argument tries to prove.",Non-Sarcastic,Non-Sarcastic,Agree,360,58,True,Non-Sarcastic
5232,You're somehow right despite the fact that all reliable evidence is on our side? What idiocy.,Sarcastic,Sarcastic,Agree,93,16,True,Sarcastic
5233,"so, terral03, you just supposed i am an athiest? in fact i'm a white witch, if you must know. these are better than black witches (because they are white, and therefore superior). we have come to this realm to feed on the flesh of the innocent (and to point out contradiction in the bible.)  emoticonxclown",Sarcastic,Sarcastic,Agree,306,55,True,Sarcastic
5238,"
well there is an educated answer :) thanks for the feedback",Sarcastic,Sarcastic,Agree,61,11,True,Sarcastic
5239,"That's deep.Movement is not matter, I will use that the next time I decide to babble.Are the particles no longer matter when there moving ?Your funny.",Sarcastic,Sarcastic,Agree,150,26,True,Sarcastic
5240,"You need to visit some other websites; i.e. get yourself out and around in the real internet world some more.   Shake the cobwebs off your bold.   There are, for example, presently thousands of posts at the New York Times, in only the last day or two, from single payer and public option supporters.   Go scream your bold there Big Shot. You and your other handles that comprise this entire forum of one man who probably also needs to see a doctor for a strong psychiatric prescription.",Sarcastic,Sarcastic,Agree,486,86,True,Sarcastic
5242,oh do go on. i am so impressed by your 'intellectuall' argument. pfft.,Sarcastic,Sarcastic,Agree,70,13,True,Sarcastic
5244,i am very surprised to learn that you make vows before god and hold them sacred.,Sarcastic,Sarcastic,Agree,80,16,True,Sarcastic
5248,"And you're quite naive if you think that emotional examples mean anything against the facts. The so-called ""Partial Birth"" Abortion is quite rare and usually only performed to save the mother's life, but now they're going to have to let the mother die because Dubya has banned this now thus the first step to going back to the ""good old days"" when women were nothing more than property. You're the sick one.   Also, with your resorting to such tactics shows that you are losing.   BTW, isn't putting ""Your god"" under your name somewhat sacrilegious by putting yourself above your god? I guess that I'll be seeing you in Hell.",Non-Sarcastic,Non-Sarcastic,Agree,625,109,True,Non-Sarcastic
5249,"""military pattern, free-standing pistol grip:Perhaps this is what makes a regular firearm a super duper high-powered assault weapon.It could happen you know, trick up that .22lr into a .50 cal. sniper rifle.hahahahahahahahahaha.",Sarcastic,Sarcastic,Agree,228,32,True,Sarcastic
5250,"So Gup20 wants to play word games. (Sigh) This is usually a sign that he or she has run out of logical arguments. Anyway, this topic is in another thread. I won't discuss it here.",Sarcastic,Sarcastic,Agree,179,35,True,Sarcastic
5252,"I think it's true. Why would someone make that up and pass it off as a real event?   I think the continents probably started separating some time after that, which is how God separated the people.",Non-Sarcastic,Non-Sarcastic,Agree,196,36,True,Non-Sarcastic
5253,"Same thing happened in Rwanda. First they put the names of all Tutsis on lists. Then, the Hutu came around with machettes and took them off of the lists....permanently.",Non-Sarcastic,Non-Sarcastic,Agree,168,29,True,Non-Sarcastic
5254,"then why do you respond? the ignore function works quite well. 'if thine eye offend thee, pluck it out.' violence on screen or in real life is pornographic!",Non-Sarcastic,Non-Sarcastic,Agree,156,28,True,Non-Sarcastic
5255,"Hughe betcha, and I bet you could explain that too after your jaw heals from the trip to the bank? emoticonXBouncer",Sarcastic,Sarcastic,Agree,115,21,True,Sarcastic
5257,"Yeah, you are always running away from me like a scared child.",Sarcastic,Sarcastic,Agree,62,12,True,Sarcastic
5260,"They used to keel over regularly before modern medicine and my wife has been on medication for a thyroid condition ever since she delivered.""During the seventeenth and eighteenth centuries, between 1 percent and 1.5 percent of all births ended in the mother's death as a result of exhaustion, dehydration, infection, hemorrhage, or convulsions. Since the typical mother gave birth to between five and eight children, her lifetime chances of dying in childbirth ran as high as 1 in 8. This meant that if a woman had eight female friends, it was likely that one might die in childbirth.""",Non-Sarcastic,Non-Sarcastic,Agree,585,98,True,Non-Sarcastic
5261,"Well, if I could do that, I certaintly wouldn't be spending my time here. 
emoticonXAgree emoticonXGood",Sarcastic,Sarcastic,Agree,104,16,True,Sarcastic
5262,"my dear zephyr, when engaging with a probable troll don't let them excite your ire too much. unless you enjoy having your ire raised of course. they're not worth it on their own. ;)",Non-Sarcastic,Non-Sarcastic,Agree,181,34,True,Non-Sarcastic
5263,His point was criticism of people managing the numbers of their population with abortion. It also addresses the intentional overpopulation for the purpose of overwhelming declining populations.,Non-Sarcastic,Non-Sarcastic,Agree,193,27,True,Non-Sarcastic
5264,It's one thing that stands between us and a mindless theocracy. It protects the freedom of women from would-be ayatollahs who would make them sexual slaves.,Non-Sarcastic,Non-Sarcastic,Agree,156,26,True,Non-Sarcastic
5265,"So,are you saying that all anti-gunners are fearless???If so,,I must laugh.",Sarcastic,Sarcastic,Agree,75,11,True,Sarcastic
5266,"As an old science fiction buff, there's always the fertilizer solution. That would also reduce oil dependency.",Non-Sarcastic,Non-Sarcastic,Agree,110,17,True,Non-Sarcastic
5267,"Ever think about trying to swallow some of it? might be an eye opener,unless you are afraid you might gag.emoticonXRolleyes",Sarcastic,Sarcastic,Agree,123,20,True,Sarcastic
5270,Primarily from your side of the aisle in all arguments. You really described yourself a T.,Sarcastic,Sarcastic,Agree,90,16,True,Sarcastic
5271,When is science going to get started on the book of Exodus? Job? Proverbs?,Sarcastic,Sarcastic,Agree,74,14,True,Sarcastic
5272,"Well, if you breed them, you could get taller monkeys with less hair (and other humanlike characteristics). Even so, it would take a long time.",Non-Sarcastic,Non-Sarcastic,Agree,143,25,True,Non-Sarcastic
5273,"No, there isn't a consensus among Christians, at least not beyond the fact that God was responsible in one way or another for the universe existing. There is no consensus about method.",Non-Sarcastic,Non-Sarcastic,Agree,184,32,True,Non-Sarcastic
5274,And you remind me of the people in the year 1900 who said man would never be able to build a flying machine.,Non-Sarcastic,Non-Sarcastic,Agree,108,23,True,Non-Sarcastic
5275,Tell ya what; I got this Rolex I'm wiling to sell ya for $50.00. Give me the money and wait here. I'll be right back!,Sarcastic,Sarcastic,Agree,117,25,True,Sarcastic
5281,"You are missing the point. Evolutionists say that certain animals in a population are GENETICALLY superior than others....and these genetic superiors are more successful breeders. Do you understand this concept? So when you say that more humans are born than reproduce, that's not particularly important because I submit those who go on to reproduce do so mostly because of choice or circumstance -- not because of their GENES. How can you possibly refute this?",Non-Sarcastic,Non-Sarcastic,Agree,461,74,True,Non-Sarcastic
5286,"Everything basically.   You're held captive by hostile natives that have set up barricades and checkpoints around the property you live on. They decide when you get to come in and go out, and the police have decided to abandon you rather than come to your aid. And Canada has laws that make defense with a firearm either impractical or out right illegal depending on just where you life.",Non-Sarcastic,Non-Sarcastic,Agree,387,68,True,Non-Sarcastic
5287,"By sending a tribute to ME, of course. Large and small denominations will be greatly appreciated. emoticonXGood",Sarcastic,Sarcastic,Agree,111,17,True,Sarcastic
5289,"what is the big deal here? so eharmony doesn't cater to gays. (there are also gay-only services out there that don't cater to straights.) if anyone doesn't like the service, they don't have to use it.",Non-Sarcastic,Non-Sarcastic,Agree,200,36,True,Non-Sarcastic
5290,"depends on what you consider proof. A beliief that they are is rubbish as it cannot be proven. A argument based upon behavior, history and countless examples, well it seems you don't consider that you be of any use.That sentence doesn't even make sense! I won't go into arguing that your claim is right because I don't believe it.",Non-Sarcastic,Non-Sarcastic,Agree,330,59,True,Non-Sarcastic
5291,"i had expected better, so i'm mildly surprised to see this poster limbo gaily beneath the unspeakable basement standard set by his comrades in arms. emoticonxconfused",Sarcastic,Sarcastic,Agree,166,26,True,Sarcastic
5292,i'm surprised he hasn't made a shameless plug for his bible: mein kampf. :p,Sarcastic,Sarcastic,Agree,75,14,True,Sarcastic
5293,"wow, i am surprised you didn't say 'kill the retards.'",Sarcastic,Sarcastic,Agree,54,10,True,Sarcastic
5294,"lol, i love how everyone seems to feel the need to out-wit rk even after over 50 days xd",Sarcastic,Sarcastic,Agree,88,19,True,Sarcastic
5297,"are you telling me that my pubes are sentient? i agree, however i am no constitutional expert.",Sarcastic,Sarcastic,Agree,94,17,True,Sarcastic
5299,"Well, that's at least one helluva way to say good bye.",Sarcastic,Sarcastic,Agree,54,11,True,Sarcastic
5300,"I never suggested that they shouldn't be. The punishment should equal the crime.
And your welcome.",Non-Sarcastic,Non-Sarcastic,Agree,99,16,True,Non-Sarcastic
5302,"Because the correct alternative to the best naturalistic explanation scientists have come up with so far may well be an even better naturalistic explanation, not divine intervention.",Non-Sarcastic,Non-Sarcastic,Agree,182,27,True,Non-Sarcastic
5303,"i can understand the gay couple adoption, but how does that fit with an unmarried man/woman situation? i'm not trying to give you a hard time. i'm only trying to understand the legal aspect of the relationships between you, your son and his new father.emoticonxconfused  again, congratulations. i've always believed that a father and mother were the best environment for a child to grow up with. emoticonxgood",Non-Sarcastic,Non-Sarcastic,Agree,409,67,True,Non-Sarcastic
5304,"You know, its those happy-smiley cartoons that really freak me out. Is this just me or does anyone else find them creepy?",Non-Sarcastic,Non-Sarcastic,Agree,121,22,True,Non-Sarcastic
5305,"NEWS FLASH
Being Catholic and following Christ's teachings are not one in the same. 
",Non-Sarcastic,Non-Sarcastic,Agree,87,14,True,Non-Sarcastic
5306,"Oh, probably about as many as there are killed by bayonet lugs, pistol grips, heat shields, detachable magazines, and folding stocks.",Sarcastic,Sarcastic,Agree,133,21,True,Sarcastic
5307,"And for those who are not deadbeats? Would you grant them any ""rights?""",Sarcastic,Sarcastic,Agree,71,13,True,Sarcastic
5308,"That's a bad term. I wouldn't call myself that, but I do know more then average person.",Non-Sarcastic,Non-Sarcastic,Agree,87,17,True,Non-Sarcastic
5309,"Liberals are squawking about more funding for atheist groups? Homosexuals don't deserve equality? Liberals are pro-terrorism?Goodness, even your backtracking just digs the hole deeper. Just can't help it, can you?",Sarcastic,Sarcastic,Agree,213,30,True,Sarcastic
5310,"We have a terrorist supporter among us, objecting to restrictions on terrorists! Why do you hate America?",Sarcastic,Sarcastic,Agree,105,17,True,Sarcastic
5311,"or maybe he's the second coming and god will get pissed and destroy the earth when he's defeated! dear lord, it all makes sense now.",Sarcastic,Sarcastic,Agree,132,25,True,Sarcastic
5314,"i'm nothing if not a thoughtful atheist, but it's not skepticism that drove me from religion, but revulsion, and i absolutely refuse to let fear, the lowest of emotions and religions favorite trump card, to have any sway over my life when it comes to determining my religious beliefs. fear of judgement day is just one more trick religion has to get us to submit, and while i'm not surprised it worked to control illiterate savages and barbarians thousands of years past, i'm astounded so many people in this day an age allow themselves to fall prey to pascals wager.",Non-Sarcastic,Non-Sarcastic,Agree,567,100,True,Non-Sarcastic
5315,"Liberals are squawking about more funding for atheist groups? Homosexuals don't deserve equality? Liberals are pro-terrorism?
Goodness, even your backtracking just digs the hole deeper. Just can't help it, can you?",Sarcastic,Sarcastic,Agree,215,31,True,Sarcastic
5317,"but, as has been pointed out, your supplied definition of agnostic was incomplete. agreed. on what basis do you think that dictionary writers do come up with definitions? no - you chose part of a definition. i chose to add to it with other cited definitions and this led to our disagreement. in your opinion, i am not an atheist. but your opinion disagrees with a complete definition of the term 'atheist'.",Non-Sarcastic,Non-Sarcastic,Agree,406,72,True,Non-Sarcastic
5319,"Well, it does take some scientific knowledge to understand the evidence for evolution. One doesn't expect Creationists to possess it.",Sarcastic,Sarcastic,Agree,133,20,True,Sarcastic
5320,Cant your religion survive a little mockery?On the other hand I can understand why your worried your religion being so ridiculous and all.,Sarcastic,Sarcastic,Agree,138,23,True,Sarcastic
5322,"how very odd that you seem able to perceive this need, while being incapable of satisfying it. one might almost suspect that there is, in fact, no substance to back up your bald statements of denial, and that you are simply seeking to disengage from the debate whilst losing as little face as possible. tell me: how's that panning out for you? dreadfully sorry; missed you asking about this before. 'original post' (sometimes 'original poster' in context): the post or poster who began the thread. i thought the abbreviation was in common use; sorry!",Sarcastic,Sarcastic,Agree,550,94,True,Sarcastic
5323,"Of course there is a point, you know as well as daewoo that the bot stuff is utter bull. but feel free to make a spectacle of yourself.
So why don't you now support your assertion out by my co-signer status?",Sarcastic,Sarcastic,Agree,208,41,True,Sarcastic
5324,It's not just cars and catalytic converters have greatly decreased emissions.,Non-Sarcastic,Non-Sarcastic,Agree,77,11,True,Non-Sarcastic
5326,"that is not much of an excuse to ignore 13 pages of archives from cbs is it? cbs news investigates - cbs news there are reports from every major newspaper that reported on the scandal...which all did, some more than others. poor excuse wanna try again? emoticonxgood something tells me you don't want brightbart and fox news, nor the l.a. times nor any source to report the truth, is that about it star gazer?",Sarcastic,Sarcastic,Agree,409,74,True,Sarcastic
5327,You want to explain to me what the age of consent was in 1st century Palestine?And rejoicing really sounds like fear and intimidation to me. emoticonXRolleyes,Sarcastic,Sarcastic,Agree,158,26,True,Sarcastic
5329,"Did I say that? No.   I blame a society of judgemental, unintelligent people. Nothing to do with how you view abortion or reproductive rights.",Non-Sarcastic,Non-Sarcastic,Agree,142,24,True,Non-Sarcastic
5332,"Pregnancy isn't expensive at all unless you're conned into thinking it has to be. If it were, poor people couldn't have the kids they do. Medical costs can be paid for by others. It's the luxuries many yuppy types seem to think they need that makes the after effects costly. In most cases of putting a pregnancy up for adoption, there is NO cost incurred to the mother.",Non-Sarcastic,Non-Sarcastic,Agree,369,68,True,Non-Sarcastic
5333,"Interesting, but it appears to ignore the fact that there is pre-existing variation (just look at the pictures). Emphasizing mutations is ok, but relying solely on them will probably skew results.",Non-Sarcastic,Non-Sarcastic,Agree,196,31,True,Non-Sarcastic
5334,So you're claiming the beardy bloke nailed to a couple of bits of 2X4 didn't actually exist?emoticonXRolleyes,Sarcastic,Sarcastic,Agree,109,17,True,Sarcastic
5335,"Don't you ever get tired of acting like a little kid?
Heaven forbid anyone who actually know what you think but you can bet it is another juvenile...",Sarcastic,Sarcastic,Agree,150,28,True,Sarcastic
5336,"is it that this has already been discussed a lot elsewhere? if that's the case, let me know. otherwise, i'm very surprised people aren't talking about this. simone? anyone?",Non-Sarcastic,Non-Sarcastic,Agree,172,29,True,Non-Sarcastic
5337,"That should be, ""duh"".   I knew what you meant. A bit of humor is ok.   But I guess you don't have anything to say about the implications of this study.",Non-Sarcastic,Non-Sarcastic,Agree,152,30,True,Non-Sarcastic
5338,"Really? Wow, I didn't know that books with their edjumacational benefits...",Sarcastic,Sarcastic,Agree,75,11,True,Sarcastic
5339,"Ever heard of ""Western Civilization""?
Maybe you think it applies when Tombstone got itself a hotel?",Sarcastic,Sarcastic,Agree,100,16,True,Sarcastic
5340,"I can hear all the scores of laughter now. emoticonXRolleyes emoticonXRolleyes emoticonXRolleyes 
But alas, this is pointless, as are you. I'm bored and done. 
ciao",Sarcastic,Sarcastic,Agree,166,25,True,Sarcastic
5342,Right. Catholics say prayers to a woman that they hate. Next!,Sarcastic,Sarcastic,Agree,61,11,True,Sarcastic
5343,"Hmmm, well then, God must be unrighteous since we ""evil atheists"" - and tons of other evil people - have not been eliminated. What happened to righteousness NECESSITATING the elimination of evil by killing humans??? Well???I guess that in addition to being unethical and easily manipulated, your God is also terribly inconsistent.",Sarcastic,Sarcastic,Agree,330,52,True,Sarcastic
5344,"See my post above, Hi. marc ignores fundamentals of Miller's beliefs that he clearly spells out in trying to push his anti-Miller argument.",Non-Sarcastic,Non-Sarcastic,Agree,139,23,True,Non-Sarcastic
5345,"I know what your ""point"" was.I also know what you ACTUALLY ASKED originally.You asked: ""Hey hypocrite, have you asked yourself how many millions of dollars every single pro-gay church spends each year promoting homosexual causes, including gay marriage and lobbying federal and State Governments directly in support of homosexual causes?I think we're still waiting on an answer...",Sarcastic,Sarcastic,Agree,380,57,True,Sarcastic
5346,"Reading Difficulties, huh?  There's a cure for that. It's called school. Perhaps you should go there.....",Sarcastic,Sarcastic,Agree,105,16,True,Sarcastic
5347,"What possible concern is any of that to you? 
 Some actually search for knowledge through debate. This is a debate forum if you recall. Don't play if you're not so inclined but to post warnings not to fall in this trap, c'mon.",Non-Sarcastic,Non-Sarcastic,Agree,227,42,True,Non-Sarcastic
5348,"Spoken like a righteous Christian who knows just enough of his religion that he feels confident he is right when trying to explain it which is typically done incorrectly
",Sarcastic,Sarcastic,Agree,171,29,True,Sarcastic
5349,"Thanks Duo.peddler, how about you actually address the points I put to you originally?""Off course, you might be trying to infer that because there are differences of opinion in the field of evolution makes the whole notion irrelevant. I disagree, but if you insist we will examine differences in opinion between different groups within, lets see......... how about Christianity? Do they make the whole religion completely rejectable?""Cheers :)",Non-Sarcastic,Non-Sarcastic,Agree,443,68,True,Non-Sarcastic
5351,tennis? you're joking right? it's already been proven that women can take on a man anytime in that game! others not so much but tennis most definately!,Non-Sarcastic,Non-Sarcastic,Agree,151,27,True,Non-Sarcastic
5352,oh yeah i said that because what he said was a sweeping statement and i was just pointing out what he posted is not always the case.,Non-Sarcastic,Non-Sarcastic,Agree,132,27,True,Non-Sarcastic
5353,"ever read job chapter 1 (etc.) in the tanakh? your boy satan is right there and that's over 1,000 years before christianity. christ is the only way to salvation (john 14:6, acts 4:12, etc.).",Non-Sarcastic,Non-Sarcastic,Agree,190,34,True,Non-Sarcastic
5354,"Gay Blog - QueerSighted
 
 This is long overdue.
 Marginalizing gay couples by failing to acknowledge our existence is ending.",Non-Sarcastic,Non-Sarcastic,Agree,129,19,True,Non-Sarcastic
5355,And so does the Catholic Church.........They accept the homosexual but still condemn the homosexual act as they would any other sin.......,Non-Sarcastic,Non-Sarcastic,Agree,138,21,True,Non-Sarcastic
5356,"so, global warming no, but weather control devices, yes? perhaps too many people are playing red alert these days...",Sarcastic,Sarcastic,Agree,116,19,True,Sarcastic
5357,i love how viruses (viri?) and prions make us redefine our notions of life.,Non-Sarcastic,Non-Sarcastic,Agree,75,14,True,Non-Sarcastic
5358,"Actually, I've heard it all before and it is wrong. The article is full of misinformation and misrepresentation. It is, as you say, slanted rather than an honest report of the data.",Non-Sarcastic,Non-Sarcastic,Agree,181,32,True,Non-Sarcastic
5359,"Don't worry, think everyone knows that your side doesn't have the sole monopoly on crazy.
",Sarcastic,Sarcastic,Agree,91,15,True,Sarcastic
5361,"'are we being literal or figurative here?' dear awen , its however you like to see it.  ps, thankyou for asking. again , have a good day :)",Non-Sarcastic,Non-Sarcastic,Agree,139,28,True,Non-Sarcastic
5362,"Take the high road Ethmi, prove him wrong with the legislation itself. Bill number, name, text of the legislation, a link, etc. anything to prove it's there and that he's wrong.",Non-Sarcastic,Non-Sarcastic,Agree,177,31,True,Non-Sarcastic
5363,"What?! Then how do we discount the Gospel of Thomas or any of the gnostic gospels? How are they wrong and the canonical gospels true? If historians held the ""it does not matter what the document contains"" standard, there'd be no knowing anything.",Non-Sarcastic,Non-Sarcastic,Agree,246,43,True,Non-Sarcastic
5364,"But being American, she knew killing Iraqi children would be the right thing to do FOR TOTAL VICTORY FOR AMERIKA!!1!!",Sarcastic,Sarcastic,Agree,117,20,True,Sarcastic
5365,"So is the article about this poll, or who darwinism has been combined with genetics rather than blending heritance and suchlike?   Be intersting to see how those numbers split up over age range, whether the 45% is pretty much nerely exculsive to older generations or whether they are spread over all of them",Non-Sarcastic,Non-Sarcastic,Agree,307,53,True,Non-Sarcastic
5366,"Why would that even be expected? When you consider that it is important to maintain some sort of consistency in study populations, obvious mutants are excluded from the breeding stock. And yet, there are frequent observed mutations. In fact, my elder son once observed two mutations in a single fly in one of his populations. One fly had no wings and white eyes.",Non-Sarcastic,Non-Sarcastic,Agree,362,63,True,Non-Sarcastic
5367,"I was under the impression that he was referencing the video...since he always interchanges the words embryo and fetus I just rolled with it.   Secondly, an embryo does have instructions for a brain...while a plant does not. I guess the answer hear depends on the ever evolving definition of ""mental existence"".",Non-Sarcastic,Non-Sarcastic,Agree,311,51,True,Non-Sarcastic
5368,Because there are people who are trying to deny the theory of evolution it's place as a vital part of public school's biology curriculum.,Non-Sarcastic,Non-Sarcastic,Agree,137,24,True,Non-Sarcastic
5369,"Thank God. I too hope it doesn't keep going back and forth. While I live across the river in Parkville, Missouri, I used to live in Overland Park Kansas and went to school there. I think they are generally pretty good public schools, it's just the state school board that keeps effing everything up when they get some christonazis on board.",Non-Sarcastic,Non-Sarcastic,Agree,340,61,True,Non-Sarcastic
5372,You want a society that oppresses people. If the law effects even one person adversly then it is unjust and needs to be overturned. IT only goes to prove that conservatives are heartless and want people to suffer.,Non-Sarcastic,Non-Sarcastic,Agree,213,38,True,Non-Sarcastic
5373,"Dealt with. Wolves and dogs share a genus, not a species. Along with coyotes and jackels. See above for lots of transitionals, also.",Non-Sarcastic,Non-Sarcastic,Agree,132,23,True,Non-Sarcastic
5374,"So...all Christians have some sort of brain damage, trebor? You're not getting any better at this are you?",Sarcastic,Sarcastic,Agree,106,18,True,Sarcastic
5375,"1. in ww2 it was already settled that uniform personal were subject to decent treatment. and that's how it has always been. unfortunately, terrorists are not uniformed and do not abide by these rules. if we try and fight them using geneva rules, it's basically like sticking a stake into our heart. soldiers are discharged for firing a gun into the ground in order to intimate a captured enemy combatant. ah, good ol' international law. no one remembers what war is, i guess. 2. you didn't know that terrorists kill innocent women and children? damn.",Sarcastic,Sarcastic,Agree,550,95,True,Sarcastic
5376,Well at least you can't have a drive by swording. You can run from a sword. They are pretty tough to conceal in a bank robbery.,Sarcastic,Sarcastic,Agree,127,26,True,Sarcastic
5377,did you read the artical? to show our children that they are no different then any other.,Non-Sarcastic,Non-Sarcastic,Agree,89,17,True,Non-Sarcastic
5378,"Different version here too. ""No one born of a forbidden marriage nor any of his descendants may enter the assembly of the LORD , even down to the tenth generation."" Forbidden: not permitted or allowed",Non-Sarcastic,Non-Sarcastic,Agree,200,35,True,Non-Sarcastic
5380,"Talk about incoherent wishful thinking. Instead of unsubstantiated claims and baseless attacks, why don't you provide, oh, I don't know, mybe some peer-reviewed EVIDENCE? You know, that little old thing that is required for anyone to take your wild claims even remotely seriously?",Sarcastic,Sarcastic,Agree,280,43,True,Sarcastic
5381,"Make love not war man. I would just give him a smooch and buy him a drink.
emoticonXHoho",Sarcastic,Sarcastic,Agree,89,18,True,Sarcastic
5382,"Oh, undoubtedly - but the offspring aren't inheriting traits as such are they? They're just suffering the same symptoms of malnutrition as their parents, except that for them it's happening in vitro so they exhibit the effects from birth. That's why it's ",Non-Sarcastic,Non-Sarcastic,Agree,255,42,True,Non-Sarcastic
5383,"And that's the rub: it never has (apart from when it has of course, with the various versions that exist). You choose to put faith in the writings of a primitive bronze age society. I prefer to trust a textbook that is regularly updated to reflect our latest findings; our most up to date and accurate knowledge of the world.",Non-Sarcastic,Non-Sarcastic,Agree,325,60,True,Non-Sarcastic
5384,A load of unowhat repeated for many years now. Junk science commissioned to get results that were desired. Check out lung cancer rates for Rastafarians. Nothing abnormally high. Gateway my arse.,Sarcastic,Sarcastic,Agree,194,31,True,Sarcastic
5385,"i love how bitm can start all these new threads that ironically, say the same thing over and over, yet somehow when pressed to backup his own policy positions he continually flees the threads. we're still waiting on you bitm...",Sarcastic,Sarcastic,Agree,227,40,True,Sarcastic
5386,how can i possibly address that specific quote when god contradicts that very statement in so many ways?  it virtually renders the passage null.,Non-Sarcastic,Non-Sarcastic,Agree,144,24,True,Non-Sarcastic
5388,"""refuted?""   O'rly?   First they start off defining evolution as ""moleclues to man"" despite what evolution actually states. That further proves my point about strawman. They don't discuss what evolution actually is. Furthermore, the whole notion that increasing capacity and adaption is not increasing complexity is insane. If I take a simple structure, modify it to form something more complex, is that not a change in complexity? The whole idea that modifying DNA, changing it, removing and adding isn't actually changing anything is retarded.   And they are separating macro from micro. That's an invalid argument given that macro is nothing more then the aggregate of micro. A billion tiny changes makes a few large ones.   The second idiotic article cites Natural genetic engineering. Despite there being absolutely no evidence of this occuring anywhere.",Sarcastic,Sarcastic,Agree,859,132,True,Sarcastic
5389,And you believe that to be what? You really need to just say who/what you think the Creator is to save us from having to make all these clarification posts.,Non-Sarcastic,Non-Sarcastic,Agree,156,30,True,Non-Sarcastic
5391,"So please tell me who would be the actual criminals if the Government violated the Supreme Law of the Land and made all guns illegal?But I do thank you for proving that there are people out there who want them all, despite The Bill of Rights says and what the Supreme Court proved was the correct meaning!",Sarcastic,Sarcastic,Agree,305,57,True,Sarcastic
5392,"Ah! So wellspoken for an addle-pated twiddle poop! I congratulate you!
And a total lie! Who the Hades wants 13-year-old children to be sexually active? No responsible, thinking person could wish such a thing. You malign Planned Parenthood.
You have ceased to be a credible commentator on this issue.",Sarcastic,Sarcastic,Agree,301,49,True,Sarcastic
5393,since when has religion been pragmatic or based upon systems that works?Obvious answer: never.,Sarcastic,Sarcastic,Agree,94,14,True,Sarcastic
5394,"Well, I wasn't an fortunate as you. It took me a few years to see through the fairy tale of evolution and see that God was the only true creator. However, that is a whole 'nother topic.",Non-Sarcastic,Non-Sarcastic,Agree,185,37,True,Non-Sarcastic
5395,"hun dont let no ones opinions bother you. no one matters but you, because your living your life and its your body. i personally think everyone shold hold off till 16 but im not going to insult you because thats just plain retarded. what gives you people the right to insult someone for asking a question? im not talking about freedom of speech im talking about being a nice person. nobody has manners anymore, i swear.",Non-Sarcastic,Non-Sarcastic,Agree,418,76,True,Non-Sarcastic
5396,"If you can't prove or deal in absolutes, then the basis of your argument, the ""absolute"" nature of logic, just became pretty shaky.",Non-Sarcastic,Non-Sarcastic,Agree,131,23,True,Non-Sarcastic
5397,"Yes, mulitculturalism is wonderful. You know what else is wonderful? Fact checking:Archie swallows own foot againIt was the second link when I googled his name. At least try to not look like a jackass every time you post.",Sarcastic,Sarcastic,Agree,221,38,True,Sarcastic
5398,"Thomas favored incorporation through priviledges and immunities, correct?  That likely makes the most sense but the Court probably feared how far that could go, since the logical conclusion is the abolition of individual State law. Not that the ""substan",Non-Sarcastic,Non-Sarcastic,Agree,253,39,True,Non-Sarcastic
5399,I can. Americans won the Revolutionary War which was primarily a guerilla war. emoticon_xgood,Non-Sarcastic,Non-Sarcastic,Agree,93,14,True,Non-Sarcastic
5400,"Actually, Biden isn't a Democrat I would have chosen. But then, I'm not standing for election. What I do know is he isn't the raving homophobe the Republicans prefer as candidates.",Non-Sarcastic,Non-Sarcastic,Agree,180,31,True,Non-Sarcastic
5401,"Well stated. Whatever the reason, the new culture of ridicule IS there. When you see the in person comments of Dawkins, Provine, Myers, you'll know where posters here get it from.   I hope you'll watch the movie, and post up what you think.",Non-Sarcastic,Non-Sarcastic,Agree,240,43,True,Non-Sarcastic
5402,Does it function better on tobacco? Alcohol? Caffine? How about hundereds and hundereds of different pills?,Sarcastic,Sarcastic,Agree,107,16,True,Sarcastic
5403,wow. wouldn't i have banned you from this debate then. and wtf? what are you doing outside of the kitchen??,Sarcastic,Sarcastic,Agree,107,20,True,Sarcastic
5404,"rrriiigggghhhtttt.... do you really think your opposition to ending medicare / medicaid would just come from the recipients? no. it's like kids being afraid of getting their haircut. it's much adieu over nothing. and then when the haircut is done, they realize it's not as bad as they made it out to be... and they eventually recognize the need for the haircut...",Sarcastic,Sarcastic,Agree,363,62,True,Sarcastic
5406,and that makes it so? i've got this nice little 4-lane bridge over the trinity river that i can let you have cheap. dono,Sarcastic,Sarcastic,Agree,120,24,True,Sarcastic
5407,"The constitution only applies to people, not cute furry little animals. That discussion was not realistic.",Non-Sarcastic,Non-Sarcastic,Agree,106,16,True,Non-Sarcastic
5408,"because i haven't seen evidence to convince me otherwise. what have you said that i've 'distorted?' you keep accusing me of putting words in my mouth, but you're reluctant to specify. why should i assume that such people do exist? the burden of proof is yours.",Non-Sarcastic,Non-Sarcastic,Agree,260,46,True,Non-Sarcastic
5411,This is a free market of ideas. The good ones survive. The bad one die like dinosaurs.,Non-Sarcastic,Non-Sarcastic,Agree,86,17,True,Non-Sarcastic
5414,"I think you need to look up euthanasia, and not only for the correct grammar. Those examples are not euthanasia. Abortion is not the same thing as euthanasia.   Why don't you just say what is on your mind, rather than setting these ham-handed traps you hope someone will fall into? It is clear what your opinion is. If you have something to say, by all means express yourself.",Non-Sarcastic,Non-Sarcastic,Agree,376,68,True,Non-Sarcastic
5416,"if someone chopped off your best friends head right in front of you, would they be deserving of the death penalty?",Non-Sarcastic,Non-Sarcastic,Agree,114,21,True,Non-Sarcastic
5417,Aww... The poor widdle babies. The evil gun just jumped into their hands and turned them into mindless killing machines.,Sarcastic,Sarcastic,Agree,120,20,True,Sarcastic
5418,"as a side-note, i find it curious that the author of this debate proposes to test only on death row inmates and not the prison population generally. i guess she is only half crazy then. :)",Sarcastic,Sarcastic,Agree,188,36,True,Sarcastic
5421,"'Self-defense' never enters into it, imo. Unwillingness to share ones body is not necessarily self-defense, so this does not apply.",Non-Sarcastic,Non-Sarcastic,Agree,131,20,True,Non-Sarcastic
5423,"i am surprised (well not really) that you don't see the simularity. and, we must not forget the elvis believers too",Sarcastic,Sarcastic,Agree,115,21,True,Sarcastic
5424,"Short, yet pointless.This is the third post in a row where you have utterly and completely failed to address any of the content of what you have quoted from me. Lets see if we can make it FOUR!",Sarcastic,Sarcastic,Agree,193,38,True,Sarcastic
5427,"I'd agree..... faith is a ""leap in the dark"" (or whatever similiar phrase we care to use) on at least some level, there is always an element of the intangible there.I know Christians who have described there faith to me in such terms before.. sounds quite reasonable to me.",Non-Sarcastic,Non-Sarcastic,Agree,273,49,True,Non-Sarcastic
5428,"and how does this differ from life insurance or car insurance? or for credit cards, for that matter? the cost of a policy, or card, is proportional to the risk assumed by the insurer. don't want to pay high premiums, take the risk on yourself. period. i find it morally unacceptable to steal money from people in order to satiate another's morality. we have no god-given right to live forever as far as i know.",Non-Sarcastic,Non-Sarcastic,Agree,410,75,True,Non-Sarcastic
5429,"So the intent hiding behind abortion laws all along was to keep women in the gutter. There was not any legititamte concern for the unborn fetus. It was all about how they could keep women down. Tell me then, would someone who supports a ban on partial birth abortion do so simply because they want to repress women?",Non-Sarcastic,Non-Sarcastic,Agree,315,58,True,Non-Sarcastic
5430,"Yes when not hailing jesus, he likes to leave droppings here and there about the boards ...",Sarcastic,Sarcastic,Agree,91,17,True,Sarcastic
5431,"Except it's not. It's perfectly acceptable to morally disagree with drinking and smoking (and encourage others not to do it) and still believe others should have the freedom to choose for themselves.   chloe,",Non-Sarcastic,Non-Sarcastic,Agree,208,33,True,Non-Sarcastic
5432,"That makes her a Clinton appointee, not a ""good ole Republican"" appointee. 
Nice try, though. emoticonXCensored",Sarcastic,Sarcastic,Agree,112,16,True,Sarcastic
5433,"Well uh I am a fan. & you remind me of Humpty Dumpty.
",Sarcastic,Sarcastic,Agree,55,13,True,Sarcastic
5435,"holy cow! so you are an aussie now? in various other forums you have claimed to be chilean, german, and god knows what else....whatever suited you at that moment. emoticonxrolleyes",Sarcastic,Sarcastic,Agree,180,30,True,Sarcastic
5436,"So it doesn't matter that someone dies in their forties from hunger and cold because they are homeless and penniless, whilst another lives in luxury with the best food and medicines until his 80s: they are both equal? What planet do you live on, for it sure aren't the real world...",Sarcastic,Sarcastic,Agree,282,51,True,Sarcastic
5437,"just curious, but is bassman still a moderator? i remember he and giantoreo were mods not too long ago.",Non-Sarcastic,Non-Sarcastic,Agree,103,19,True,Non-Sarcastic
5438,I predict everyone will now stay away from forums dutch starts. emoticonXFrazzled,Sarcastic,Sarcastic,Agree,81,12,True,Sarcastic
5439,But did you consider it relative when you posted this on another thread?:,Non-Sarcastic,Non-Sarcastic,Agree,73,13,True,Non-Sarcastic
5440,"I don't see how this is not a debate about abortion. True, it's become mildly less concrete, but that's what happens when you try to get it right.",Non-Sarcastic,Non-Sarcastic,Agree,146,28,True,Non-Sarcastic
5441,"Because the soundbite ""survival of the fittest"" was coined to explain evolution to the stupid masses.",Sarcastic,Sarcastic,Agree,101,16,True,Sarcastic
5442,I believe studies have already been done on that subject.,Non-Sarcastic,Non-Sarcastic,Agree,57,10,True,Non-Sarcastic
5443,You just say this because you want to murder helpless wromb-trapped human beings. You cannot just say you personally believe something in a debate.,Non-Sarcastic,Non-Sarcastic,Agree,147,24,True,Non-Sarcastic
5444,"Who is this god you speak of? Can I call him? I have some things I'd like done and he can just say them while on the phone I'm hoping.
-Mach",Sarcastic,Sarcastic,Agree,141,31,True,Sarcastic
5445,Crime has dropped significantly in New York and Los Angeles in recent years. ,Non-Sarcastic,Non-Sarcastic,Agree,77,13,True,Non-Sarcastic
5447,"Nor is there any need for some mythical molecular elemental, nebulas natural selection, or mystical transitionals based on peicemeal forensics and antithestic rhetoric.",Sarcastic,Sarcastic,Agree,168,23,True,Sarcastic
5448,"Well, I suppose creationists would object to careful definition of terms and the assiduous distinguishing of fact from non-fact, wouldn't they? It runs counter to all they hold dear.",Sarcastic,Sarcastic,Agree,182,29,True,Sarcastic
5450,"The logic we use to make statements about reality is derived from the way we observe material things behaving, and that logic is not immutable. Quantum physics demonstrates the fundamentally uncertain nature of reality at very tiny scales: the 'law of excluded middle' in particular taking it firmly in the shorts. Given that logic can vary on such a simple metric as physical scale, your argument is starting to look more than a bit frayed at the edges :)",Sarcastic,Sarcastic,Agree,456,79,True,Sarcastic
5451,"oh yeah man, i'm feeling the love, everything is one and i'm one with everything, there are no distinctions, reality is just an illusion right? what do you call someone who is out of touch with reality?",Sarcastic,Sarcastic,Agree,202,37,True,Sarcastic
5456,You're working at the wrong end of the problem. We need young to survive. It's the old that are expendable.,Non-Sarcastic,Non-Sarcastic,Agree,107,20,True,Non-Sarcastic
5457,"ok, so none can be shown. how many people with a life sentence without parole have died an prison and been innocent?  my point being that a mistake doesn't make the sentence not worth having. in fact, with the death penalty you get more due process than someone with a life sentence...there aren't many advocates for helping those guys out.",Non-Sarcastic,Non-Sarcastic,Agree,340,60,True,Non-Sarcastic
5463,The tooth fairy has a different function than the Easter bunny.,Non-Sarcastic,Non-Sarcastic,Agree,63,11,True,Non-Sarcastic
5464,"I believe suicide is murder, no matter how you look at it. It's already illegal, and if you do it, then chances are you're either taking PCP or are mentally unstable.",Non-Sarcastic,Non-Sarcastic,Agree,166,31,True,Non-Sarcastic
5466,"Since you're so fond of reporting personal attacks to the mod, maybe someone should return the favor to you? emoticonXRolleyes",Sarcastic,Sarcastic,Agree,126,20,True,Sarcastic
5468,"Except that the government was tapping phones, and isn't interfering with freedom of speech. But if you ignore reality, then your parallel kinda works, I guess.",Sarcastic,Sarcastic,Agree,160,26,True,Sarcastic
5471,You are very right. We too will have to pay tax on the insurance for me. Not fair.,Non-Sarcastic,Non-Sarcastic,Agree,82,18,True,Non-Sarcastic
5474,Oh yeah. Multiply your experience by 50 million non-paying and 12Million illegal people and tell me how happy they'd be to serve you.emoticonXCensored,Sarcastic,Sarcastic,Agree,150,23,True,Sarcastic
5477,"A magnanimous troll is nearly an oxymoron but you are a complete m*ron.
NATO was making a valid statement not being a victim..you are the one with the chip on your shoulder whineyemoticonXClown",Sarcastic,Sarcastic,Agree,194,33,True,Sarcastic
5478,"No biggie, right? Typical creationist ""teach the controversy"" stuff. But wait! The ""encyclopedia"" follows this up with it's damning evidence to show the many holes in the ToE! Read on evolutionists, and despair!!",Sarcastic,Sarcastic,Agree,212,33,True,Sarcastic
5479,"What! You mean that WE don't want to do all of those things? Who knew? I didn't get the memo? emoticonXConfused 
And you forgot ""make Seniors eat dog food"". emoticonXGood",Sarcastic,Sarcastic,Agree,171,30,True,Sarcastic
5480,your argument is contradicting how can seeing people naked ifnringe on your personal thought and the other not? also the right isn't to marry whomever neterosexuals want. the limits apply to everyoen equally just people have different preferences.,Non-Sarcastic,Non-Sarcastic,Agree,247,38,True,Non-Sarcastic
5483,you are an idiot and i'm surprised you are able to navigate the internet with a computer. anyone who actually knows how to use a thesaurus can see your incompetence and dishonesty for what it is.,Sarcastic,Sarcastic,Agree,195,36,True,Sarcastic
5484,"Hang in here everyone, Bassman's been reading ""_____""'s posts over and over and they've got him talking about the ""American Holocaust""! emoticonXBanghead 
Until you have been in my exact situation, I wouldn't expect someone like you to understand. I really don't give a emoticonXCensored if you think it is selfish or not - it is not for you to judge.",Sarcastic,Sarcastic,Agree,352,60,True,Sarcastic
5487,"And we know this how? You complain about the 90% figure being erroneous and then make an unsupported statement like this?Furthermore, if Mexico is making an earnest attempt to smash the cartels and we're financing it in part, wouldn't we want to help reduce the weapons traffic flowing south into the cartel's arsenals?",Non-Sarcastic,Non-Sarcastic,Agree,319,53,True,Non-Sarcastic
5488,I thought the almighty expressed his will in the Bible for mortal men to know it...,Non-Sarcastic,Non-Sarcastic,Agree,83,16,True,Non-Sarcastic
5490,But you still feel they have the right idea when it comes to firearms?,Non-Sarcastic,Non-Sarcastic,Agree,70,14,True,Non-Sarcastic
5491,"Yes, any legal argument which relies exclusively on religious doctrine is indeed harboring on freedom of religion infringement. The same holds true for all civil rights which have had opposition from the ""religious-right.""",Non-Sarcastic,Non-Sarcastic,Agree,222,33,True,Non-Sarcastic
5493,"Cheerio and thanks for the examples! Yes these are perfect examples of animals creating ""unnatural"" things- I happen to be thinking of Beavers and their dams but hey, thats just me.",Non-Sarcastic,Non-Sarcastic,Agree,181,31,True,Non-Sarcastic
5494,You know you have outwitted a conservative thinker when they completely dodge the argument you have made.,Sarcastic,Sarcastic,Agree,105,17,True,Sarcastic
5495,They were both created on the sixth day according to Genesis 1.,Non-Sarcastic,Non-Sarcastic,Agree,63,12,True,Non-Sarcastic
5496,"Actually the Apocrypha is made up of pre-Christian texts, and late 4th century is a bit of a stretch for the new testament, certainly all its component texts were widely accepted by the 2nd century. I don't whether it is ""generally accepted"" that the text was altered, it seems to me that you are projecting your own views based on the hypotheses of some scholars on to Biblical scholarship in general.",Non-Sarcastic,Non-Sarcastic,Agree,402,71,True,Non-Sarcastic
5497,"Ah, but the issue in this thread is what the fetus really means to anti-choicers/anti-lifers.",Sarcastic,Sarcastic,Agree,93,15,True,Sarcastic
5498,Because there is no evidence against the virgin birth and there is considerable evidence against Adam -- including the text of Genesis 1.,Non-Sarcastic,Non-Sarcastic,Agree,137,23,True,Non-Sarcastic
5500,"You're missing the point. The ghetto resistance was drastically outmanned and outgunned, and it still took the professional, well armed German military, nearly a month to beat them down into defeat.",Non-Sarcastic,Non-Sarcastic,Agree,198,31,True,Non-Sarcastic
5501,"Yes, I certainly did consider these risks, and the risks at the time were far higher for continuing pregnancy than getting an abortion.",Non-Sarcastic,Non-Sarcastic,Agree,135,23,True,Non-Sarcastic
5506,"Ah, historical inevitability. I had no idea you were a marxist, Steeeeve! Unfortunately for you the same argument applies to the collapse of capitalism. And once again you conflate capitalism and freedom. Have you never heard of anarcho-syndicalism? And why is someone more free when their life is controlled by corporations than when those corporations are restrained by a democratic government?",Sarcastic,Sarcastic,Agree,396,61,True,Sarcastic
5508,i love when my feet get rubbed after a long day. its really relaxing and i dont mind rubbing a mans feet.... as long as they don't stink,Non-Sarcastic,Non-Sarcastic,Agree,136,28,True,Non-Sarcastic
5510,"Yes, it's very subjective. I was using evil as an example that was incorrectly used on the website. Even though evil is subjective, you can still be evil. (you can do evil to take away your goodness, but the only way to make yourself colder is by removing your heat, not adding ""cold"")",Non-Sarcastic,Non-Sarcastic,Agree,285,53,True,Non-Sarcastic
5511,"There isn't anything controversial about the articles claims, it has long been recognised that mammals evolved from reptile stock, who where descended from amphibians whose ancestors where fish.",Non-Sarcastic,Non-Sarcastic,Agree,194,28,True,Non-Sarcastic
5512,"Erm... we are? Levels of CO2 in the atmosphere are usually quoted as parts per million, currently a little over 380ppm, 150 years ago closer to 280. In 1970 about 330ppm.
 Carbon dioxide in the Earth's atmosphere - Wikipedia, the free encyclopedia",Sarcastic,Sarcastic,Agree,248,42,True,Sarcastic
5513,Why should you mutilate your son? Maybe you should have listened,Non-Sarcastic,Non-Sarcastic,Agree,64,11,True,Non-Sarcastic
5516,"Actually it is the creationists who don't know what they are talking about. If they wish to talk about cosmology, then by all means talk about it. Just don't pretend that anything discusses has any bearing on evolutionary theory.",Non-Sarcastic,Non-Sarcastic,Agree,229,39,True,Non-Sarcastic
5519,"i love it when christians say this...pay who, for what, whose sin? if he is god, no one had to die for anything. he could blink his eyes and everything would be as he wanted!",Non-Sarcastic,Non-Sarcastic,Agree,174,35,True,Non-Sarcastic
5520,"Oh my goodness. This is a trick called semantics.   I guess you got sucked in.   Yes, abortion is used as contraception unfortunately.",Sarcastic,Sarcastic,Agree,134,22,True,Sarcastic
5521,"Well! I guess that just showed you guys. It seems that HeavenBound thinks that having a closed mind is a bad thing. And yet,",Sarcastic,Sarcastic,Agree,124,24,True,Sarcastic
5525,"Apparently not.   I live in Utah and every public school has a building on the grounds called the seminary.   In seminary class they teach of all things the book of Mormon.   A Mormon is basically a financial Christian with a whole other book of incredibly stupid poop in it.   These Mormons are as lost a people as you will ever find, totally immersed in a cult fantasy world.   So its not surprising.",Sarcastic,Sarcastic,Agree,402,72,True,Sarcastic
5527,I believe once you have the rights granted persons that they may not be taking away because you are asleep or in a coma. Not unless of course it can be shown that higher brain activity has ceased and there is no reasonable expectation that it could return.,Non-Sarcastic,Non-Sarcastic,Agree,256,48,True,Non-Sarcastic
5528,"dear easyride, although i grew up in annapolis, i never went into the military. the rank of captain is maritime. currently, i run a tourboat in miami. while not strictly a battle field, we see plenty of action. thanks for the help. dear greg, although i would love to cruise through the boards to learn why people become creationists; i don't have the time. i have this poll posted at nearly a dozen other sites and counting.  the demographic information, as well as why, is an attempt to find a statistical thread running through the creationist community.",Non-Sarcastic,Non-Sarcastic,Agree,557,97,True,Non-Sarcastic
5529,"Gee, where does the analogy with computers show this? NOWHERE!
Focus dude. If you are going to address my statements, then address what I was discussing. If you just want to spew out pointless God propaganda, go do it in another thread.",Sarcastic,Sarcastic,Agree,237,42,True,Sarcastic
5530,"Yes, and George Dubya Bush and the GOP know it's unconstitutional.Would it really bother you so much if the feds recognized a Massachusetts or California or New York or New Jersey same-sex marriage while other states like Alabama and Utah could ban same-sex marriage?I could live with that. Most gay people already leave those states anyway.",Non-Sarcastic,Non-Sarcastic,Agree,341,56,True,Non-Sarcastic
5532,i'm always amazed at how women can do stuff with their bodies that make my body react ;),Sarcastic,Sarcastic,Agree,88,18,True,Sarcastic
5533,"Ditto squared. If they support killing a perfectly healthy unborn child, they will argue that the reason stated in the Op is the main reason Abortion is needed and justified. And I must say that if 98% of all abortions were performed for that reason, the public stance against them might not be so strong.",Non-Sarcastic,Non-Sarcastic,Agree,305,55,True,Non-Sarcastic
5535,"No school shootings on Colorado State University, even though they allow concealed carry.   The same is true in Utah, where concealed carry on campus is something the schools can't ban.",Non-Sarcastic,Non-Sarcastic,Agree,185,30,True,Non-Sarcastic
5537,And you're baffled that you don't have more intelligent debate with people. I'm shocked.,Sarcastic,Sarcastic,Agree,88,14,True,Sarcastic
5539,[quote=mae] land that didn't belong to the un or israel. or current american aggression? what's the difference? both are imposing their ideologies by force. you make it sound like choosing a sports team; for or against based on personal opinion.,Non-Sarcastic,Non-Sarcastic,Agree,245,40,True,Non-Sarcastic
5540,So you disapprove of what these gun owners are doing? It's encouraging to see someone on the progun side who can think for themselves and recognize when other people on their side are doing wrong.,Non-Sarcastic,Non-Sarcastic,Agree,196,35,True,Non-Sarcastic
5541,"because all children should have parents who want them dearly.btw, ""moral relativism"" is absurd. a phase people pass through as they discover diversity and is bewildered by it, thinking all are equally valid. it is a stance of both immature/superficial reasoning and moral depravity. ",Non-Sarcastic,Non-Sarcastic,Agree,284,44,True,Non-Sarcastic
5542,"To summarize, since penfolds reasoning has been shown to be both ignorant and short sighted, his only recourse is to offer a trollish quip before skulking away like the irrational philosophical coward that he is. At least you're consistent penfold. emoticonXRolleyes",Sarcastic,Sarcastic,Agree,266,41,True,Sarcastic
5543,"<flush>Just come up with something that discredits the resurrection, if you think you can. Should be easy for you Einsteins, shouldn't it?But in two years I haven't seen it yet. Not from you or anybody else.Where's the beef?",Sarcastic,Sarcastic,Agree,224,38,True,Sarcastic
5545,"obama said no such thing. who said i don't blame loughner? he will be dealt with by the judicial system. but we must take responsibility as a society for the violence that occurs within our communities. he was encouraged, he was incited, he was instigated. do you think that hitler, with his rhetoric, did not bear any responsibility for the night of broken glass?",Non-Sarcastic,Non-Sarcastic,Agree,364,64,True,Non-Sarcastic
5547,Even though I am for gay marriage I do agree. Correlation is not causation.,Non-Sarcastic,Non-Sarcastic,Agree,75,14,True,Non-Sarcastic
5548,"why not invite a bunch of famous people? de niro is an incredibly interesting guy; my brother used to work on many films with him as a lighting specialist. he was one of the few folks that actually got to know him. scorsese, on the other hand, i'm sure, like you said, has tons of stories and anecdotes, all of which i'd love to hear! i've got my fair share of intellectual, spiritually magnificent people: ghandi, nietzsche and morello are all fantastic people.",Non-Sarcastic,Non-Sarcastic,Agree,462,83,True,Non-Sarcastic
5550,sinjin - I didn't mean to imply any linkage between your opinions and those of another poster. Apologies.,Non-Sarcastic,Non-Sarcastic,Agree,105,18,True,Non-Sarcastic
5552,Were most of these people the ones who were too lazy to work?,Sarcastic,Sarcastic,Agree,61,13,True,Sarcastic
5553,is it a new definition of 'control' that is needed? i was thinking maybe my definition of 'freedom' was outdated.,Non-Sarcastic,Non-Sarcastic,Agree,113,20,True,Non-Sarcastic
5557,"But again, that requires a YEC to contradict their belief in the flood. As earlier stated, previous YECs have gone into the field, looked at the data and evidence and abandoned YEC as it makes absolutely no sense. YEC 'science' is not used in hydrocarbon production.",Non-Sarcastic,Non-Sarcastic,Agree,266,46,True,Non-Sarcastic
5559,"does that matter? isn't it obvious? you get your friends to vote you for and it allegedly makes every single one of our failures in the debate no longer matter. exoneration through popularity. quite stupid really, but what can you expect?",Sarcastic,Sarcastic,Agree,238,41,True,Sarcastic
5561,"nor do i understand how buying materialistic items or receiving them is very christian yes!!! thankyou!!! i'm glad someone finally said it! now what was one of the deadly sins of christianity? oh right, greed. hypocrisy much?",Sarcastic,Sarcastic,Agree,225,37,True,Sarcastic
5566,You misunderstand me I believe they should all be locked up. Anyone who preaches against gay people freely living their lives as equal citizens with all the rights and responsibilites should be locked up in the darkest dungeon. There can be no compromise on this issue peoples lives are at stake.,Non-Sarcastic,Non-Sarcastic,Agree,296,51,True,Non-Sarcastic
5572,is homophobia an instinct? because i really have no clue where it came from...,Non-Sarcastic,Non-Sarcastic,Agree,78,14,True,Non-Sarcastic
5573,"Quickdraw Ethmi! Outdraws the baddie and shoots him! Hopefully no more than a quaint fantasy, given his admission of philandering.",Sarcastic,Sarcastic,Agree,130,20,True,Sarcastic
5576,You are jason. And I have proven that you have wrongly slandered me by calling me a hypocrite. I'll expect an apology from you forth with. emoticonXBye,Non-Sarcastic,Non-Sarcastic,Agree,151,27,True,Non-Sarcastic
5577,"Another personal favorite of mine... When I showed up to a seminar hosted by a local creationist, I challenged him to produce a textbook with false evidence. He couldn't. When I brought every last biology and biochemistry textbook from my college career to him for him to scour, he didn't even bother to look.Translation: this claim is XXXX, and Wells knows it.",Sarcastic,Sarcastic,Agree,361,62,True,Sarcastic
5578,Stop trying to muddy the waters. I was talking about developed nations with lower murder rates. You suddenly bring Chicago into the debate- a city with open borders in a nation where guns are freely available. Even if gun control hasn't worked there it doesn't follow that gun laws can't work on a national level. ,Non-Sarcastic,Non-Sarcastic,Agree,314,55,True,Non-Sarcastic
5579,Who said it did? I was only pointing out the absurdity of gun control laws and how they lead to federal overlords deeming that your not capable of playing with matches. (I would not be suprised if this were next.),Sarcastic,Sarcastic,Agree,213,40,True,Sarcastic
5580,"yes if both sides agree to it, as i mentioned in the next sentence, but honestly, how many children do you know or parents that would allow their child to have sex with an adult, as i also said. i guess you never heard of child grooming. no government does not mean no morals or parent leadership. kids are still at the whim of their family. government means enforced morals.",Non-Sarcastic,Non-Sarcastic,Agree,375,70,True,Non-Sarcastic
5582,"To point our an error, i believe the baby was at the infant stage, not the toddler.",Non-Sarcastic,Non-Sarcastic,Agree,83,17,True,Non-Sarcastic
5583,"Really if this is another one of your fresh organic sample = age of decades of time capsule because they were both on top of the ground, you're officially delusional.",Sarcastic,Sarcastic,Agree,166,30,True,Sarcastic
5585,"And I just say that it would be unjust and unfair of you to force metaphysical belief systems of your own which constitute religious belief upon your follows who may believe otherwise than you. Get pregnant and treat your fetus as a full person if you wish, nobody will force you to abort it. Let others follow their own beliefs differing or the same. Otherwise you attempt to obtain justice by doing injustice.Mo",Non-Sarcastic,Non-Sarcastic,Agree,413,73,True,Non-Sarcastic
5586,"Stunning. You're here insulting me even though we agree on this issue. You must really hate me, Antonia.",Sarcastic,Sarcastic,Agree,104,18,True,Sarcastic
5590,"Zing!
And did anyone ever sit down with the Upanishads and compare them to the Sermon on the Mount?
Very suspicious indeed.emoticonXDonno",Sarcastic,Sarcastic,Agree,139,22,True,Sarcastic
5591,Sorry. Disasterous work week. Will post today if that's still okay.   Appologies for the delay.,Non-Sarcastic,Non-Sarcastic,Agree,95,15,True,Non-Sarcastic
5592,"EZ, if the concept of Gay Jesus offends you, why do you bring up the subject incessantly? You're the only one who does this around here. Truly bizarre.For example...",Non-Sarcastic,Non-Sarcastic,Agree,165,29,True,Non-Sarcastic
5594,what's the difference between ignorance and apathy? answer: i don't know and i don't care. emoticonxclown,Non-Sarcastic,Non-Sarcastic,Agree,105,16,True,Non-Sarcastic
5596,"then prove me wrong. you want respect? then earn it. i'll give it to you if you stop meaninglessly attack me with your insults. i'm serious, i'll calm down the second you start delivering real arguments. and 'standard atheist attacks'? wow. you're so close minded, aren't you?",Sarcastic,Sarcastic,Agree,276,47,True,Sarcastic
5597,"It is? I always thought it was a blended pagan/Christian holiday. emoticonXConfused 
",Non-Sarcastic,Non-Sarcastic,Agree,86,12,True,Non-Sarcastic
5598,wow! i didn't know that. thanks! should i read the new york times instead?,Sarcastic,Sarcastic,Agree,74,14,True,Sarcastic
5602,"They would not have to be spontaneous or simultaneous but they would have to exactly copy many structures of each other, highly unlikely.",Non-Sarcastic,Non-Sarcastic,Agree,137,23,True,Non-Sarcastic
5603,"The other forest does not photosynthesize all year round, the other forest is also in just as much danger as the rainforest. For some reason, radical environmentalists choose to place undue emphasis on the de-forestation of rainforest rather than global forest as a whole.",Non-Sarcastic,Non-Sarcastic,Agree,272,44,True,Non-Sarcastic
5604,"Simply pointing out that swords cut in both directions.   Be that as it may, no one has refuted that there are more cases of Concealed Carry Permit holders who have gone off and assaulted people than there have been school shootings.   Care to try? Omegaman tried, failed, and went silent on the topic.",Non-Sarcastic,Non-Sarcastic,Agree,302,53,True,Non-Sarcastic
5606,oh yes this is all over the news in ireland. irish farmers are having a canary that its the end of ireland's sugar industry. and cereal too because of crop rotation. nobody seems to have even thought of the question as to why exactly the eu should pay for an unsustainable industry as oppossed to farmers moving into something profitable. edit: oh and its tied into something about sugar being one of irelands few natural resources. emoticonxbanghead,Sarcastic,Sarcastic,Agree,450,77,True,Sarcastic
5610,The problem here is that Christians (such as I am) consider the Bible to be Proof.,Non-Sarcastic,Non-Sarcastic,Agree,82,16,True,Non-Sarcastic
5612,so we would penalize financially those who want to have kids?,Non-Sarcastic,Non-Sarcastic,Agree,61,11,True,Non-Sarcastic
5613,"As I understand, Scalia and Thomas are some of the most conservative members of the court.",Non-Sarcastic,Non-Sarcastic,Agree,90,16,True,Non-Sarcastic
5615,You draw very interesting conclusions my friend.   If this is your standpoint then what is the purpose of a government?,Non-Sarcastic,Non-Sarcastic,Agree,119,20,True,Non-Sarcastic
5616,"Yes, letting her get an abortion will teach her that unprotected sex at 13 is okay, because she can always go through a dangerous and invasive medical procedure.
In fact, I bet that if she gets that abortion, she's be spreading her legs before the bleeding even fully stops!",Non-Sarcastic,Non-Sarcastic,Agree,275,49,True,Non-Sarcastic
5617,"probably because the article is irrelevant. either way, i posted an article to make you happy so quit compaining and just answer the question with some respect. thanks for just simply answering dog....i'm not sure why it is so complicated. if you don't ask race than how can you be prejudice? there is also no proof that people would currently be discriminated against. but current affirmative action is a topic for another thread.",Non-Sarcastic,Non-Sarcastic,Agree,431,73,True,Non-Sarcastic
5618,"Yes, I believe there will be a lot more to come (as you said, just look at the ""hobbits"" that were recently discovered). I love this sort of look into the migrations of everyone over the last 160,000 years or so.",Non-Sarcastic,Non-Sarcastic,Agree,212,41,True,Non-Sarcastic
5620,how about when it dawns on you who he was when he came the first time? lol! trade in your blinders for some spiritual light!,Non-Sarcastic,Non-Sarcastic,Agree,124,25,True,Non-Sarcastic
5623,how are they not comparable? i have shown how dependency plays a role in both of them. if the rule is dependency (as we have been discussing) then with conjoined twins the dependent one should be allowed to be killed.,Non-Sarcastic,Non-Sarcastic,Agree,217,40,True,Non-Sarcastic
5624,"The evidence that has so far been presented would suggest that he doesn't have the intellectual capacity to plan a p!ss-up in a brewery.
Smiley",Sarcastic,Sarcastic,Agree,144,25,True,Sarcastic
5626,"But rather than be honest about your mistake, you just changed things without paying any attention to the fact that we've shown you have no idea what you're talking about when it comes to the claims of the scientific community.. at least, not until somebody tells you. (And you accuse me of not having a teacher's mentality as I educate you in something you didn't previously know... How pathetic.)
",Sarcastic,Sarcastic,Agree,400,69,True,Sarcastic
5627,"You should use the same quote when whining about use of partial quotes, and not introduce different ones. Nozza made a false assertion and was refuted with his own words. You introduce a different false assertion and fail. Epically.",Sarcastic,Sarcastic,Agree,232,39,True,Sarcastic
5632,"Well... someone hasn't been following the campaigns for the so-called ""protection of marriage"" amendments, federal or state.",Sarcastic,Sarcastic,Agree,124,17,True,Sarcastic
5633,"On the issue of not living at all i""m not shure there is a reasonable answer as to how someone who was never born could possibly recognise not exsisting as being "" worse than living... ""Let me say I personally don't like the idea of aborting a pregnancy. However I can't possibly understand how we would not FIRST adopt all those kids in homes first and then fight the battel for saving the unwanted unborn.",Non-Sarcastic,Non-Sarcastic,Agree,407,75,True,Non-Sarcastic
5634,"Spoken like a true Conservative, not one of those liberal ""compassionate conservatives"". emoticonXGood 
",Sarcastic,Sarcastic,Agree,105,13,True,Sarcastic
5635,"I thought God forbid them to eat dead cows, or was it poultry ? emoticonXRolleyes",Sarcastic,Sarcastic,Agree,81,15,True,Sarcastic
5636,"i probably wasted time creating this debate. everyone knows blacks commit more crime than other races. who in their right mind is going to argue with that? oh wait, aveskde would argue with a sign post if it was crucial to holding his fantastical world-view together, maybe he'll bite. :)  you're projecting. you'll find that few things enrage me or emotionally motivate me.",Sarcastic,Sarcastic,Agree,374,63,True,Sarcastic
5637,no one doubts the adjective sense of the word ;) and what is special about the human aspect? that was my question.,Non-Sarcastic,Non-Sarcastic,Agree,114,22,True,Non-Sarcastic
5638,"so lets ban cars... they kill people... and think all the money could go to public transportation. also we should ban baseball bats as thats the obvious next step in weaponry... don't forget archery... can't have the subjects have any of that... since we are taking away all these weapons to coddle the masses, will the government be disarming too? i see a need for both kinds of weapons as a freeman.",Sarcastic,Sarcastic,Agree,401,72,True,Sarcastic
5639,"Now that is funny, the marie troll not knowing its a troll.",Sarcastic,Sarcastic,Agree,59,12,True,Sarcastic
5646,"Nope. And since the melanic form is the dominant allele, your point is moot.",Sarcastic,Sarcastic,Agree,76,14,True,Sarcastic
5647,"where is here? you don't seem to want to display your location. we all know there's more than one way to become an american citizen. that said, as an american citizen, english is the native tongue. it's the primary language taught in american schools and it's how our government communicates with its citizenry. i'm not really interested in debating this topic with you, it probably should be a thread unto itself. i think dono was merely pointing out that if you want to make a 'snippy' reply, it carries more weight when correctly spelled.",Non-Sarcastic,Non-Sarcastic,Agree,541,94,True,Non-Sarcastic
5648,Really?! Wow! You must know only hardcore pro-lifers. I'm a pro-lifer who believes in birth control and I can rattle the names of about a zillion others who share my opinion. emoticonXWow,Sarcastic,Sarcastic,Agree,187,32,True,Sarcastic
5651,wow. that's an hour's research well-used! can i be your friend?,Sarcastic,Sarcastic,Agree,63,11,True,Sarcastic
5652,"Well, I'm sincere in how I interpreted what he wrote, and I honestly believe that is what he meant.",Sarcastic,Sarcastic,Agree,99,19,True,Sarcastic
5654,"Then by that standard, christianity is horse puckey! Christians contradict each other. Oh! But wait. Anyone who disagrees with you isn't ""really"" a christian.",Non-Sarcastic,Non-Sarcastic,Agree,158,24,True,Non-Sarcastic
5656,"Oh no, I completely hit the point and exposed it for what it is. Your continuing to compare the ID concept to a flat earth belief proves my point even more. That and the fact that you referred to the flying spaghetti monster seven times in your last post.",Sarcastic,Sarcastic,Agree,255,49,True,Sarcastic
5658,Seems short compared to the hit list on infants since the last 36 ...,Non-Sarcastic,Non-Sarcastic,Agree,69,14,True,Non-Sarcastic
5661,"Death might not bother you, but the afterlife is going to be a real killer!",Sarcastic,Sarcastic,Agree,75,15,True,Sarcastic
5663,"**Here you reveal exactly what I've just spoken of--you assume that science and the scientific method equates to, is synonymous with, materialism/mechanism. It most certainly is not. Nor is the accompanying assumption, i.e., that any science which does not strictly adhere to materialust/mechanist assumptions, is not, and cannot be, real science. Equally untrue.Both assertions are unnecessary to an objective approach to science, per se, but are part and parcel of an emotional defence of materialism/mechanism and its biological aspect, RMNS darwinism.",Non-Sarcastic,Non-Sarcastic,Agree,555,81,True,Non-Sarcastic
5665,"You could put it in the form of a resolution, in the debate challanges forum.",Non-Sarcastic,Non-Sarcastic,Agree,77,15,True,Non-Sarcastic
5667,"my sentiments belong right about here.   enraged by health reform, man threatens to kill murray  i am reminded of 'let he who is without sin, cast the first stone.'  so simone. have you ever wished one of us dead? maybe a congressman or a senator? how about president bush or vp chaney?  having experienced some of your and brady's vitriol tirades, i think we all know the answer to that one. the difference is, that, you didn't get caught! emoticonxsmilie",Sarcastic,Sarcastic,Agree,456,80,True,Sarcastic
5668,"""cave men"" did not leave hieroglyphs, unless you want to call ancient Egyptians cave men. The first drawings in caves were found by Marcelino Sanz de Sautuola in 1879.",Non-Sarcastic,Non-Sarcastic,Agree,167,29,True,Non-Sarcastic
5669,And what would that prove? It would certainly show that an animal adapted to survival above the Arctic circle was not adapted to the Arizona desert. Maybe it would indicate that the environmental conditions necessary for the change aren't present in Arizo,Non-Sarcastic,Non-Sarcastic,Agree,255,42,True,Non-Sarcastic
5671,"okay, i guess i'll have to watch the new batman movies soon. what did you think of the opening scene to x2? with nightcrawler trying to assassinate the president? one of my favorite scenes from any movie. yeah, each spider-man movie was worse. last i heard, they are planning a complete reboot without tobey or raimi.",Non-Sarcastic,Non-Sarcastic,Agree,317,56,True,Non-Sarcastic
5676,I've been posting at least a few times a week. That's a lot more than once a month. I pointed out that the US has higher levels of gun crime than most developed nations while you tried to focus on a few tragedies in response to someone questioning the claim that criminals will always get guns. I think it's obvious whose argument is more cherry picked. ,Non-Sarcastic,Non-Sarcastic,Agree,354,66,True,Non-Sarcastic
5679,"The evidence shows that reptiles did give rise to birds, but nothing shows monkeys became humans. Monkeys are far to evolved in their own way to give rise to us.",Non-Sarcastic,Non-Sarcastic,Agree,161,30,True,Non-Sarcastic
5681,You're awfully obcessed with others' foreskin or lack thereof. I think Freud would say that you are suffering from circumsized penis envy. ;),Sarcastic,Sarcastic,Agree,141,23,True,Sarcastic
5683,And instead place my faith in the mythology of nomadic herdsmen? It is much more logical to believe in some all knowing but unknowable magic being who poofed everything into existance and then created all of the evidence to make it appear as if he didn't.,Sarcastic,Sarcastic,Agree,255,46,True,Sarcastic
5684,I think jyoshu has posted a BS meter which is pretty nice.,Non-Sarcastic,Non-Sarcastic,Agree,58,12,True,Non-Sarcastic
5685,A nameless face to the feds? In this era of paranoia and fear and overgrown governments? As if any of us are private and unknown individuals anymore.,Non-Sarcastic,Non-Sarcastic,Agree,149,27,True,Non-Sarcastic
5688,"Well, I have disagreed. But supposing that you are right (and you are not as I have shown), then you have successfully shown that abortion is frowned upon in Scripture. The verses you quote ALL describe the actions in those verses negatively. Congratulations, you proved what you were trying to disprove.",Sarcastic,Sarcastic,Agree,304,51,True,Sarcastic
5690,"This is my understanding as well. Interestingly, concepts only approximate that which they intend to define. Confusion between concept and actuality is fertile ground for misunderstanding.",Sarcastic,Sarcastic,Agree,188,26,True,Sarcastic
5692,"Just another example of using a verse meant for personal use and applying it to wars. Sorry, just doesn't work that way.",Non-Sarcastic,Non-Sarcastic,Agree,120,22,True,Non-Sarcastic
5693,Oh what a shame! Especially if it's true! Where did you get the idea that ID theory is not based on evidence and/or testing?,Sarcastic,Sarcastic,Agree,124,24,True,Sarcastic
5694,"LOL! Dodging the problem Easyrider. So, is sidestepping the best you can do?",Sarcastic,Sarcastic,Agree,76,13,True,Sarcastic
5699,"Wow! ...... If your interpretation were correct, there would be a connection between his post and the USSR! But it's not, and there isn't.",Sarcastic,Sarcastic,Agree,138,24,True,Sarcastic
5700,I think you're mixing up socialist and fascist. Patriotism is anathema to socialism.,Non-Sarcastic,Non-Sarcastic,Agree,84,13,True,Non-Sarcastic
5702,Nice excuse? You mean you want an excuse to have dessert without dinner?,Sarcastic,Sarcastic,Agree,72,13,True,Sarcastic
5707,"sometimes it's fun to play devil's advocate but i guess it's just a people thing. we experience life with these 'rights' and we don't want to give them up, and anyone who brings up an argument against them we shun and flee from.",Non-Sarcastic,Non-Sarcastic,Agree,228,43,True,Non-Sarcastic
5708,"This is not a case of disagreement on the interpretation of evidence, it is science versus science fiction.It is a direct accusation by the CURATOR OF BIRDS for the SMITHSONIAN INSTITUTION against all the proponents of the dino bird story.Not some as you say ""crackpot"" Creationist.These are only two of the many scientist that are embarrassed by the outrageous dishonesty of their contemporaries. .",Non-Sarcastic,Non-Sarcastic,Agree,399,64,True,Non-Sarcastic
5709,"wow many false gods beat an actual one. christinity may only believe in one god, the god.",Sarcastic,Sarcastic,Agree,89,17,True,Sarcastic
5712,does it really matter? the heller decision left the door wide open for most of the restrictions that brady campaign favors. why should this case be any different?,Non-Sarcastic,Non-Sarcastic,Agree,162,28,True,Non-Sarcastic
5714,"Thats a very good question. To be honest - I would prefer no legislation period - but I would not get up in arms about a late term restriction like I described because 1) a fetus could very well survive outside of the mom at that point, 2) most reputable doctors won't conduct an abortion at that stage without a legitimate medical reason anyway.",Non-Sarcastic,Non-Sarcastic,Agree,346,64,True,Non-Sarcastic
5715,"No, but I read some of the evidence and it looked pretty solid. If this person was sentenced to life in prison without parole would you question the verdict?",Non-Sarcastic,Non-Sarcastic,Agree,157,29,True,Non-Sarcastic
5716,"Since it wasn't thought up by Hubble, the rest of your post doesn't follow.",Non-Sarcastic,Non-Sarcastic,Agree,75,14,True,Non-Sarcastic
5720,bwhahahaha! now you are so arrogant as to think you can make up your own words? wow! what an idiot!,Sarcastic,Sarcastic,Agree,99,20,True,Sarcastic
5722,"Gee I wonder if it's bad for a father or mother to provide for their kids, since members of the KKK may do that too and agree with it. emoticonXRolleyes",Sarcastic,Sarcastic,Agree,152,30,True,Sarcastic
5723,If it isn't so hard then why haven't you found it yet? I am still waiting and you becoming cocky is not helping you.,Non-Sarcastic,Non-Sarcastic,Agree,116,24,True,Non-Sarcastic
5724,"Actually, I've been posting more than ever...just not here. This place has become gay central and it bored me. I posted the above because I knew it was a topic near and dear to both of our hearts. emoticon_xkill emoticon_xgood",Sarcastic,Sarcastic,Agree,226,40,True,Sarcastic
5725,"You keep claiming that, but you never reference it. I'd like to see sources and names. Just because evolutionary sources don't claim to be engaging in a PR exercise doesn't mean they aren't doing it. There is plenty of evidence of it, even if they don't honestly admit it.",Non-Sarcastic,Non-Sarcastic,Agree,272,49,True,Non-Sarcastic
5726,What difference does it make? Do you only care about frequent killings and choose to ignore isolated incidents? If so doesn't that mean that innocent people dying only interests you when it's in large enough numbers that you can try and exploit them for your own selfish agendas?,Non-Sarcastic,Non-Sarcastic,Agree,279,48,True,Non-Sarcastic
5727,"I would kind of Like to Discuss your Fascinating use of Caps.   But seriously, your numbers are insane. Somewhere around 8000 gay couples have gotten married in the past couple of years, how in the world do you imagine that they've cost the state hundreds of thousands or millions each? You just made all that up, didn't you?",Sarcastic,Sarcastic,Agree,325,58,True,Sarcastic
5728,"Do me a favor. Write, in your own words, two paragraphs. One explaining the electromagnetic spectrum (and the visible spectrum's place in it), and one discussing rods and cones in the eyes.",Non-Sarcastic,Non-Sarcastic,Agree,189,32,True,Non-Sarcastic
5731,"And if the ""natural process of evolution"" is determined by humans in a university lab, many with an atheist worldview, that clash with something the Bible says, you and Kenneth Miller immediately toss the Bible out and accept what the humans say - no questions asked?",Non-Sarcastic,Non-Sarcastic,Agree,267,46,True,Non-Sarcastic
5734,"Hmmm, well then, God must be unrighteous since we ""evil atheists"" - and tons of other evil people - have not been eliminated. What happened to righteousness NECESSITATING the elimination of evil by killing humans??? Well???
I guess that in addition to being unethical and easily manipulated, your God is also terribly inconsistent.",Sarcastic,Sarcastic,Agree,332,53,True,Sarcastic
5738,"1) Charliegone's article was a published research article.I would love to know where ""NARTH's"" editorial was published, if it even was published.2) NARTH's article DID NOT show any ""higher homosexual activity"" because of legalized gay marriage.It thoroughly failed to show ANY rise in homosexuality in ANY ""gay marriage"" country. It showed some studies which were reportedly done in those countries, but that's it.",Non-Sarcastic,Non-Sarcastic,Agree,414,63,True,Non-Sarcastic
5740,"Yes, everyone is a ""potential"" felon. Fortunately most people never commit a felony. And there are many different types of weapons, all which could be used by previously law abiding citizens to commit an act of violence.",Non-Sarcastic,Non-Sarcastic,Agree,220,37,True,Non-Sarcastic
5743,"its a big-ish book but yes, considering underneath those X's is ""dwarf"".
are you a dwarf gansao?",Non-Sarcastic,Non-Sarcastic,Agree,97,17,True,Non-Sarcastic
5744,"your previous posts never mentioned underage sex with middle age men. underage sex is underage sex, dont try to move the goalposts. why the last five years? you asked if i had children because i stated that modern slasher films were as dangerous as simulated paedophilia. why did you ask?",Non-Sarcastic,Non-Sarcastic,Agree,288,50,True,Non-Sarcastic
5745,"oh..., well..., i guess that makes it ok then ;)",Sarcastic,Sarcastic,Agree,48,10,True,Sarcastic
5747,Well I guess Nato basically::p summed it up:Stupid is as stupid doe's.,Sarcastic,Sarcastic,Agree,70,12,True,Sarcastic
5749,And if the majority supported banning Christianity would that be ok just because the majority supports it? Civil rights should not be up for a vote ever no matter what.,Non-Sarcastic,Non-Sarcastic,Agree,168,30,True,Non-Sarcastic
5750,"i'm always astonished that creationists try the 'lots of cultures have stories about floods' gambit.  yes, lots of cultures have stories about many things. either there was one great flood at one time, or there have been individual floods. since humans tend to congregate in river valleys, i think i know why all the flood stories contradict each other...",Non-Sarcastic,Non-Sarcastic,Agree,355,59,True,Non-Sarcastic
5753,"Oh goody! You're asking for a to-do list!! 
I'm real good at that. Give me a bit to put one together. emoticonXAngel",Sarcastic,Sarcastic,Agree,117,22,True,Sarcastic
5757,Because he was found guilty of murdering a minor rather than an adult. Any crime committed by an adult against a child is more heinous in nature.,Non-Sarcastic,Non-Sarcastic,Agree,145,27,True,Non-Sarcastic
5762,"I agreew with you in principle. However, I see too many flaws in our justice system to make it useful at this point.",Non-Sarcastic,Non-Sarcastic,Agree,116,23,True,Non-Sarcastic
5763,mind if i ask if you drive yet? if so do you have any points on your license? 2mph seriously isn't a huge ammount and neither your speedo or the mobile cameras are usually calibrated to be that accurate.,Non-Sarcastic,Non-Sarcastic,Agree,203,39,True,Non-Sarcastic
5764,"Actually, Creationist babblings have been extensively reviewed by qualified scientists, and found to be pure, undiluted drivel.
emoticonXRolleyes
",Sarcastic,Sarcastic,Agree,148,18,True,Sarcastic
5767,'some people just need killin'' - that sounds just fantastic!,Sarcastic,Sarcastic,Agree,61,10,True,Sarcastic
5768,good grief... satanist?!.. my goodness how can you say such a thing?!  i will have to ban you for even mentioning the concept of it! my dear old fellow!,Sarcastic,Sarcastic,Agree,152,29,True,Sarcastic
5770,"Rahm Emanuel for one. He seems to sum up the message very well.   And then there's Carolyn McCarthy who actually introduced the bill that, if passed into law, would cancel your Second Amendment rights just because your name is on the no fly list.   Just two names, perhaps, but they're the names of people in a very powerful and dangerous position, capable of making very bad things happen.",Non-Sarcastic,Non-Sarcastic,Agree,390,68,True,Non-Sarcastic
5771,"Because the Iliad and Odyssey do not claim to be divine does not mean they should be placed under a different threshold as the Bible. Otherwise, it's special pleading on your part, and thus logically fallacious. This is one of many inconsistencies between skeptics in regards to the scrutiny of the Bible. They are unwilling to put the standards they have on the Bible against other books similar in age. If they did, there would not be a single book left standing.",Non-Sarcastic,Non-Sarcastic,Agree,465,82,True,Non-Sarcastic
5772,"ooh lucy herself. so tell me, just out of curiosity, how do they know how much hair to put on her life size image? i notice she isn't that furry at all. how'd they figure that out from just a few bones? let's see, what do they call people like you at the carnival booths? oh that's right, an easy mark. have you read any other good fairy tales lately pandion, besides lucy that is.",Sarcastic,Sarcastic,Agree,381,75,True,Sarcastic
5774,"No, it's often an emotional show. They choose their families based on submitted videos, usually from families with one or more physically challenged members, then they build them a house to fit their needs.There was one in particular with a blind autistic boy who loved to swing. The joy on his face when he got the new swing would make any sensitive person weep with joy for him. There was another about a deaf couple whose new home included and lot of strobe light signaling systems.BTW, alcohol is a depressant! emoticonXWow",Non-Sarcastic,Non-Sarcastic,Agree,527,91,True,Non-Sarcastic
5775,"You know it's true. Doesn't it make you simmer , considering all that anal fixation you have.",Sarcastic,Sarcastic,Agree,93,17,True,Sarcastic
5778,Not true Our laws were originally founded on the precepts of the 10 commandments........,Non-Sarcastic,Non-Sarcastic,Agree,88,14,True,Non-Sarcastic
5780,"Ha ha, very funny. Did you remember to pay before you pumped that one out?emoticonXClown",Sarcastic,Sarcastic,Agree,88,15,True,Sarcastic
5782,"HA wouldnt you say someone who is really overweight actually has more of a problem with stress on their joints, muscels, heart, and bladder than a woman carrying a small child in her womb? Obesity can demand major scarifices in behavior and diet. Some of ",Sarcastic,Sarcastic,Agree,255,45,True,Sarcastic
5783,"Yet another non-response. (We're not going to have to start counting these, are we?) It fails to address your dilemma of the ""just are"" theories.
",Sarcastic,Sarcastic,Agree,147,25,True,Sarcastic
5786,"oh yes, president obama also has to figure out how to get rid of the bush policy of lies and falseness bush people burrowed into the federal government by bush during his last days as president in order to thwart the spread of science, research and reality.",Sarcastic,Sarcastic,Agree,257,47,True,Sarcastic
5787,"I'm not sure where anyone said it related to evolution, the big bang, etc., but I might have missed something.",Non-Sarcastic,Non-Sarcastic,Agree,110,20,True,Non-Sarcastic
5788,"So, this statement is from a 'law center' that is dedicated to defend the religious freedom for CHristians. Yet, this isn't about 'religion'. Why do I find that hypocritical.",Non-Sarcastic,Non-Sarcastic,Agree,174,29,True,Non-Sarcastic
5789,"I did not know that Obama was of low IQ and a conservative, for he is most assuredly a racism and bigot.",Non-Sarcastic,Non-Sarcastic,Agree,104,22,True,Non-Sarcastic
5790,Actually I don't deal with spanish or french because I don't have to. I speak english. emoticonXRolleyes,Sarcastic,Sarcastic,Agree,104,17,True,Sarcastic
5791,i'm surprised he didn't google it. maybe that's too logical?,Sarcastic,Sarcastic,Agree,60,10,True,Sarcastic
5794,"Wow. I particularly like the part where you criticize someone for a lack of intelligence while making an elementary grammar mistake. It's you're not your.
",Sarcastic,Sarcastic,Agree,156,25,True,Sarcastic
5795,You throw these insults around like you know what your saying. You are really one of the the most self-deluted zealots I've run across. Keep up the good christer work ArchEvil! You're doing a smash-up job convertin' us heathn's. emoticonXAgree,Non-Sarcastic,Non-Sarcastic,Agree,243,40,True,Non-Sarcastic
5797,"Oh, well. Apparently you want to talk molecular chemistry whereas I was hoping to discuss organismic evolution. Too bad. Good luck with anyone who wants to debate your topic, but it just doesn't interest me.",Sarcastic,Sarcastic,Agree,207,35,True,Sarcastic
5798,"Nice spin. Would you have preferred ""the civilized world"" instead? Or Western Civilization or Gay Western Civilization? Your preference? One case in 1959 isn't a pandemic. 
",Sarcastic,Sarcastic,Agree,174,26,True,Sarcastic
5799,"Many natural disasters such as tornados, destructive flood, severe drought probably have something to do with global warming.I don't know which is first regarding these combinations. Maybe flood is caused due to global warming, maybe reverse.These phenomena are related each other, so it can't be seperated when we think about it.Maybe global warming itself is not such a big threat but many disadvantages resulting from this are threats to us.",Non-Sarcastic,Non-Sarcastic,Agree,444,70,True,Non-Sarcastic
5801,gay marriages should be allowed and there should be not hinderence to it dear. y do you wanna become an obstacle in their way. some men have it internally and if they do then let them. y are we to be bothered??,Non-Sarcastic,Non-Sarcastic,Agree,210,42,True,Non-Sarcastic
5802,it is logically impossible to have no beliefs. i'm surprised you even know what 'logic' means or what being 'logical' entails given the poor quality of your arguments.,Non-Sarcastic,Non-Sarcastic,Agree,167,28,True,Non-Sarcastic
5803,"I'm sorry, but that's not what my version said.""No one who has been emasculated by crushing or cutting may enter the assembly of the LORD ."" Emasculated = castrated Emasculation was not an accident. (What this verse has to do with the death penalty is beyond me.)",Sarcastic,Sarcastic,Agree,263,47,True,Sarcastic
5805,Please off one scientific piece of evidence in support of biblical creation.,Non-Sarcastic,Non-Sarcastic,Agree,76,12,True,Non-Sarcastic
5807,"wow. you're such a racist. 'made of cells'? wow. so what if you're not made of cells? you have something against bots, bro? sheesh.",Sarcastic,Sarcastic,Agree,131,24,True,Sarcastic
5809,Say what? You want a scientist to stop short of drawing any conclusion? Well that makes it pretty useless don't ya think? Or would you prefer that rather than stating their honest and best considered opinions that they lie to you and give you an opinion which their best judgement says is wrong? Geez you are just asking for deep deep trouble.,Non-Sarcastic,Non-Sarcastic,Agree,343,62,True,Non-Sarcastic
5810,"If a scientist doesn't believe his test results are accurate, and expects me to place my life savings on his project would that not be pretty stupid.",Non-Sarcastic,Non-Sarcastic,Agree,149,27,True,Non-Sarcastic
5811,"Well, it happens in virtually every thread.Some disagreements are between individuals of essentially the same basic system [Protestant Christian vs Protestant Christian], [atheist rationalist vs atheist rationalist]. Many disagreements are between individual of differing belief systems. In such cases the individuals often use the same word to mean two different things.What is evidence? Well, that will depend on your core belief system. Sacred writings may be excellent evidence for your belief system, but when you say the Qu'ran proves an issue, the Christian says Thats not evidence!.One side tries to convince the other side that their core beliefs are incorrect, so they really have no evidence for their position.",Sarcastic,Sarcastic,Agree,722,109,True,Sarcastic
5813,"Jake,
 Thanks for finding that link again.
 
 Perhaps you can answer the same question I posed to Carla?",Non-Sarcastic,Non-Sarcastic,Agree,107,18,True,Non-Sarcastic
5814,"So Archie goes back, sees whether this thread is one of the few where he doesn't spew the namecalling, then asks somebody to restrict himself to citing this thread as if it's a representative sample.",Non-Sarcastic,Non-Sarcastic,Agree,199,35,True,Non-Sarcastic
5815,"But my point is that the Supreme Court has disagreed. Hence the illegitimate legal doctrine of substantive due process, which maintains that the due process clause can be violated even in cases where due process has been given.",Non-Sarcastic,Non-Sarcastic,Agree,227,38,True,Non-Sarcastic
5816,"Its odd that you would use that concept at all. Do you really think terms used to describe power structures in human organizations are applicable to cells and their subsystems? Genes are the heritable information store of cells, they perform their function, other subsystems perform other functions. The whole constitutes a living cell. The whole who is on top thing is an inapplicable concept. What counts is understanding the functions of the various subsystems. A cell is not a dominance heiracrchy.",Non-Sarcastic,Non-Sarcastic,Agree,502,81,True,Non-Sarcastic
5822,What a shock. None of this has anything to do with what I wrote.,Sarcastic,Sarcastic,Agree,64,14,True,Sarcastic
5824,"Or perhaps Mach just doesn't understand the concept of an 'analogy.'No one was claiming they want 'rights restricted' because of of bathrooms. He's either being beligerent by intentionally portraying the analogy as a premise, or incredibly dense. I'm starting to wonder if it's the latter . . . .",Sarcastic,Sarcastic,Agree,296,49,True,Sarcastic
5827,"just because an admin hasnt noticed, that means you are right? boy, thats some thinking right there. chill out. we can have a civilized debate, or we can try to act like were in 8th grade gym class. your choice.",Sarcastic,Sarcastic,Agree,211,40,True,Sarcastic
5829,"**Sorry to hear you say this. I have never attacked you personally, never said anything like what you accuse me of saying. I have characterized certain ideas, notions, and opinions as stupid and simple-minded, but not you personally. If your personal identity causes you to believe that an attack on those ideas is an attack on you personally, than obviously what I've been saying about your personal commitent and emotional involvement with materialist/mechanist/darwinist/atheism is spot on the money.",Non-Sarcastic,Non-Sarcastic,Agree,503,78,True,Non-Sarcastic
5831,"Notice that nowhere here do you address the claims and evidence -- which the movie apparently lacks -- about the assertions of ""the expelled."" Trying to deflect attention from your inability to respond substantively won't fly with us; these guys are fudging the stories and sharing only selected pieces in a specific attempt to hide what really happened.   For what it's worth, I feel a hell of a lot more vulnerable as an atheist in my profession and location than IDers should feel in research and teaching academia.",Non-Sarcastic,Non-Sarcastic,Agree,518,88,True,Non-Sarcastic
5832,"'Most Biblical scholars'? If you mean they think the letters are forgeries and weren't at least dictated by Paul, then it's just not true that most Biblical scholars think that. I agree in terms of the idea that Paul in some cases had someone else actually put the words on paper and he told them what to write, but that's pretty irrelevant here, IMO.",Non-Sarcastic,Non-Sarcastic,Agree,351,64,True,Non-Sarcastic
5833,"""Lottery""? I hope you don't mean that it is completely random in all cases...
 
 Note: did you notice that this was the position you were arguing against in the previous sentence?",Non-Sarcastic,Non-Sarcastic,Agree,181,31,True,Non-Sarcastic
5834,There are ideals in this world that are better left alone.....lines that should not be crossed. Marriage is an ideal that does not need changing; doing so is crossing that line in the sand that was drawn there for a reason.,Non-Sarcastic,Non-Sarcastic,Agree,223,41,True,Non-Sarcastic
5836,"Don't forget that he's the anti-Christ and wants to starve Seniors and ""babies"". That's part of the DNC mantra too. emoticonXRolleyes",Sarcastic,Sarcastic,Agree,133,21,True,Sarcastic
5838,"It is only difficult to sort out if you are a neocon and fail to recognize that neocons are nothing but militant liberals. 
Bush was BY FAR the most liberal president we have had for at least 20 years. 
Maybe you need to research traditional conservative values.",Non-Sarcastic,Non-Sarcastic,Agree,264,47,True,Non-Sarcastic
5842,"Well, your reasoning is certainly muddled, and it seems to be confused with some sort of twisted socio-political agenda, but I don't think I would characterize your piece a filthy collage. But you can call you stuff what you want.",Sarcastic,Sarcastic,Agree,230,40,True,Sarcastic
5843,"You're somehow right despite the fact that all reliable evidence is on our side? What idiocy.
",Sarcastic,Sarcastic,Agree,95,16,True,Sarcastic
5849,This remains unspecified. (I explained this in the last paragraph),Non-Sarcastic,Non-Sarcastic,Agree,66,10,True,Non-Sarcastic
5852,When the political right was taken over by the religious right.,Non-Sarcastic,Non-Sarcastic,Agree,63,11,True,Non-Sarcastic
5853,"How curious that not everyone can admit that this kind of treatment is wrong. How interesting that another issue comes up instead of addressing the blatant, in-your-face kind of mistreatment of an individual making a private, personal decision.   Like many decisions in life, this is one that is difficult to come to. It doesn't mean it's a wrong one. It's hard because your options are so very serious.",Non-Sarcastic,Non-Sarcastic,Agree,403,68,True,Non-Sarcastic
5854,So there you have it: AMENDMENTS ARE PART OF THE CONSTITUTION.,Non-Sarcastic,Non-Sarcastic,Agree,62,11,True,Non-Sarcastic
5855,"Not all ""orgnansims"" are able to breed. Some are sterile (mules or ones with mutations), some die in the ""lottery"" (which is biased against certain traits), and some simply breed less (those who can't get as much food, for example).",Non-Sarcastic,Non-Sarcastic,Agree,232,40,True,Non-Sarcastic
5857,"Not really when you consider the gun laws of the UK, and how they were changed to prevent incidents like Cumbria from ever happening.",Non-Sarcastic,Non-Sarcastic,Agree,133,24,True,Non-Sarcastic
5859,When was the last mass murder at a UK university then?,Non-Sarcastic,Non-Sarcastic,Agree,54,11,True,Non-Sarcastic
5861,"And like usual, you're wrong   How were those pictures you ordered from Fox? You know the civil war ones with the dinosaur prop for the TV show ""Freaky Links""? Did they cost a lot?",Sarcastic,Sarcastic,Agree,180,34,True,Sarcastic
5862,Ha! There are a lot more gay owned and straight non-homophobic or non-religious businesses than that. Thanks for the cheap and clueless stereotype though!,Sarcastic,Sarcastic,Agree,154,24,True,Sarcastic
5863,"Alrighty then...I will come back after I have ""learnt"" how to spell. :p",Sarcastic,Sarcastic,Agree,71,13,True,Sarcastic
5864,"This sounds even more like a playground. ""I wanted to leave, but he called me a scaredy-cat and threw a stick at me. ""
emoticonXCry",Non-Sarcastic,Non-Sarcastic,Agree,132,25,True,Non-Sarcastic
5871,"1. no, she has a choice, abort or keep and support the child. 2. no, it makes a woman take responsibility for her body, like keeping her legs together. i'm surprised more people aren't in favor of this.",Non-Sarcastic,Non-Sarcastic,Agree,202,38,True,Non-Sarcastic
5874,i am surprised that you were able to give a non troll answer.,Sarcastic,Sarcastic,Agree,61,13,True,Sarcastic
5878,"you're young and ignorant. sorry you didn't care for the response, but i'm not surprised. you're pretty well brainwashed already.",Non-Sarcastic,Non-Sarcastic,Agree,129,20,True,Non-Sarcastic
5879,See above. Give kids credit. You give them a bogus answer and they will know. We have got to stop treating sex like a dirty little secret.,Non-Sarcastic,Non-Sarcastic,Agree,138,27,True,Non-Sarcastic
5880,"that's like making a point that if a woman didn't go out scantily-dressed, there would be no rape in the first place.  i'm flabbergasted you'd even put those two in the same category.  on a side note, where were all you folks with your outrage when this was going on a few years ago: ..... christians in gaza fear for their lives as muslims burn bibles and destroy crosses ",Non-Sarcastic,Non-Sarcastic,Agree,373,69,True,Non-Sarcastic
5882,This is begging so many darn quesions it's boggling my mind!,Non-Sarcastic,Non-Sarcastic,Agree,60,11,True,Non-Sarcastic
5884,So there is nothing that can be called an absolute improvement?Well that certainly drops the chances of evolution producing what we see here today even further.,Non-Sarcastic,Non-Sarcastic,Agree,160,26,True,Non-Sarcastic
5889,"And who is the 'WE' that we trust? The scientists or the theologians, who disagree with each other? 
 
 I am curious for it on my own account.. and not willing just to accept someone's authority saying it happened one way or another.",Non-Sarcastic,Non-Sarcastic,Agree,235,42,True,Non-Sarcastic
5890,LOL. Glad he didn't come across a dung pile while he was fashioning us.,Sarcastic,Sarcastic,Agree,71,14,True,Sarcastic
5895,"So we agree..... What I want to know is why the vocal homosexual 'lobby' insists on the term ""marriage?""   emclean, the sanctity of marriage would not be the only thing about marriage to be (harmed?) changed. The whole definition of marriage would change, too.",Non-Sarcastic,Non-Sarcastic,Agree,260,44,True,Non-Sarcastic
5896,"Oh, gee! There goes my irony meter. It pegged and started smoking at the end of the first sentence. Archy is just being christian by trying to impose his twisted morality on everyone.",Sarcastic,Sarcastic,Agree,183,33,True,Sarcastic
5899,"Under interracial marriage, no black person was prohibited from marrying either.Should people have been satisfied with interracial couples being classified as ""civil unions""?emoticonXFrazzledToday, we recognize that racism is wrong.Yet some people still persist with homophobia. They fail to have a historical context on the real meaning of the methodology they recommend.",Non-Sarcastic,Non-Sarcastic,Agree,372,51,True,Non-Sarcastic
5900,the cinemas here have the similar ads prior to the movie. they also include one about talking during the movie. i'm surprised at how rude people are at the theater nowadays. emoticonxmad,Non-Sarcastic,Non-Sarcastic,Agree,186,32,True,Non-Sarcastic
5901,"By removing you mean Killing the innocent of course, which is different to imprisonment of the criminal.",Sarcastic,Sarcastic,Agree,104,17,True,Sarcastic
5902,"Cute. And I can come up with about 5,000 to 7,000 examples that do have a bright orange muzzle.",Sarcastic,Sarcastic,Agree,95,19,True,Sarcastic
5904,Pro choice is pro child is pro family.   Having access to contraception and to abortion if contraception fails or for other reasons strengthens the family.,Non-Sarcastic,Non-Sarcastic,Agree,155,25,True,Non-Sarcastic
5907,"More bible blather. Facts please!!!!!!!! This is where you can't comprehend. Just because you interpret a bunch of ancient writings in a certain way doesn't make it so. Perhaps you better make another phone call to god for some explanation.
",Sarcastic,Sarcastic,Agree,242,40,True,Sarcastic
5909,"Individual personal accountability without political leveraging onto others in the same party who did not commit the offense?
What a bizarre idea... emoticonXHoho",Sarcastic,Sarcastic,Agree,163,23,True,Sarcastic
5910,"what? blasphemy! how dare you insinuate that i, your creator, am not god! that's it buddy, repent!",Sarcastic,Sarcastic,Agree,98,17,True,Sarcastic
5912,"no, i completely agree. it's frustrating from a woman's point of view also. does this mean that if a father and mother take their child out somewhere, it's solely the woman's responsibility to take care of the child? things should definitely be levelled when it comes to parenting.",Non-Sarcastic,Non-Sarcastic,Agree,281,48,True,Non-Sarcastic
5913,"Well, then. They're not TROO christians. Just ask a certain poster on this board. When I told this certain poster that I have known several clergymen from several Christian denominations who accepted evolutionary theory, that's what he told me.   That certain poster and others would rather claim Newton, who was an arian, as a christian rather than clergymen who accept the divinity of Christ. Those clergy just understand both science and religion better.",Sarcastic,Sarcastic,Agree,457,73,True,Sarcastic
5914,"With a standing president breaking the law to 'protect' you, this should be expected.",Sarcastic,Sarcastic,Agree,85,14,True,Sarcastic
5916,I think it is simply been more socially acceptable for women to cry openly.,Non-Sarcastic,Non-Sarcastic,Agree,75,14,True,Non-Sarcastic
5918,In which you contradict your first clause with the second. You say reason isn't about finding truth; but separating if from what is false; which is to find what is truth!,Non-Sarcastic,Non-Sarcastic,Agree,170,31,True,Non-Sarcastic
5923,"Yeah, renaissance right back to the dark ages, that is what you a holes did the last time you were in charge.",Sarcastic,Sarcastic,Agree,109,22,True,Sarcastic
5924,I notice its typos and mispellings that attract slim jim. Not much on the meat and taters of postings. It does get the other country leftists jumping ugly when they see we can purchase so many firearms freely. The pious wringing of hands and croc tears over the murder rate here versus the rate some where else is unbelieveable. Instead of blaming XXXX poor police work and a joke of a criminal justice system it has to be lack of gun control.,Non-Sarcastic,Non-Sarcastic,Agree,443,82,True,Non-Sarcastic
5928,"and the pro-choicers claim pro-lifers appeal to emotion too much. Nevertheless, I think the embryos would probably be dead if they were just sitting on a counter somewhere so you then save the child.",Non-Sarcastic,Non-Sarcastic,Agree,199,34,True,Non-Sarcastic
5929,"It's the first couple of paragraghs from the article in this weeks NS. If you had an online subscription or got a copy from your newsagent you could read the whole thing, unfortunately with this one the intro rambles on a bit and doesn't get to the point till the second column...",Non-Sarcastic,Non-Sarcastic,Agree,280,52,True,Non-Sarcastic
5931,"As I pointed out, you don't understand what either evolution or natural selection are. Evolution is a change in the relative frequencies in inheritable characteristics in a population over generations. If the number of long haired animals became more frequent in the population, then evolution has occurred. Natural selection may (or may not) be the mechanism that caused the change.",Non-Sarcastic,Non-Sarcastic,Agree,383,60,True,Non-Sarcastic
5940,I'm not the basket case. Your the one that actually BELIEVES in fairytales remember?,Non-Sarcastic,Non-Sarcastic,Agree,84,14,True,Non-Sarcastic
5941,"I see -- in your opinion is it is ""illegitimate"", therefore it must be so. I think I trust the legal opinions of the courts more, but then, they do occasionally make mistakes. It's just not at all obvious they've made one in this instance.",Sarcastic,Sarcastic,Agree,239,45,True,Sarcastic
5946,"what agenda do people wanting to prevent infanticide have, exactly? you're the ones with the agenda, the 'right' just wants to stop killing our progeny. emoticonxrolleyes",Sarcastic,Sarcastic,Agree,170,26,True,Sarcastic
5947,This is exactly he reason it will never happen. Among others.,Non-Sarcastic,Non-Sarcastic,Agree,61,11,True,Non-Sarcastic
5948,"Yeah, there are quite a number of dumb Republican bureacrats running Califorhia.",Sarcastic,Sarcastic,Agree,80,12,True,Sarcastic
5950,"I must agree with Sarge about the homophone,could that be why Mr.Obama appears to stand tall from your view?emoticonXCensored",Sarcastic,Sarcastic,Agree,125,19,True,Sarcastic
5953,"I tried.
Again I say, this discussion has nothing to do with my spiritual integrity. I'm amazed that you are able to judge its soundness from the total lack of related information regarding same.
My suggestion is that you request a total refund of all monies you and any of your associates may have spent on tuition. You were robbed! You might also look into punitive damages. emoticonXBye",Sarcastic,Sarcastic,Agree,391,68,True,Sarcastic
5955,"I agree.That was the most pathetic, dishonest and downright idotic commentary on communism/socialism I've ever encountered. I have a VERY hard time believing that someone could actually post that with a straight face. Good one Comrade Brian. :p Waxy",Sarcastic,Sarcastic,Agree,249,39,True,Sarcastic
5956,"So we should just say ""god did it"", and give up?",Sarcastic,Sarcastic,Agree,48,11,True,Sarcastic
5957,"And woman's law superceeds both, or hasn't your mummy taught you that little lesson yet Hunted?",Sarcastic,Sarcastic,Agree,95,16,True,Sarcastic
5959,"Demolishing your ""rebuttal"" in post #14 does, however. You missed it.",Sarcastic,Sarcastic,Agree,69,11,True,Sarcastic
5962,"Well, that is not what your colleagues quoted herein seem to feel... and that certainly is not what empirical evidence is bearing out. Evolution simply put, is the creation story for secular humanists and nothing more, which in and among itself if fine - I don't personally care if believe we evolved from Mountain Dew, but don't try to pass that off as fact when there is substantial evidence that says otherwise. I am sorry... you have not made a convinving arguement here... and I dare say save your breath, you never will.",Sarcastic,Sarcastic,Agree,526,93,True,Sarcastic
5963,"Liberals love big Gov't. They can't do anything for themselves so they want to rely on the Gov't for everything. Ahhhh you smell that, smells like communism to me. Lets not worry too much about it though, we'll all be equal I'm sure our masters will also have a fun time listening to our ""protests"" once all of our rights have been taken away.",Sarcastic,Sarcastic,Agree,343,64,True,Sarcastic
5965,"it's not a state's issue from a gay rights perspective, if the supreme court of the us rules that discrimination of same-sex couples is illegal in marriage, as it did for inter-racial couples. what would this proposed new contract that resembles marriage, be called? we already have such a contract. there's no need to totally re-invent the wheel at this particular time. foundit is correct. it's telling that this issue only comes up when people are looking for a way to not recognize gay couples in marriage.",Non-Sarcastic,Non-Sarcastic,Agree,510,87,True,Non-Sarcastic
5966,"No no; again, you don't get it. He's only struggling because of people like you who deny the obvious. Rather than listen to what Majerus says about Majerus's project, you're listening to Mr. Mistaken Coyne and the author of the the Science article, which doesn't say what you think it says.",Sarcastic,Sarcastic,Agree,290,51,True,Sarcastic
5967,"
  For the actual difference between these guns and a Real Assault Weapon see this video. 
Soooooooo You were saying?",Sarcastic,Sarcastic,Agree,119,19,True,Sarcastic
5968,"there is plenty of evidence on what kind of marriage the clintons have. i am not making this up out of whole cloth, i am referring to the jr. senator's own words in her memoir 'living history': hillary rodham clinton felt 'dumbfounded, heartbroken and outraged' when she learned of the affair and said that she could 'hardly breathe' when she learned the rumors of the affair were true. 'gulping for air, i started crying and yelling at him: 'what do you mean? why did you lie to me?' mrs clinton writes.  doesn't sound like such a swingin good time ey what? but don't take my word for it, go down to the library and read pg 502.  i stand by my previous thesis.",Sarcastic,Sarcastic,Agree,661,123,True,Sarcastic
5969,"I reap many rewards and then some. emoticonXAngel Saving all your money to buy a perpetual future you think will make you happy, when you know nothing in this world will satisfy you, now that's Stupid. 
Put your questions in the right Forum next time, ok.",Sarcastic,Sarcastic,Agree,256,46,True,Sarcastic
5970,"who said pregnancy is the only bad thing? we already talked about ceverical cancer. furthermore, condoms don't always work...bad protection. maybe not, but wearing a bright red sign that says 'stalk me' sure will get the ones that are out there. your limited world shield you from the realities of life...which is really a bad thing i suppose but it gives a better reason to listen to your parents. aren't you a warm-hearted person you are in cancun talking to people on a pointless forum... does anyone else think this is rather odd?",Sarcastic,Sarcastic,Agree,534,93,True,Sarcastic
5971,"I can see that you're as impressed by PZs propaganda as an infant is with a pacifier Collin, but I'm not. emoticonXFrazzled emoticonXBye",Sarcastic,Sarcastic,Agree,136,23,True,Sarcastic
5972,Yea right just like jolly old England. Tell that tale to the Marines coz this salty old dog ain't buying it.,Sarcastic,Sarcastic,Agree,108,21,True,Sarcastic
5974,If you can't eliminate demand you could try to limit supply and control access to that supply.,Non-Sarcastic,Non-Sarcastic,Agree,94,17,True,Non-Sarcastic
5978,"Yes I do understand this. But you must admit that the instantaneous formation of a living organism, even an extremely primitive one, complete with the complexity of the DNA code as a result of random encounters of atoms and molecules is a little too much to buy. There is evidence right there for creationism. Only intelligence could have formed such an elaborate complex system for the structure of life and its propagation. ",Non-Sarcastic,Non-Sarcastic,Agree,426,72,True,Non-Sarcastic
5979,"I did, you rejected my evidence with your usual excuses. Now, tell me about the big bang.",Non-Sarcastic,Non-Sarcastic,Agree,89,17,True,Non-Sarcastic
5980,"wow, halloween as tolerance education! how unique! i bet there's a university thesis in there somewhere. you've really hit the head on the nail this time. er, i mean....",Sarcastic,Sarcastic,Agree,169,29,True,Sarcastic
5981,So a gun is a fire hazard in a public place? I gotta say the gun haters are getting more creative with their arguments.,Sarcastic,Sarcastic,Agree,119,24,True,Sarcastic
5982,"And then there's this:Alarm at routine patrols by armed police - Crime, UK - The Independent",Non-Sarcastic,Non-Sarcastic,Agree,92,16,True,Non-Sarcastic
5983,"as we've seen in recent years, kids who are bullied can become so anti-social that they become violent, and attack those who've bullied them with weapons and mass murders. i'm not condoning this behavior, but i'm not surprised that it happens. those who support the bullying of gay kids and others...well, you get what you sow.",Non-Sarcastic,Non-Sarcastic,Agree,327,56,True,Non-Sarcastic
5984,but they lack evidence as to why a first trimester fetus should be considered a 'being'. they want to change the law based on metaphysical claims attached to their religion. why don't we make it illegal to work on sunday while we're at it. and why not saturday too? and enough with the bacon already (just for good measure).,Sarcastic,Sarcastic,Agree,324,59,True,Sarcastic
5985,"so you want to try it as a demonstration? i thought not. claims are easy to make but you have produced no evidence but words and only fiction to present.  yep, it is almost there per 100,000. meanwhile, your nation is rising by leaps and bounds and innocent people are being convicted to protect criminals. even dan rather commented on u.k. crime being much worse than any place in america. there is a reason for that....",Non-Sarcastic,Non-Sarcastic,Agree,421,76,True,Non-Sarcastic
5986,ChernobylSoviet Union's polluted land : The Lancet OncologySoviet Pollution: A Lethal Legacy ? Gerd Ludwig PhotographyScienceDirect.com - Global Environmental Change - New data on air pollution in the former Soviet UnionIt doesnt matter if Russia is better or worse now..you blamed capitalism for polution either ignoring or not realising communist countries were even worse.You should look at communist Chinas record on polution,Non-Sarcastic,Non-Sarcastic,Agree,429,62,True,Non-Sarcastic
5987,That just sounds alarmist to me. Do you realize the actual implications of taking away second amendment rights? It is just not going to happen.,Non-Sarcastic,Non-Sarcastic,Agree,143,25,True,Non-Sarcastic
5988,These aren't the only two options available. The many philosophical views of the material world or ethics don't mean these two things don't exist.,Non-Sarcastic,Non-Sarcastic,Agree,146,24,True,Non-Sarcastic
5989,an infant isn't capable of living on its own even after being delivered. what level of support differentiates 'developed enough' from not developed enough? the age in which a premature baby can be kept alive is down in the 5 1/2 month range now and will likely drop further as science continues to progress. so is the distinction that you make based on today's science or something eelse?,Non-Sarcastic,Non-Sarcastic,Agree,388,68,True,Non-Sarcastic
5991,"She could, but not all do :) Despite the fact that it works, there are still unwanted pregnancies :) That doesn't change the fact that a pregnancy would not be pleasant to a woman who does not want to be pregnant :)Forcing pregnancy by law is a step toward fascism.",Non-Sarcastic,Non-Sarcastic,Agree,265,50,True,Non-Sarcastic
5992,"So the ""Origin of Species"" has more information for theistic evolutionists than the Bible does?? Does theistic evolution believe in Satan?",Sarcastic,Sarcastic,Agree,138,21,True,Sarcastic
5994,"Nice try twisting my words, Simone. My post above was an example to show precedence, but you already knew that.
And for the record, I don't see ALL women as a disease, just the dumb ones. :p",Sarcastic,Sarcastic,Agree,191,37,True,Sarcastic
5996,"Quit using movie stars. After Kerry lost, a lot of them got a bad rap and are generally annoying. You're better off corrupting politicians, like that would be hard anyway.",Sarcastic,Sarcastic,Agree,171,30,True,Sarcastic
5997,"Hoooahhhh! The smartest man in the world lives in a failed State and doesn't have the sense to realize it emoticonXGood
Saving California - Michael Reagan - Townhall Conservative
",Sarcastic,Sarcastic,Agree,181,29,True,Sarcastic
5999,"Yes. Because evolution requires an old earth, supersport has lumped geology into the evil conspiracy. As our best explanations for the formation of the earth appeal to cosmology, that field as well as astronomy fall within the realm of quack science, according to supersport. In fact, every scientific discipline that has any connection whatsoever to evolution must be corrupt; obviously, chemistry is one of them (we can't make glycogen or DNA without magical, ""atheistic"" polymerization, right?).",Sarcastic,Sarcastic,Agree,498,76,True,Sarcastic
6000,Clinton gave access to b/c which is known to prevent pregnancies. Bush has reduced access to b/c (including e/c). A primary reason for aborting is money - Americans have been less well off under Bush.,Non-Sarcastic,Non-Sarcastic,Agree,200,35,True,Non-Sarcastic
124,Dragons and Dinosaurs coexisting only recently? hmm when they did dissapear? Maybe Conan the Barbarian killed them all!,Sarcastic,Sarcastic,Agree,119,18,True,Sarcastic
140,"So what? That means in a firefight with police, the criminal will run out of ammunition in a matter of seconds and be ripe for the picking.",Sarcastic,Sarcastic,Agree,139,27,True,Sarcastic
286,"So the initial murder wasn't enough to show ""that they are willing to commit acts of violence""? This makes absolutely no sense.",Sarcastic,Sarcastic,Agree,127,22,True,Sarcastic
296,So? There are other articles and books that do. Is your link the ultimate authority on the cause of crime?,Sarcastic,Sarcastic,Agree,106,20,True,Sarcastic
421,I have an entire New Testament. You've got what - a mouthful of denial? When you get to the level of the NT works let us know.,Sarcastic,Sarcastic,Agree,126,27,True,Sarcastic
429,I still haven't seen an adequate rebuttal to this. Why can't people marry themselves if they are in love with themselves?  I must have missed your response.,Sarcastic,Sarcastic,Agree,156,27,True,Sarcastic
465,"Is this another attempt of yours to paint all that believe in smaller, less-intrusive government as loonies? Very transparent, sorry. :(",Sarcastic,Sarcastic,Agree,136,21,True,Sarcastic
613,Does that mean test tube babies are pure and sinless? If so then why don't we just eradicate that whole phase of passing through the birth canal (if that's what IS where we get our sinful nature) and just have test tube babies! Wheeeee!,Sarcastic,Sarcastic,Agree,236,44,True,Sarcastic
734,Do you have to work at becoming so scientifically illiterate? What ever happened to the creationist chant about evolution being a product of pure chance? You seem to chant all of the other creationist tripe.,Sarcastic,Sarcastic,Agree,207,35,True,Sarcastic
873,so your saying he was 200% god-man? i'm not a mathematician but that can't be right surley.,Sarcastic,Sarcastic,Agree,91,17,True,Sarcastic
1010,"Reading comprehension not among your skill sets eh simone? Splain to us how this 2000+ page monster is going to relieve the problem will you. While you are at it, let us know where you got your fitional 50 million number. Lots of people will die, insurance is no guarantee of life baby. Get real",Sarcastic,Sarcastic,Agree,295,55,True,Sarcastic
1011,"So if Jitobear's mother had the option to abort Jitobear in utero, you want Jitobear to have the same option with any children she carries? That's awfully progressive of you.",Sarcastic,Sarcastic,Agree,174,30,True,Sarcastic
1018,"Selective reading huh? Well, there is none so blind as he who will not see.",Sarcastic,Sarcastic,Agree,75,15,True,Sarcastic
1036,Will the Catholics ever elect somebody who is not a complete knob? He speaks just like he knows something about gay relationships. emoticonXRolleyes,Sarcastic,Sarcastic,Agree,148,23,True,Sarcastic
1074,"Interesting.... have you ever been to a schoolyard recently? I think the ""taunts"" are more directed at gays. Like ""f@ggot"" and ""fairy"". What taunts do you get on a daily basis? What... being called out on your negativity towards the rights of a minority? boo hoo.",Sarcastic,Sarcastic,Agree,263,46,True,Sarcastic
1227,"Tell me genius, how is me accurately and correctly pointing out your mistake colluding to misdirect anyone? Either you are again using words you don't know the meaning of to make such an inaccurate statement, or you're just lying. So which is it penfold, are you ignorant or just being dishonest again? emoticonXConfused",Sarcastic,Sarcastic,Agree,320,53,True,Sarcastic
1258,"Sounds like the same skeptic argument above. I don't know about you Nu Leader, but when I'm certain my mind exists. Are you not certain? You are actually required to be, to deny you exist would require existence, and that would be logically contradictory.",Non-Sarcastic,Non-Sarcastic,Agree,255,44,True,Non-Sarcastic
1491,Your not going to trod out the myth of the smallpox-infected blankets are you? That one's been disproven so many times that even YOU should know that. emoticonXRolleyes,Sarcastic,Sarcastic,Agree,168,28,True,Sarcastic
1528,"Yes, but how do you legally get it into international waters? Once there, where do you go? There aren't too many ports where ordinance is allowed. Since I am a law abiding citizen, where, other than international waters, may I legally have a gun?",Non-Sarcastic,Non-Sarcastic,Agree,246,44,True,Non-Sarcastic
1597,"And if there are two competing hypotheses that are actually hard to choose between? As they get closer, it becomes less possible to choose by instinct or testing. A principle comes in handy.",Non-Sarcastic,Non-Sarcastic,Agree,190,33,True,Non-Sarcastic
1640,"More chattering from the peanut gallery? Haven't gotten the memo, you're no longer a player? Honestly....clamoring for attention is so low budget. No shame.",Sarcastic,Sarcastic,Agree,156,24,True,Sarcastic
1782,"Did you go to college, Trebor? You might want to look up how ""pedophilia"" is spelled. LOL!! Then you can go have a beer with Orion and watch his head swivel.",Sarcastic,Sarcastic,Agree,157,31,True,Sarcastic
1920,"Thanks for what? Pointing out that you have once again misread an article? No problem, I'll be sure to keep up the effort seeing as how you apprecitate so much. emoticonXGood",Sarcastic,Sarcastic,Agree,174,31,True,Sarcastic
2344,Rants? Obsessive-compulsive? How so? I don't insult you with every post as you do me? What's you major problem? Perhaps you need to go pray.,Sarcastic,Sarcastic,Agree,140,25,True,Sarcastic
2538,So they haven't gone into bankruptsy yet? I guess the illegal loans are helping after all. emoticonXRolleyes,Sarcastic,Sarcastic,Agree,108,17,True,Sarcastic
2582,Born again? Pardon me for getting it right the first time. ;),Sarcastic,Sarcastic,Agree,61,12,True,Sarcastic
3179,"Yes. The better question is, did it happen just like in Genises? I don't think so.",Non-Sarcastic,Non-Sarcastic,Agree,82,16,True,Non-Sarcastic
3188,"Kill or be killed, survival of the fittest? No compassion, the rule of tooth and fang? WOW, color me impressed!",Sarcastic,Sarcastic,Agree,111,20,True,Sarcastic
3587,"Do you even read what anyone posts? Try it, you might learn something.......maybe not.......",Sarcastic,Sarcastic,Agree,92,14,True,Sarcastic
3593,The VPC has a political agenda. The FBI? That is like saying I believe Coke taste better than Pepsi because the Coke commericial says so.,Sarcastic,Sarcastic,Agree,137,25,True,Sarcastic
3822,Not even let white people in? I can imagine why your teacher suggested a reality check.,Sarcastic,Sarcastic,Agree,87,16,True,Sarcastic
4288,"WHAT??? Jito, are you saying that motherhood is difficult? emoticonXWow Now that's a shock...",Sarcastic,Sarcastic,Agree,93,14,True,Sarcastic
4326,How many suicide bombers have you herard of wearing a cross? You're assertion is absurd...as usual.,Sarcastic,Sarcastic,Agree,99,16,True,Sarcastic
5015,"Yes, but I think you missed my point. I stated this above, remember the prohabition? People actually drank MORE alchohal. Without a ban, law abiding citizens and criminals will have them, with a ban, there will be just criminals.",Non-Sarcastic,Non-Sarcastic,Agree,229,39,True,Non-Sarcastic
5462,"Did you read the article? A capuchin is type of monkey, in this case, the type that was used in the experiment.",Non-Sarcastic,Non-Sarcastic,Agree,111,22,True,Non-Sarcastic
5649,"And yet you can offer nothing to show it's impossible! It most certainly is a plausible explaination! Fairytale?!? Don't think so, a logical path for the developement of the avian lung.",Non-Sarcastic,Non-Sarcastic,Agree,185,31,True,Non-Sarcastic
